{
    "id": "112404",
    "title": "2024 NBA總冠軍  塞爾提克每個人點滴的累積",
    "date": "2024/06/19",
    "topic": "專題",
    "author_name": "小人物Hans",
    "tags": [
        "波士頓塞爾提克",
        "Bradstevens",
        "Jaylenbrown",
        "Jaysontatum",
        "JrueHoliday",
        "derrickwhite",
        "JoeMazzulla",
        "2024NBAFinals"
    ],
    "article-content": [
        "毫無意外的，波士頓在自家主場全場嘶吼的氣勢下，從第一節開始就強押著小牛打，一路保持著20分左右的領先，穩穩地拿下2024年總冠軍，也是NBA隊史上最多的18座冠軍。",
        "有趣的是，上次波士頓贏得冠軍，正好是16年前的同一天 （6/17/2008）. 而當年的核心球員 Paul Pierce 和 Kevin Garnett，則是在2013年被交易到籃網時，貢獻了2016年能夠選到 Jaylen Brown以及2017年Jayson Tatum的選秀籤。",
        "當然這支球隊的建構，關鍵操盤者是教練轉GM的Brad Stevens，他的幾次操作如下：",
        "－用Kemba Walker交易來Al Horford",
        "－2021風聲鶴唳時堅持不交易Brown",
        "－用Langford、Josh Richardson和首輪籤交易來Derrick White",
        "－在三方交易中用Marcus Smart換來KP還有兩個首輪籤",
        "－續約Jaylen Brown",
        "－把Brogdon和Time Lord換成Jrue Holiday",
        "Brad Stevens 也不是萬能，但是他知道如何找到比他適合完成任務的人才。今年波士頓的詩歌般球流動進攻以及綿密的防守紀律，是年輕的Joe Mazzulla 執教下轉大人達成的。35歲的Mazzulla也成為歷史上自從1969年Bill Russell (同樣是35歲，也是在波士頓) 後最年輕的總冠軍教頭。",
        "Mazzulla 對於球隊文化的影響和改變，可以在賽後訪問觀察到。全隊不論是誰受訪，第一個提到的一定是隊友，團隊，而不是自己。這跟過往一直聽到 \"We gotta trust each other, we gotta share the ball, we gotta play for each other” 和球場上的單打真的是黑與白的對比。",
        "事實上整個決賽，波士頓都能夠透過切入後分球 inside-out 製造3分空擋，一場平均超過14次。除了輸球的G4只有9次。相反的，小牛受限於波士頓限制Luka以外的隊友，平均只有6次。除了贏球G4的12次。",
        "重複講很多次了，波士頓能夠打 5-out 或是4-1 with Holiday at dunker spot 的另一面，就是這個組合能夠在另一端的近似 \"無差別換防\"。今天 Brown on Luka 但是他怎麼換 (除了 KP 腳傷以外) 頂多只是高難度單打投進，隊友幾乎被關機。Josh Green 能投進4個3分球得到15分一部分是針對 KP 在場上時候打drop 防守，但是 Green 在防守端就無法限制波士頓的進攻火力。",
        "Luka 會整個系列賽那麼孤軍無助的最大原因之一? Kyrie Irving 的熄火，尤其是在波士頓花園客場時候: 14.3 pt, 17.3 3p%, 34 FG%. 事實上，自從 Kyrie 去踩 Lucky 後，在波士頓的比賽 0-8。",
        "再提醒一下我們每一個人，Luka 剛在決賽:",
        "29.9 pt (1st)、8.8 reb (1st)、5.6 ast (2nd)、2.6 stl (1st)，數據的表現毋庸置疑。",
        "最後還是要回到這世代波士頓的主角 Jaylen Brown & Jason Tatum. 自從2020以來最多季後賽勝利的兩位球員 Tatum (52), Brown (51). 一起經歷過所有波士頓從 post-I.Thomas era 以來所有的起起伏伏. 賽前 Tatum 表示 Kobe 沒有每次奪冠都拿 FMVP, 他只在意他能不能夠拿到冠軍。而 Brown 拿到 FMVP 後第一句話就是把功勞獻給兄弟們以及他的 “partner in crime” Tatum.",
        "Tatum 決賽平均: 22-8-7, 51 TS%, +6",
        "Brown: 21-5-5, 54 TS%, +14",
        "雖然今天這場關門戰無疑問的是 Tatum 的表現最好，但是一路以來負責防守 Luka 的 Brown 以及除了G4以外的好表現，讓Brown贏得除了2票以外的 FMVP. Tatum 則是成為歷史上第六位領先冠軍球隊得分，籃板，助攻的球員 (Larry Bird 1984, Olajuwon 1994, Duncan 2003, LBJ 2012 2013 2016, Jokic 202), 卻是第一個沒有得到 FMVP 的。",
        "至於Brown，大家一定還記得他剛進聯盟時連運球都不太會，更不要說前三年低於7成的罰球以及第三年平均得分13.0。早在2014年，還在念高中的 Jaylen Brown發了一個 Tweet:",
        "My teacher said she will look me up in the Cobb county jail in 5 years.",
        "2015年他被ESPN評價成為5星球員，committed 去Cal 柏克萊打大學籃球。",
        "2016年他一場NBA比賽都還沒打，就去看當年勇士PK騎士 NBA 決賽時決心自己也要進入NBA決賽。當年波士頓選他時候球迷哀號遍野，他表示會用生命為這城市努力。",
        "Well here you go, congratulations Mr. Brown. 2024 NBA Champion and Finals MVP.",
        "而且看波士頓這個版勢，Celtics王朝才剛開始而已。"
    ]
}