{
    "id": "112447",
    "title": "速談Giddey-Caruso交易案：很久沒有這樣乾脆的一換一了",
    "date": "2024/06/21",
    "topic": "專題",
    "author_name": "KC",
    "tags": [
        "Nba",
        "公牛隊",
        "Sga",
        "雷霆隊",
        "Josh Giddey",
        "Alex Caruso"
    ],
    "article-content": [
        "今年的雷霆無疑是走在正確的道路上。作為重建完成後，轉化成競爭球隊的第一年，例行賽就勢如破竹地直接衝到西區第一。 今年首當其衝的就是確立了雷霆的新三巨頭，Chet、JDub和SGA。但JDub的崛起，犧牲的卻是Josh Giddey。",
        "沒有球的Giddey影響力真的掉太多了，季後賽不管是防守組的Cason Wallace，還是後來取代上先發的得分組Isaiah Joe，配合三巨頭的效果都明顯比較好。因此Giddey的雷霆隊的未來，注定要開始倒數。",
        "Caruso是近年交易市場上最好的3D控球。非常侵略的POA防守，越來越好的三分球，加上一點點的控球能力，本季場均10.1分3.5助攻1.7抄截，且場均Deflection聯盟第一。",
        "雖然我不認為交易來Caruso是最好的人選，尤其雷霆的POA不算少，Dort、SGA和今年的新秀Cason Wallace。但這三位對後衛的防守都比不上防守球隊等級的Caruso，這樁交易也讓Dort的定位已然有更好的代替。未來可以期待16M的Dort，可以搭配選秀權被交易成更高級的大型前鋒人選。比如。。。Kyle Kuzma？",
        "至於Giddey去公牛，對兩者無疑是一種解脫。公牛後衛很多，除了受傷的Ball和LaVine，還有今年表現大躍進的White和不錯的工兵Dosunmu。不過Ball的健康狀況依舊未明，Giddey的交易就是拿回傳統的純控球。",
        "大家還記不記得，Giddey在生涯前兩年作為第二持球點，曾被賦予Jason Kidd 2.0的美名。只不過當球更多交給JDub和Chet，無球狀態的Giddey表現不佳，繼續被拔球權，結果就讓Giddey的表現變得更差。",
        "不過，只要Vucevic還是健康上場，多元的進攻技巧，加上Giddey的進攻創造力。搭配LaVine和DeRozan的單點進攻，這支公牛依舊有看頭。",
        "退一步想，Giddey不太屬於能影響比賽勝負過多的球風，就算公牛打算拆掉LaVine、DeRozan、Ball、Vucevic，等一季，賭明年選秀大年，Giddey和White這個組合在公牛依舊有未來性。"
    ]
}