{
    "id": "112414",
    "title": "達拉斯獨行俠 2024 休賽季前瞻",
    "date": "2024/06/22",
    "topic": "籃球",
    "author_name": "G.T.",
    "tags": [
        "Dallasmavericks",
        "Kyrieirving",
        "DallasMavs",
        "LukaDoncic",
        "達拉斯獨行俠",
        "DerrickJonesJr",
        "NicoHarrison",
        "DereckLivelyll"
    ],
    "article-content": [
        "2024 賽季結束，現在可以肯定的是雙星身邊至少擁有 PJ Washington、Dereck Lively II。甚至 Lively 還有不少的進步空間，往頂級綠葉甚至全明星的潛力邁進。雖然來得不如預期的快，但最終 Nico Harrison 還是找到兩名優質綠葉，作為 Luka Doncic - Kyrie Irving 時代的長期拼圖。",
        "季中交易後到總冠軍賽，支撐獨行俠競爭力的核心是過去被視為弱項的 \"防守、籃板、禁區得分、快節奏球風\"。這也是 Doncic 時代第一次讓人確切地感受到管理層徹底釐清以 Doncic 為核心應該要如何打造球隊、而非一再的試驗和犯錯，捨去過往認為最能放大 Doncic 優勢的半場進攻、5-out 體系，但獨行俠卻因此打出自己的風格、穩定的競爭力。",
        "這季的成績為未來兩三年定調，有了戰績的背書，休賽季第一要務是保留核心輪替、維持陣容穩定，且要避免 Christen Wood、JaVale McGee、Seth Curry 這類能短期彌補陣型缺陷、卻與球隊風格矛盾的引援。",
        "以下是筆者認為的球員交易機率：",
        "休賽季最高原則是 \"維持陣容穩定\"，陣容磨合是球隊戰力的重要因素，也是 Kidd 時代球隊一直缺乏的，因此沒有理由在這個休賽季動到上述核心五人。",
        "這個休賽季能夠動用的選秀權資產：2024 第 58 順位 (只能選秀當天操作)、2025 暴龍次輪籤、2025 首輪互換權、2026 首輪互換權、2031 首輪和次輪。為了組出今年的陣容，獨行俠已經耗盡了幾乎所有資產。",
        "獨行俠目前的陣容缺陷：",
        "根據上述的需求，Makal Bridges 、OG Anunoby  是現有陣容的天菜。但獨行俠手上資產稀少，這類市場難得一見的球員不可能在這個休賽季得到。",
        "次一階的側翼與 Jones 相比，能繳出一樣優秀的 POA 防守的選項已經不多，在自由市場或是可能被交易的更少，因此留下 Jones 是休賽季的最好選擇。",
        "最好的情況是 Jones 願意用三百多萬續留一年、明年取得早鳥權後再續約 (類似前幾年 Bobby Portis)，不然沒有鳥權的獨行俠勢必要交易清出空間。下半季與新體系水土不服、1600 萬到期約的 Hardaway 首當其衝，若無法順利出清，才會再考慮賣相更好的 Green 或 Kleber。",
        "上述的陣容缺陷，在留下 Jones 的前提下，第一項可以修改成 \"能進季後賽輪替的 3D 球員\"。",
        "用剩餘的資產和可動用的球員，筆者認為可以觀察的潛在交易目標：",
        "自由市場上，由於薪資距離硬上限太近，中產甚至簽換收進球員都不實際，很難簽到市場上比較熱門的球員，因此只能瞄準底薪附近的戰力。",
        "類似 Markelle Fultz、Gary Harris、Robert Covington、Nicolas Batum、Alec Burks、Taurean Prince、Patrick Beverley、Reggie Bullock、Torrey Craig、Dennis Smith Jr.、Spencer Dinwiddie 是可以觀察的目標。",
        "休賽季補強是必須的。西區競爭激烈，金塊仍坐擁聯盟頂尖的先發五人，雷霆則是吸收寶貴的季後賽經驗，同時手上有豐富的補強資源 (且已經補進了 Alex Caruso)，有機會在現有的基礎上引進明星、組成類似今年塞爾提克那樣一支獨秀的陣容強度，雖然休賽季才剛開始，但預計下季會類似本季，西區真正缺乏競爭力的大約只有三隊。",
        "獨行俠已找到清晰定位，今年只要續約 Jones，季後賽最重要的六名戰力全員留隊，這組陣容更多時間的磨合、Lively、Hardy、O-Max 等人的成長本身已能算做小補強，Harrison 相比前幾年的工作相對輕鬆。休賽季可能只是小修小補，補上目前陣容最缺乏的部分，方向上應會往輪替第七人、3D、替補火力為主，Harrison 能否再次繳出漂亮的操作值得期待。",
        "2024 賽季結束，現在可以肯定的是雙星身邊至少擁有 PJ Washington、Dereck Lively II。甚至 Lively 還有不少的進步空間，往頂級綠葉甚至全明星的潛力邁進。雖然來得不如預期的快，但最終 Nico Harrison 還是找到兩名優質綠葉，作為 Luka Doncic - Kyrie Irving 時代的長期拼圖。",
        "季中交易後到總冠軍賽，支撐獨行俠競爭力的核心是過去被視為弱項的 \"防守、籃板、禁區得分、快節奏球風\"。這也是 Doncic 時代第一次讓人確切地感受到管理層徹底釐清以 Doncic 為核心應該要如何打造球隊、而非一再的試驗和犯錯，捨去過往認為最能放大 Doncic 優勢的半場進攻、5-out 體系，但獨行俠卻因此打出自己的風格、穩定的競爭力。",
        "這季的成績為未來兩三年定調，有了戰績的背書，休賽季第一要務是保留核心輪替、維持陣容穩定，且要避免 Christen Wood、JaVale McGee、Seth Curry 這類能短期彌補陣型缺陷、卻與球隊風格矛盾的引援。",
        "以下是筆者認為的球員交易機率：",
        "休賽季最高原則是 \"維持陣容穩定\"，陣容磨合是球隊戰力的重要因素，也是 Kidd 時代球隊一直缺乏的，因此沒有理由在這個休賽季動到上述核心五人。",
        "這個休賽季能夠動用的選秀權資產：2024 第 58 順位 (只能選秀當天操作)、2025 暴龍次輪籤、2025 首輪互換權、2026 首輪互換權、2031 首輪和次輪。為了組出今年的陣容，獨行俠已經耗盡了幾乎所有資產。",
        "獨行俠目前的陣容缺陷：",
        "根據上述的需求，Makal Bridges 、OG Anunoby  是現有陣容的天菜。但獨行俠手上資產稀少，這類市場難得一見的球員不可能在這個休賽季得到。",
        "次一階的側翼與 Jones 相比，能繳出一樣優秀的 POA 防守的選項已經不多，在自由市場或是可能被交易的更少，因此留下 Jones 是休賽季的最好選擇。",
        "最好的情況是 Jones 願意用三百多萬續留一年、明年取得早鳥權後再續約 (類似前幾年 Bobby Portis)，不然沒有鳥權的獨行俠勢必要交易清出空間。下半季與新體系水土不服、1600 萬到期約的 Hardaway 首當其衝，若無法順利出清，才會再考慮賣相更好的 Green 或 Kleber。",
        "上述的陣容缺陷，在留下 Jones 的前提下，第一項可以修改成 \"能進季後賽輪替的 3D 球員\"。",
        "用剩餘的資產和可動用的球員，筆者認為可以觀察的潛在交易目標："
    ]
}