{
    "id": "112487",
    "title": "《舊將何在？》雷霆──Kevin Martin：我不是歸人，是個過客",
    "date": "2024/06/24",
    "topic": "專題",
    "author_name": "Harris",
    "tags": [
        "奧克拉荷馬雷霆",
        "舊將何在",
        "James Harden",
        "Kevin Durant",
        "Russell Westbrook",
        "Sam Presti",
        "Kevin Martin"
    ],
    "article-content": [
        "2012年10月27日，Kevin Martin在奧蘭多的一家飯店房間接到經紀人Dan Fegan的電話，他被交易了。",
        "NBA熱身賽正如火如荼地進行，當全世界都以為James Harden會與雷霆達成延長續約時，雷霆總管Sam Presti閃電發動交易，將James Harden、Cole Aldrich、Daequan Cook和Lazar Hayward送往火箭，換來Kevin Martin、Jeremy Lamb、2013年首輪選秀權（Steven Adams）、2013年次輪選秀權（Alex Abrines）和2014年首輪選秀權（Mitch McGary）。",
        "Martin對這筆交易抱著非常複雜的心情。他不擔心球場上的問題，他已經在NBA打了8個賽季，在被交易到雷霆之前，他是場均可以得到18.4分的準明星得分手，有6個賽季場均得分超過20分；他擔心的是球場下的問題，考慮到Harden和Kevin Durant、Russell Westbrook的緊密關係，他擔心Harden離開後，新隊友們是否歡迎他這個「外人」的加入。",
        "「我不想進去然後打亂他們已經建立的一切。」Martin說。",
        "所幸，Durant和Kendrick Perkins的電話馬上讓他鬆了一口氣。",
        "「當我被交易到那裡的時候，他（Durant）是第一個傳訊息給我的人，」Martin回憶，「我不會忘記球隊和社群上下是如何接納我的，他們讓我在那樣的大交易之後感到安心。」",
        "「我希望讓他盡可能地感到舒適並順利度過過渡期，」Durant說，「作為球隊的領袖，我認為我有義務這麼做。我只是告訴他，我們歡迎他，而且期待他的加入。」",
        "Martin來自俄亥俄州（Ohio）的曾斯維爾（Zanesville），那是一個人口僅25000人的小鎮，因此他很快就適應了奧克拉荷馬的生活。「在休士頓和沙加緬度，我可能沒有那麼常出門。奧克拉荷馬讓我想起俄亥俄州，這裡就像我的家鄉一樣，我很享受現在的生活。」Martin說。",
        "對Martin來說，在這個時間點加入雷霆是個千載難逢的好機會。在國王和火箭的8個球季，他只參加過兩次季後賽，加入雷霆不只意味著終結連續6年的季後賽荒，更給了他一個直接挑戰冠軍金盃的機會。",
        "有一天早上，Martin準備到球館訓練，但他發現自己遲到了。「我們的訓練是從早上11點開始，我會在8點半到球館，然後我就看到Russell和Kevin正在場上練球。」Martin說，「Kevin和Russell建立了基調，他們是很特別的超級巨星，他們努力工作，而且要求每個人都要有責任心。」",
        "「這是一種非常奇妙的感覺，我每天都很期待早上醒來去訓練、努力工作，我們專注於重返總冠軍賽並贏得冠軍，我很興奮能在現在這樣的氛圍中打球。」",
        "Martin生涯大部分時間都是擔任先發球員，但來到雷霆後，他欣然接下Harden留下的第六人空缺，自新秀年以來再次從板凳出發。",
        "作為前後兩任第六人，Martin與Harden之間自然少不了比較。Martin整個賽季貢獻14.0分/1.4助攻/三分命中率42.6%，略遜於前一年Harden的16.8分/3.7助攻/三分命中率39.0％。有別於擅長持球、多才多藝的Harden，Martin更多地扮演一個接應射手的角色。儘管Martin能做的事沒有Harden那麼多，但他不需要運球就能得分的球路也讓Durant和Westbrook有更多的發揮空間。",
        "「他可以在任何體系做出貢獻。」Durant說，「他不需要拿球就可以發揮作用，他能夠很好地配合隊友，投藍、切入、站上罰球線，他和Russell、Serge (Ibaka) 還有我配合得非常好。」",
        "很顯然地，取代Harden的定位並不是件容易的事，但Martin適應得很快。「那很艱難，他扮演的角色和他整個生涯所扮演的角色不同，」雷霆老將Nick Collison說，「當你的角色（替補）發揮空間有限時，你必須提高效率。我認為他做得很好，他是那種你可以把他放到場上，他會有信心出手投籃並嘗試得分的人。」",
        "儘管沒有Harden，2012～13賽季的雷霆依然勢不可擋，連續四季把勝場數推高，最終以60勝22負的西區第一戰績進入季後賽。",
        "不過隨著賽季進行，開季表現火燙的Martin在賽季後段的表現越來越不穩定，不只投藍準度有所下滑，出手數也減少到不到10次，第三得分手的角色一度被Ibaka取代，進攻企圖心不足成為季後賽一大隱憂。",
        "季後賽第一輪面對老東家火箭，雷霆前三場取得3-0絕對領先，但第三場Westbrook右膝遭到Patrick Beverley撞擊，半月板撕裂宣告賽季報銷。這是Martin理應挺身而出、扛起第二得分手的時候，但他在關鍵的G5卻打出生涯最差表現，全場10投1中只得到3分，目送火箭將系列賽逼向第六場。",
        "「G5之後的48小時，我感覺非常糟糕，我甚至不敢看隊友們的眼睛。」Martin說。",
        "「Harden比他更好」、「交易他是個錯誤」等輿論一個個冒出，但Martin還是在G6重整旗鼓。他扛起上半場Durant手感不佳的期間，半場砍進3顆3分球狂砍21分，最後以全場25分的表現成功關門，幫助雷霆打進第二輪。",
        "G5賽後，Durant傳了一封簡訊給Martin，相信他會在G6迎來反彈。「我相信他會站出來，展現侵略性，並打出一場非常棒的比賽。」Durant說，「他是一位出色的得分手，上半場當我陷入困境時，他扛著我們前進。」",
        "可惜的是，Westbrook的傷退終究曝露出雷霆交易走Harden的弊端。儘管Martin在第二輪G1砍進25分幫助雷霆險勝灰熊，但這也是他雷霆生涯的最後一舞。事後來看，如果那個系列賽球風更全面、能持球打擋拆的Harden還在，或許雷霆還有與灰熊一戰的資本。但如果終究是如果，隨著系列賽以1-4結束，Martin短暫的雷霆生涯也畫下句點。",
        "賽季結束後，雷霆沒有與Martin達成續約。一來在新版CBA與豪華稅制度的壓力下，既然雷霆不願意為了Harden支付豪華稅，自然也不會為了續約Martin而付錢；二來當時雷霆板凳有兩名年輕後衛正在冉冉升起，Reggie Jackson在季後賽打出異軍突起的表現，Jeremy Lamb的潛力也備受期待。Martin最後以一紙4年28M合約加入灰狼。",
        "綜觀Martin與雷霆短暫一年的合作，他的得分手段與企圖心確實不如Harden，但以第六人來說也算得上稱職。若是Westbrook沒有意外遭受大傷，那年的雷霆真的非常有機會再度闖進總冠軍賽，甚至拿下冠軍。隨著Martin離開，隊史最強的60勝雷霆也開始走向衰退。儘管後來兩度叩關西區決賽，但真實實力已經比不上當年的雷霆。",
        "「當我在那裡（雷霆）時，我們真的覺得是時候（贏得冠軍）了，但Russell的傷病改變了一切。」Martin說。",
        "「我在開幕戰那天晚上加入球隊，不知道會發生什麼事。從第一天起，他們就像家人一樣接納我。在奧克拉荷馬打球是我作為NBA球員最美好的經歷之一。（One of my greatest experiences）」"
    ]
}