{
    "id": "112555",
    "title": "NBA》王朝走向盡頭？ 勇士的遲暮與未來",
    "date": "2024/06/28",
    "topic": "籃球",
    "author_name": "運動視界編輯",
    "tags": [
        "金州勇士",
        "Draymond Green",
        "Steve Kerr",
        "Stephen Curry",
        "Klay Thompson",
        "Andrew Wiggins",
        "Chris Paul"
    ],
    "article-content": [
        "勇士想再用原班核心去奪冠，但機率真的很低。",
        "想欣賞彩虹，就得先忍受下雨。然而，如果雨沒有放晴的時候，還有意義嗎？每個人遇到消亡的時間雖然不一樣，但終究都得遇到。個體衰弱到最萎靡的時候，就不可能重回一模一樣的巔峰，而衰弱的過程十之八九都很難堪。",
        "十年前，勇士橫空出世後，一路經歷不少榮光，也遇到數次的重挫。即便遇到的挫折帶來的痛苦可能強過以前其他王朝球隊所經歷過的，但一切都值得。",
        "2015年到2019年間經歷五年三冠的榮光後，曾經被認為王朝早已解體，卻在2022年用原本的核心陣容重回巔峰。在2022年，經歷了前兩年的不振及大大地被看衰後，勇士用奪冠去提醒大家別忘記了他們的強大。",
        "然而，今年的失利跟前幾年的失利不一樣。",
        "勇士在今年的季後附加賽被國王以24分的分差痛擊。該場比賽中，不論是身體對抗還是場上技術，勇士完全被國王輾壓。看完該場比賽，勇士這組核心陣容的榮景應該畫下休止符了，而非前幾年的短暫失利而已。",
        "勇士在附加賽直接被KO，這宣告一代王朝的終結。勇士主帥Steve Kerr賽後記者會說道：「很幸運能跟這些厲害的球員一起走到這裡，有著曾經數次參加總決賽和奪冠的最高榮譽。有高就有低，生活就是如此，不可能一直保持在巔峰。」",
        "附加賽輸了後，勇士整隊顯得相當沮喪。無法打進季後賽雖然會給球員帶來失落，不過勇士整隊的難過情緒遠強過一般季後賽淘汰的失望。賽後記者會裡，主帥Kerr在對子弟兵傳達熱愛和感激之情，Draymond Green則異常地壓抑，回答問題前，偶爾還兩眼空洞地盯著檯下的記者們。",
        "Stephen Curry跟以往一樣專業，給出審慎思考和尋常的回答，但他不僅將「受挫」和「失望」去形容附加賽的失利，還用來表達球隊在整個賽季感受到的上上下下。",
        "每位勇士球員的賽後發言都談到他們仍然認為這支團隊有能力去贏得總冠軍。然而，如何實現這個理想相當難。",
        "大家都認為本季的勇士有良好的團隊默契。下半季的39場比賽裡，勇士拿下27勝，用火熱的狀態進入附加賽，並似乎發現Green扛5號位可以將團隊的潛力釋放出來。另外，三年級生Jonathan Kuminga今年的表現大躍進，再加上好幾名新秀的成績超乎原本的預期。",
        "儘管如此，附加賽的第一場就慘敗收場。",
        "勇士的下賽季能更好嗎？核心球員的年紀都已進入了籃球員生涯的尾端，而年輕一輩的球員能扛起重責的目前似乎只有Kuminga。雖然Kuminga好像能蛻變成明星球員，不過現階段的他還不夠穩定。",
        "之前Kerr曾說過當Curry不在場時，Chris Paul是所有球員之中能讓球隊表現最讓人放心的球員，不過本季補進CP3後，Curry還是燃燒殆盡，因為勇士只有他能夠穩定地爲自己和隊友創造進攻機會。",
        "勇士遇到最棘手的問題或許是西區已經有好幾支球隊崛起。本季試圖尋求衛冕的金塊有兩名大將都還未滿30歲。此外，今年西區例行賽戰績第一的雷霆則是聯盟平均年齡最年輕的球隊之一。至於灰狼，陣中擁有的超級球星Anthony Edwards才22歲。本季，拿下46勝只讓勇士勉強拿到西區第10名，而團隊則在第一場附加賽就被擊敗。下季，能期待勇士能將戰績往前推進嗎？",
        "Green在附加賽後受訪說道：「不是進步，就是退步，聯盟的水準一直在前進，之後還會變得更好，所以我們得想辦法跟上。」如何改進的第一個難題落在總理Mike Dunleavy Jr.的肩上，因為他和制服組得決定開價多少給Klay Thompson。",
        "Thompson在季末將成為非受限自由球員。本季，他的場均得分(將近18分)及三分命中率(38.7%)都相當亮眼，但他在附加賽的貢獻慘不忍睹。附加賽裡，他出手10次盡墨，生涯首次在季後賽裡整場得分掛蛋。Thompson在附加賽的失常不算首例，過去兩季，隨著隊友在場上對他的信任變少，他常常在重要比賽裡無法貢獻。",
        "Kerr、Curry、Green都希望Thompson能留隊，因為他是跟他們一起打天下的兄弟跟戰士。目前，他仍然是有戰力的球員。就算他的穩定性跟速度不斷下滑，勇士王朝的班底依舊不可能想要看到Thompson離去。",
        "Kerr提到球隊需要Thompson能製造出的進攻空間，因為即便隊上有一些頂級射手，不過替補的射手卻不夠。Green則暗示了就算管理層認為簽回Thompson不是最明智的舉動，終究會留住他，以肯定他在過往對球隊所做出的貢獻。",
        "Green受訪時說道：「我認為球團會善待我們，像我們對球隊的付出一樣。Thompson握有最終的決定權。很多球團只會選擇做出對團隊最有利的決定，不過勇士可不一樣。」",
        "由於已用大約綁住Green、Curry、Kerr，除了Thompson的薪資談判，勇士另一個棘手難題是CP3的去留。他在下季的年薪為3,000萬美元，其中1,600萬美元受到保障。勇士每名球員都表示過不論場上或場下，或多或少都得到CP3的幫助。",
        "然而，就算如此，他是名即將39歲的6呎(約180公分)老將，而勇士整隊的身材跟速度遠遠不足。Kerr曾說過很難讓CP3享受到他本人想要的上場時間，因為他的身材很難讓他跟像是Curry這樣的頂尖球員一起在場太長時間。因此，勇士肯定想交易CP3，不過球團是否能用他的交易帶來實質改變？",
        "Andrew Wiggins的交易抉擇困擾不亞於CP3。由於他在本季的表現不好，交易價值受到嚴重影響。將表現變好的Kuminga納入交易包似乎不是勇士的選項，讓出其他年輕球員(Brandin Podziemski、Trayce Jackson-Davis、Moses Moody)似乎又不足以換到一名球星。",
        "勇士似乎認為用原班核心還可以衝擊一座總冠軍，不過現實狀況預示著原班陣容的前景並不樂觀。休賽季的微調不足以讓大家看到Curry、Thompson、Green三人在未來一起高捧冠軍金盃。即便還保有實力，不過他們是否明白若想再次獲得最高榮譽，勢必得重新組團。",
        "附加賽被淘汰後的第二天，Curry受訪時說：「到頭來，終究想贏球，我知道這完全可實現。休賽季裡，將會有內部間會有很多意見交換，並試著讓團隊成為一支可贏球的球隊。不論怎樣，我希望最終能看到球隊能取勝。」",
        "【特約編輯 施童倫／責任編輯 謝一謙】",
        "🔥更多最新 NBA 精選好文："
    ]
}