{
    "id": "112594",
    "title": "2024 NBA 賽季贏家和輸家",
    "date": "2024/06/26",
    "topic": "籃球",
    "author_name": "體育情報觀察室",
    "tags": [
        "Draymond Green",
        "Anthony Edwards",
        "Boston Celtics",
        "Jalen Brunson",
        "Phoenix Suns"
    ],
    "article-content": [
        "贏家們",
        "1. Boston Celtics",
        "第一個贏家不用說大家也猜到了，就是凱爾特人。從 Brad Stevens 交易獲得 Jrue Holiday 和 Kristaps Porzingis 開始，到 Jayson Tatum, Jaylen Brown 和 Derrick White 等球員本賽季的成長，凱爾特人在常規賽取得64勝18負的佳績，更以16勝3負的驚人戰績統治季後賽，從而榮獲總冠軍。球隊的雙子星更是成為 NBA 現今最強的二人組，能夠在攻防兩端提供出色的戰力，並為球隊帶來激情和動力。",
        "2. Anthony Edwards",
        "Edwards 在今年常規賽場均 25.9分，5.4籃板，5.1助攻，在 MVP 票選排名第7，成為 Clutch Player of the Year ，NBA 全明星 和 All-NBA 第二陣容的一員。他在季後賽更是大放異彩，進一步鞏固聯盟頂級分衛的地位，在對陣太陽的系列賽更是場均拿到 31分，8籃板，6.3助攻。筆者相信22歲的 Edwards 在聯盟有一片光明的未來。",
        "3. New York Knicks 和 Jalen Brunson",
        "以 Brunson 為首的 Villanova 戰隊（當中還有 Donte DiVincenzo 和 Josh Hart）和尼克斯在這個賽季可以說是互相成就。Brunson 可以說是繼 Carmelo Anthony，Allan Houston 和 Patrick Ewing 後，又一個在尼克斯誕生的巨星，本賽季場均貢獻 28.7分，3.6籃板，6.7助攻，命中率為47.9%，三分命中率高達40.1%。除此之外，更是在 MVP 票選位列第5，首次入選全明星及 All-NBA 第二陣容。而尼克斯如果不是因為傷病原因，是有很大機會挺進今年東部決賽的。",
        "其他值得一提的贏家：獨行俠，雷霆，步行者，Victor Wenbanyama",
        "輸家們",
        "1. Phoenix Suns",
        "太陽隊這個賽季可謂是讓人大跌眼鏡。他們組成的豪華三巨頭（Kevin Durant，Devin Booker，Bradley Beal）在常規賽獲得49勝33負，但在第一輪面對森林狼就被橫掃出局了。在組成三巨頭的過程中，太陽隊不僅放棄了像 Mikal Bridges 和 Cam Johnson 等年輕球員，還透支了球隊未來幾年的選秀權。Durant 和 Beal 已經不再年輕了，如果在接下來兩年太陽隊在季後賽還是沒有任何作為的話，球隊的未來十分堪憂。",
        "2. Draymond Green",
        "Green 本賽季在球場上屢次因過激行為被聯盟和球隊禁賽，僅出場55次，當中數與 Gobert 及 Nurkic 的兩大事件影響較為嚴重。在不斷因技術犯規驅除出場和禁賽下，Green 本來已經不太理想的公眾形象持續下滑，而他在季後賽擔任評述員屢屢針對 Gobert 和森林狼的言論更是讓他減分不少。",
        "其他值得一提的輸家：快船，公牛，活塞"
    ]
}