{
    "id": "112554",
    "title": "NBA》是榮耀也是詛咒 NBA狀元所背負的原罪",
    "date": "2024/06/27",
    "topic": "籃球",
    "author_name": "運動視界編輯",
    "tags": [
        "NBA狀元",
        "Anthony Edwards",
        "LeBron James",
        "Karl-Anthony Towns",
        "Tim Duncan",
        "NBA Draft"
    ],
    "article-content": [
        "Karl-Anthony Towns 永遠記得 Flip Saunders 對他的信任，並且記得他在 2015 年對 Flip Saunders 所做的承諾：明尼蘇達灰狼隊將崛起，並且有朝一日將再次主宰聯盟。",
        "「我早早就告訴 Flip，我想待在這裡。」Towns 回憶道。",
        "當時身為灰狼隊總裁兼總教練的 Saunders，在 2015 年選秀中將 Towns 選為狀元，而 Towns 接受了隨之而來的一切，包含所有的讚譽，所有的期望，所有的重擔。「前狀元」Towns 告訴 The Ringer，他想要帶領他們的球隊達到新的高度。",
        "Towns在西區決賽對上達拉斯小牛之前也說過這些話，當時灰狼距離他們首次進入NBA總決賽還差四場勝利。且Towns 比以往任何時候都更接近實現他的承諾，冠軍似乎就在眼前。",
        "然而，這個願景早已灰飛煙滅。灰狼在系列賽前三場比賽中連敗——這是NBA歷史上沒有任何球隊能逆轉的劣勢。儘管灰狼隊在第四場比賽中反撲取勝，但依舊沒能挽回爭冠列車的離去。",
        "Towns 現在已在灰狼隊效力九個賽季，四次入選全明星，且一直是NBA得分能力最強的大個子之一。他曾與兩位其他狀元搭檔，包含Andrew Wiggins（2014年）四個多賽季、Anthony Edwards（2020年）過去四個賽季。然而在今年之前，Towns 還從未贏得過一個季後賽系列賽。即使是這次激動人心的西區決賽之旅，也感覺像是一種失敗。",
        "這就是成為NBA選秀狀元的困擾：這個標籤和過高的期望永遠不會消失。「我知道這是一種榮譽，但這總是伴隨著壓力。」Towns 說。",
        "儘管Towns在這充滿荊棘的道路上前行，但他有很多同伴。如果冠軍是作為衡量一名狀元秀的標準，那麼過去三十年來失敗者遠多於成功者。按照最嚴格的定義，自1993年以來唯二做為球隊核心帶領球隊奪冠的狀元只有 Tim Duncan 和 LeBron James。",
        "如果放寬標準，也只有 Kyrie Irving(2016)、Anthony Davis(2020)和Wiggins(2022)能夠以主力球員的身分奪冠，而Glenn Robinson（2005）、Andrew Bogut（2015）和 Dwight Howard（2020）則是以角色球員的身分戴上冠軍戒。",
        "如果我們只談論在冠軍球隊中作為球隊老大的狀元，那麼在過去28次選秀中，只有 Duncan 和 LeBron能夠被納入討論。這並不是說其他所有狀元都是失敗的，儘管許多人都被貼上了這個標籤。只是絕大多數從未達到人們對他的期望。大多數甚至從未進入過總決賽，或者贏得 MVP，還可能成為了人們口中的水貨狀元。",
        "相反，近年來的冠軍核心反倒被二輪秀（2023年 Nikola Jokic）、第十五順位（2021年 Giannis Antetokounmpo 和 2019年 Kawhi Leonard）或第七順位（2015年、2017年、2018年和2022年的 Stephen Curry）奪走。2024年總決賽則有一支由兩位探花（Jayson Tatum 和 Jaylen Brown）領銜的波士頓塞爾提克隊，以及另一位探花（Luka Doncic）領銜的小牛隊，這次Irving 依舊作為球隊二把手參與總冠軍賽。",
        "這引發了一個問題：狀元真的值得所有炒作、預測甚至是擺爛嗎？當然，偶爾會有一個像 Kyrie（2011年）、AD（2012年）或 Victor Wembanyama（2023年）等超級新人，但如果大多數年份更有可能選到一個類似 Andrea Bargnani（2006年）或Anthony Bennett（2013年）的球員，那麼這些討論有意義嗎？",
        "費城 76 人隊總裁 Daryl Morey 認為NBA狀元的頭銜大多與人們的刻板印象有關，因為歷史上有太多標誌性球員是狀元。此外，由於他們進入聯盟時的宣傳非常多，以至於人們記住了這一點。",
        "在我們的集體意識中，這種神秘感很久以前就被 Oscar Robertson（1960年狀元）、Kareem Abdul-Jabbar（1969年）和已故的 Bill Walton（1974年）這樣的傳奇人物所奠定。當然，總是有失望的時候（1977年的 Kent Benson，1989年的 Pervis Ellison），但有一段時間，選秀排名頂端的人總是更加閃耀。",
        "在1979年至1993年的14年間，我們看到四個狀元多次成為了贏得冠軍的核心：Magic Johnson（1979年）、Hakeem Olajuwon（1984年）、David Robinson（1987年）和 Shaquille O’Neal（1992年），還有許多人成為名人堂成員，包括 James Worthy（1982年）、Patrick Ewing（1985年）和 Chris Webber（1993年）。",
        "然而，過去25年卻充滿了失望，從 Kwame Brown（2001年）到 Greg Oden（2007年）到 Anthony Bennett（2013年）再到 Markelle Fultz（2017年）。儘管一些狀元達到了明星的門檻——Blake Griffin(2009年)、Derrick Rose（2008年）、John Wall（2010年），但他們都在觸摸到天花板後因傷迅速殞落。即使是作為近年少數進到總冠軍賽的狀元 Deandre Ayton（2018年），看起來也像另一個警示故事。",
        "我們都知道獲得冠軍通常需要一個或兩個副手、一個堅強的陣容和一點運氣，但即使撇開冠軍不談，我們的狀元在個人榮譽的部分也遠遠未達標準。",
        "在1994年至2020年間選擇的27名狀元中，只有四人獲得 MVP（Allen Iverson、Duncan、James 和 Rose）。這些球員中只有9人至少兩次入選全NBA陣容，11人至少進入過一次總決賽。當然，這個區間包括像 Zion Williamson（2019年）和 Edwards（2020年）這樣的年輕明星，他們還有很多時間來留下自己的印記。",
        "儘管如此，選秀專家承認，在數據分析、球探和影像技術方面取得了進步的同時，這項工作仍然像以前一樣令人擔憂。一位長期擔任東區某球隊球探的人說:「選秀一直都是一場賭博，它從來不是明確的。」",
        "過去選秀球員主要來自NCAA，在大學裡度過多年的時間，進入聯盟時大約在20歲左右。然後來到了高中跳級職業的時代（1995-2005年），隨後則是One & Done時代和現代國際新秀的湧入，所有情況都為選秀注入了更多的年輕和不確定性的風險。",
        "「選秀人數已經增加了兩倍到三倍。在80年代和90年代有多少大一新生參加選秀？你必須從不同的角度來看待球員的發展歷程。Giannis 如何從希臘三級聯賽轉型到NBA？這位18歲的球員將如何發展成為我們希望他成為的樣子？這些部分在早期並不是一個考量因素。」另一位資深球探說。",
        "過去20年來，各大NBA網站和媒體最喜愛的內容之一就是「重新模擬選秀」，因為大多數選秀回顧起來充滿了失誤、失策和過度期待。有了後見之明，很少有狀元仍然是狀元。",
        "就算是以魔球著稱的 Morey 也認為選秀更多的是藝術而不是科學。六年前，在麻省理工學院斯隆體育分析會議上，Morey 推測NBA在選秀整體會變得越來越差，雖然他沒有重新確認數據，但 Morey 卻認為這是可能的趨勢。",
        "「我知道我們已經在選秀順序上達成了更多共識，所以我們現在都是愚蠢的集體。我知道模擬選秀的前20名一直都很穩定，然後在20名之後就會變得非常不穩定，並分裂成許多不同方向。」他笑著說。",
        "然而，Morey表示，所有的波動「對聯盟非常有利」，也許這就是進入百家爭鳴時代的原因之一。如果球隊可以在第12順位選到像 Tyrese Haliburton 這樣的明星，或在第13順位選到 Devin Booker，第33順位選到 Jalen Brunson，或者在第21順位選到 Tyrese Maxey，這就給了各個層次的球隊一個變得更好的機會，同時也為反對擺爛提供了更大的論調。",
        "亞特蘭大老鷹隊在2024年選秀中擁有第一順位——這一屆被譏為自2013年以來最差的選秀小年，當時克里夫蘭用狀元選了 Bennett。我們現在知道，2013年有一位未來的超級明星（Antetokounmpo），以及一位未來的防守大閘（Rudy Gobert，第27順位選中）。球探們說，這一屆選秀也將可能是這樣的發展趨勢，因為我們不知道誰會成為明星，這還需要幾年的時間證明。",
        "「如果有一年你不再在意獲得第四或第五順位而不是狀元，那就是今年了。」第二位資深球探說。",
        "儘管在一連串的豪言壯語和反撲過後，灰狼隊依舊沒能獲得一個冠軍證明一切， 但這對Towns 和 Edwards 來說不一定是失敗，這只是現代狀元的典型結果。",
        "【特約編輯 林昌毅／責任編輯 謝一謙】",
        "🔥更多最新 NBA 精選好文："
    ]
}