{
    "id": "112518",
    "title": "NBA》在市場低點的機會 Darius Garland三大潛在新東家",
    "date": "2024/06/24",
    "topic": "籃球",
    "author_name": "運動視界編輯",
    "tags": [
        "聖安東尼奧馬刺",
        "紐奧良鵜鶘",
        "克里夫蘭騎士",
        "奧蘭多魔術",
        "Darius Garland"
    ],
    "article-content": [
        "克里夫蘭騎士目前的後場陣容似乎已經走到了盡頭。",
        "今年休賽季將會有兩個可能的結果──Donovan Mitchell 決定離去，或確定續約，此刻，所有跡象都指向後者，騎士也對與這位明星後衛續約抱持「樂觀態度」。",
        "然而，在 NBA 永遠都是有得就有失，即便 Mitchell 續約，騎士下個賽季的名單也會有所改變，或者應該說「尤其」若 Mitchell 續約的話。因為根據 ESPN 記者 Brian Windhorst 表示，如果 Mitchell 確定留下來，美國體育經紀公司 Klutch Sports （顯然 Garland 的經紀公司就是這家對 NBA 賽場影響甚鉅的公司），就會與騎士接洽交易 Darius Garland 相關事宜。",
        "騎士做了一個大膽的決定──在現代 NBA 採取兩小後衛的陣容，雖然自從得到 Mitchell 後騎士出色的表現顯示這並不是一個完全失敗的決定，但不可否認的是，Mitchell 和 Garland 這個雙人組在防守上的缺陷，限縮了這個組合的表現。",
        "同時，對 Garland 而言今年季後賽也相當艱困，這整個期間他都在努力復原傷勢、表現不盡如人意，當「變革之風」正呼嘯而來，若 Garland 能找到下一個歸宿那麼對所有人都有好處，理想上來說，在新東家他也可以不必與另一位 6 尺 3 寸、善於控球的球員輪流擔任控球後衛。",
        "若克里夫蘭真的決定交易 Garland，以下是三支應該聯繫騎士的球隊：",
        "1. 魔術隊可以藉由 Darius Garland 來填補他們缺少的連結",
        "要得到 Garland 需要付出什麼交易籌碼令人好奇，根據 Yahoo 記者 Jake Fischer 指出，比起 Trae Young，有些隊伍更偏好將 Garland 當作交易候選人，但目前還不清楚這是由於 Garland 身價低於 Young，還是因為球隊對 24 歲的 Garland 的天花板抱持極大的信心。",
        "奧蘭多魔術對 Garland 來說是理所當然的選項，Paolo Banchero 首次征戰季後賽的表現相當亮眼，Franz Wagner 也是魔術的一大天賦，但奧蘭多急需一名高水準的後衛來組織進攻，而 Garland 能立即提升魔術的三分球數據，並補強他們的半場進攻。",
        "魔術可以不必僅僅依靠 Banchero 與 Wagner 作為砍將，轉而運用 Garland 的視野和控球技巧來組織擋拆，為魔術側翼球員創造輕鬆的出手機會，雖然他稱不上是出色的防守球員，但魔術擁有優秀、具身材優勢的防守者來保護 Garland。",
        "若要說這筆交易有什麼不利於魔術的要素，那就是由於魔術在季後賽差點擊敗騎士，歷經七戰才擊敗魔術的系列賽之後，騎士或許不會想讓魔術的陣容升級，畢竟在這筆交易之後，兩者若又在季後賽碰頭，結果就有可能就會跟本賽季不同了。",
        "話雖如此，魔術仍舊坐擁足夠充裕的資產提出一個令人難以拒絕的交易包裹，同時，合約情況也會鼓勵魔術進行這筆交易，由於 Garland 的合約一直到 2027-28 賽季，且他才 24 歲，若一切照計畫進行，理論上他將能帶領魔術的進攻度過下一個十年。",
        "2. 鵜鶘需要做出改變，而 Darius Garland 可以助他們一臂之力",
        "許多人都認為鵜鶘應該會打探 Brandon Ingram 的交易市場，這筆交易有一個目的──圍繞 Zion Williamson 打造一個更具凝聚力的陣容，鵜鶘也可以優先考量選秀籤或具潛力的球員，但以 Ingram 換來另一位一度入選全明星賽的球員也相當合理，這筆交易也能讓雙方都受益。",
        "騎士最終會需要以一位高水準側翼球員來取代 Garland，而 Ingram 是一位 6 尺 9 吋、在鵜鶘有持球和無球經驗的多功能進攻型球員，以 Mitchell 為控球後衛再加入 Ingram 的陣容，能大幅提升騎士圍繞著 Evan Mobley 的防守。雖然 Ingram 或許不是最合適的人選，但他肯定比 Garland 更適合與 Mitchell 並肩作戰。",
        "這也能帶來鵜鶘夢寐以求的結果──這筆交易會帶來 CJ McCollum 時代的結束，很可能也會隨之交易走McCollum，但對一支以 Zion 為首的球隊來說，Garland 是一個更好的控球後衛，因為他既能為自己創造機會，同時在罰球、兩分球和三分球上都更熟練，另一方面，Garland 也是一位不遺餘力幫助隊友的進攻組織者。",
        "升級後的鵜鶘實際上將會以 Zion 為主要進攻核心，Garland 仍會需要適應在拉開空間、接球後立刻進攻並作為一個間接的進攻創造點的角色，但由於 Garland 能很快處理場上情況，也對於接球後投三分十分熟悉，這理論上應該不會是太大的問題。",
        "Ingram 在鵜鶘已經走到了盡頭，Garland 在騎士也是如此，兩位球員也都更能符合對方球隊的需求，這筆交易可以說是再合理不過了。",
        "3. Darius Garland 可以為馬刺新星 Victor Wembanyama 增色",
        "馬刺需要一位與 Victor Wembanyama 相輔相成的控球後衛，更精確來說，馬刺是需要一位更好的外線組織進攻者，或許他們需要的不盡然是一名身高 6 尺 1 吋、防守能力有限的控球後衛，但 Garland 對於 Gregg Popovich 建立文化下的馬刺顯然是個合適的選項。",
        "就技能組合來說，馬刺在市場上並沒有太多更好的選擇（除非 Donovan Mitchell 最後決定離開騎士），而 Garland 是位擋拆天才，在雙人小組進攻上極具耐心和節奏感，同時由於他能觀察防守球員、找到精準的位置傳球，也能在場上任何位置出手，讓他成為市場上不可多得的「Wemby輔助」。",
        "這個季後賽（或者說本賽季）我們看到的 Garland，受限於傷病和外在因素，他理應能在 2024-25 賽季一轉頹勢，尤其當他處在一個更適合他的環境時。",
        "Garland 可以帶給 Wemby 高吊球或掩護後開空間的擋拆 （pick-and-pop），同時也能在防守球員費力阻擋這位 7 尺 4 寸天賦時穩定輸出空檔三分，由於 Wemby 既能利用 Garland 的傳球，同時也能在防守上保護他。從帳面上來看沒有比 Wemby 更適合搭檔 Garland 的球員了。有了 Wembanyama 擋在禁區，就算 Garland 防守的球員多靠近籃框一步也不會那麼令人擔憂。",
        "考量到他與現在陣容的契合度和合理的價碼，能得到這位合約還有 4 年的 24 歲全明星球員，對馬刺來說會是客觀上的成功。另一方面，騎士也能提升其側翼深度，萬一需交易 Jarrett Allen，他們也能補強前場得到並得到前四順位的選秀籤，即便今年可能是選秀小年也不無小補。",
        "【特約編輯 林宜／責任編輯 謝一謙】",
        "🔥更多最新 NBA 精選好文："
    ]
}