{
    "id": "112568",
    "title": "【豬籠草上飛】2024選秀會前速看：後JB時代提前來臨？熱火的掏金之旅",
    "date": "2024/06/26",
    "topic": "專題",
    "author_name": "豬籠草",
    "tags": [
        "Nba",
        "選秀",
        "熱火",
        "Isaiah Collier",
        "Devin Carter",
        "Nikola Topic",
        "Tristan da Silva",
        "Ja'Kobe Walter"
    ],
    "article-content": [
        "再討論熱火的選秀策略前，必須先瞭解一下熱火休賽期間所面臨的問題。",
        "今年熱火在附加賽首戰對決76人時傷了Jimmy Butler，季中交易來的後衛Terry Rozier也來不及在季後賽歸隊，首輪碰上最後的總冠軍塞爾提克，1:4被淘汰。",
        "\"油頭\"Pat Riley今年夏天必須下一個重要的決定，下一季是否還要以JB為球隊核心？",
        "JB即將滿35歲，合約剩最後一年(2025-26是球員選項)，若考慮不跟JB提前續約，那就要找到合適的下家，如七六人。此外，包括Kevin Love($4.02M)、Caleb Martin($7.12M)​、Josh Richardson($3.05M)和Thomas Byrant($2.84M)明年賽季都是球員選項(Player Option, PO)，目前還沒有任何一人選擇執行下一季的合約，期限到6/29。",
        "便宜又好用的替補側翼Haywood Highsmith合約到期，將成為完全的自由球員。當他從防守苦力成長為具備三分能力的3D球員時，對他有興趣的球隊不會太少，新合約至少要給到中產以上才符合他的表現，畢竟不用年薪千萬就可以補一個有總冠軍賽經驗的側翼，絕對超值。",
        "前面提到的Love和Richardson留隊的機率較高，前者年屆36，這兩年在熱火充分發揮老將價值，投入自由市場頂多也是一張1+1的合約，不如留在邁阿密。後者因為肩膀手術整季報銷，本季只出賽43場，執行球員選項，留隊打出身價再追求複數年合約是比較合理的選擇。",
        "最麻煩的可能是最佳救火隊長Martin，將滿29歲的他，今年的表現和去年差異不大，季後賽也是場場先發，據傳他將跳出合約，投身自由球員市場追求一張更高薪的複數年合約。Martin在小球陣中可以從1號打到4號，防守夠硬，還有在季後賽爆發的得分實力，除了耐戰度比較需要擔心外，是非常好用的團隊球員，油頭如果想要團隊薪資不超過豪華稅的同時留下他，難度頗高。",
        "相較於公牛，熱火的核心陣容相對完整，Bam Adebayo、Nikola Jovic、Jaime Jaquez Jr.、Duncan Robinson、Tyler Herro、Terry Rozier都有約在身，JB就算被交易，也不會一無所獲。",
        "熱火今年手握兩張籤，分別是首輪第15順位和次輪第43順位。",
        "就基本選秀策略來說，熱火第15順位應該挑當下天分最好的球員或者技術相對純熟的即戰力。",
        "去年第18順位選入的JJJ就屬於後者，他幾乎毫無障礙的融入熱火團隊，表現令人驚艷。今年選秀會的普遍深度不如去年，但熱火的選秀順位比去年更好，中段順位的策略相對單純，端看熱火想如何補強。",
        "如Colorado大學的大四前鋒Tristan da Silva，剛過23歲生日，得分技巧多元，具備解讀防守的能力，就是相對安全牌，類似去年的JJJ。",
        "此外像邁阿密大學的菜鳥前鋒KyShawn George或Baylor大學的大一後衛Ja'Kobe Walter。前者有出色的身體天賦，但各種技巧都尚待精進，有成為全能側翼的潛力，也可能淪為全不能的板凳，屬於風險較高的選擇。",
        "Walter則是我自己很喜歡的球員，6'4.25\"(約194cm)的身高配上6'10\"(約208cm)的臂展，雖然爆發力不是最頂尖，但水準以上的動態天賦和投籃手感，防守態度也夠積極，天花板就是養成頂級3D。不管JB時代是否結束，Martin或Highsmith同時離隊的機會不小，Walter第一年就能獲得不少機會。",
        "其次就是後場的補強，英雄哥有痛痛人體質，Rozier攻優於守，季末來打工的Delon Wright和Patty Mills約滿未必會續留，完全有增加人手的理由。",
        "我在另一篇文章提過的後衛Devin Carter如果掉到第15順位，熱火應該毫不猶豫的選下去，他在Providence大學就以防守見長，又有切入的破壞力，跟熱火以團隊防守優先的球風會十分契合。",
        "更多Devin Carter的介紹如下：",
        "或者是南加大的大一後衛Isaiah Collier，Collier是前全美排名第一的五星高中生，2023年麥當勞全美明星賽MVP，屬於天花板極高的雙能衛，缺點就是臂展偏短，Collier身高6’2.45”(約189cm)，臂展僅6’4.75”(約195cm)，雖然沒有比英雄哥慘(Herro臂展比身高短了1吋多…6’3.25”<6’4.5”)，但這在防守端一樣會吃虧。",
        "他有很壯碩的身材與進攻天賦，類似火箭的Cam Whitmore，需要一個成熟的團隊來磨練更多元的技術與投籃穩定度，熱火雖然不是首選，但至少是前五適合他的隊伍，畢竟有哪一隊比熱火更適合讓進攻型的新人好好地磨練防守？",
        "原本被各家預測都穩定在前10順位的塞爾維亞(Serbia)高控衛新星Nikola Topic，經過半年內兩次左膝韌帶受傷後，順位不斷下滑，在部分媒體的預測名單中已跌出樂透選秀外。對熱火來說，Topic不會是即戰力，甚至還可能因為動左膝手術整季報銷。",
        "在JB時代或將告終的關鍵轉折點，是否捨棄穩健的即戰力選秀策略，開始囤積一些天分，為後JB時代的來臨提前作準備？",
        "若答案是肯定的。",
        "則Collier可以考慮，Topic的高天花板也值得用第15順位賭一把。",
        "熱火之前有和Goran Dragić合作的經驗，油頭和Spo對於歐洲後衛並不陌生，Topic若去邁阿密，雙方會激發出怎樣的火花，讓我非常期待。",
        "下圖是熱火選前試訓過的新人名單：",
        "由於今年選秀會改制，第二輪選秀將在後天才進行。",
        "到時候應該會有一些球員意外掉到第二輪，熱火第43順位的目標除了各別試訓過的名單外，如西班牙新生代控衛Juan Núñez，UConn的後場搭檔Tristen Newton和Cam Spencer，都是可以考慮的人選。",
        "熱火的掏金功力眾所皆知，即使不用第二輪也可能從落選名單中挖到寶。",
        "------",
        "明天是選秀會第一天，熱火首輪的選秀對於後續JB的去留，具有一定程度的提示效果。",
        "是替他找幫手，還是準備送他走。",
        "今年夏天將特別精采！",
        "【封面圖片來源：Miami HEAT X】",
        "【內文圖片來源：Emo Jimmy X】",
        "更多關於熱火的討論："
    ]
}