{
    "id": "112541",
    "title": "【豬籠草上飛】2024選秀會前速看：正式走上重建之路？公牛的選秀策略與可能人選",
    "date": "2024/06/25",
    "topic": "籃球",
    "author_name": "豬籠草",
    "tags": [
        "Nba",
        "公牛",
        "選秀",
        "Donovan Clingan",
        "Zach Edey",
        "Matas Buzelis",
        "Alexandre Sarr",
        "Devin Carter"
    ],
    "article-content": [
        "選秀在即，這篇討論公牛的選秀策略，討論相關傳聞，並提供幾位合適的人選。",
        "從今年開始，NBA年度選秀會從一天改成兩天(不同地點)，第二輪選秀在第二天登場，且第二輪每個順位的選秀間隔時間由2分鐘增加為4分鐘。",
        "這樣的變革有幾個明顯的影響：",
        "公牛這次有首輪第11順位的籤，終於不用像去年一樣零籤上陣，還要去跟巫師買一張二輪來用。",
        "選秀前夕，公牛將防守悍將Alex Caruso交易至雷霆，換回2021年首輪第六順位，年僅21歲的澳洲高控衛新星Josh Giddey。Giddey效力雷霆三季，除了無球狀態的投籃穩定度還要加強外，能切能傳，能抓籃板的全能身手，每季都有大三元的紀錄，生涯累積210場均先發出賽，場均13.9分7.3籃板5.7助攻0.8抄截，投籃三圍46.4%-31%-75.3%，年紀輕輕已將天分展露無遺。",
        "他和Coby的後場組合，年輕又有高度(Coby 24歲195公分，Giddey 21歲203公分)，需要球權的Giddey和可以打無球的Coby，兩人在球風上也是互補。",
        "Caruso是公牛陣中賣相最好的，不但防守出色，合約價格實惠，具備冠軍經驗，有拚勁有球商，切換有球無球都能繳出高效率，今年不但再度入選年度防守陣容(年度防守第二隊)，也榮膺敢鬥賞(NBA Hustle Award)。",
        "簡單說，他是每一支想衝擊總冠軍的球隊都渴望的團隊成員。",
        "公牛在提早放暑假後與總管Marc Eversley續約三年，選擇徹底重建或微調換手氣？Eversley和Artūras Karnišovas(籃球營運副總裁)的營運策略將決定公牛的未來。",
        "回到選秀會本身，",
        "選前傳出公牛有意向上交易選秀權，挑選UConn的二連霸中鋒Donovan Clingan。",
        "公牛陣中已經有兩位UConn出品的內線球員，一位是Clingan去年的隊友Adam Sanogo，以及兩人的學長，四屆聯盟籃板王\"抓猛\"Andre Drummond。",
        "Clingan的優點是人高馬大(不穿鞋就7’1.75”，臂展7’6.75”，僅次於加拿大姚明Zach Edey的7’3.75”和7’10.75”)，靜態天賦出眾，並具備不錯的防守意識與護框能力，有一些高位分球的視野，缺點是爆發力不佳，移位速度偏慢，缺乏外線，進攻手段少。",
        "即使樂觀一點看，投籃可以練，如公鹿的Brook Lopez也是進聯盟幾年後才慢慢練出一手外線三分。移位速度慢就很難應付主流的小球攻勢，選前聯合體測，Clingan的Lane Agility Drill是12.06秒，在所有受測球員中倒數第二名，甚至比更大隻的Edey還慢(11.19秒)。",
        "公牛下個賽季的先發中鋒應該還是Vooch，再選一個有潛力的長人來練不是不行，況且抓猛合約屆滿，離隊機會不小，確實需要替補中鋒，但Clingan近期聲勢大漲，連狀元都有人喊，實際上有沒有好到必須向上交易選秀權去搶的地步？且我也懷疑Donovan教練對半成品長人的養成是否擅長。",
        "除了Clingan，另一位傳出公牛有興趣的新人是Matas Buzelis，立陶宛裔的Buzelis從小在芝加哥長大，高中時期已是全美聞名的五星高中生，畢業後沒有選擇打NCAA，而決定加盟發展聯盟的點燃隊，提早接觸職業籃球。",
        "被評為本屆新人中最佳前鋒前三名的Buzelis，這賽季在點燃隊的表現中上，有跳投能持球，只是投籃選擇和外線準度還差強人意，但天賦確實毋庸置疑。",
        "關鍵是他不太可能跌出前10甚至前5順位，不交易選秀權幾乎不可能選到。公牛如果拿LaVine和活塞交易，要換來第五順位的機會不小，或許能選到Clingan或Buzelis其中之一，但這樣的代價是否划算？我相當保留。",
        "如果要拿頭號球星出來交易，在選秀小年至少也要換個前三順位的選秀權(老鷹、火箭、巫師)，直接搶Alexandre Sarr，是否更乾脆？",
        "Devin Carter的老爸也是前NBA球員(Anthony Carter,現任灰熊助理教練)，他的身材和體能條件顯然青出於藍(老卡特僅185公分高)，橫移速度快，裸足有6’2.25”(約189cm)高，搭配6’8.75”(約205cm)的臂展，體重195磅(約88.5kg)，手長有助於他有效地干擾進攻者的出手。",
        "在進攻方面，小卡特切入犀利，正面打板的手感好，利用籃框掩護的反勾也十分俐落，更難得的是，他即使被迫在禁區內停球，還能靠腳步左轉右轉，換成左手上籃或打板。",
        "Providence大學身處的大東聯盟(BIg East Conference)強隊如林，二連霸的UConn更是一堵難以跨越的高牆。小卡特身為球隊的一哥，進攻防守一肩挑，得分、籃板、助攻、抄截都是全隊最高，一舉獲選為大東聯盟年度最佳球員與最佳陣容，考慮到Providence的戰績只在分區排中段班，小卡特的獲獎更顯珍貴。",
        "小卡特的體型條件和假日哥Jrue Holiday相當類似，前者的身高矮一點點，但臂展更長(假日哥裸足身高6’3.25”，臂展6’7”，199lbs)，外加他已經具備的防守態度和對抗意識，即使無法複製假日哥的成績，至少不會比鵜鶘的Jose Alvarado差。",
        "由於在聯合體測的表現優異，小卡特的選秀順位從首輪後段，一路爬升到樂透區(前十四順位)內，有傳聞指稱某支樂透順位球隊已經跟小卡特保證會選他，配合各家媒體的模擬選秀名單落點來看，公牛確實有可能就是那支隊伍。",
        "但如Bleacher Report把小卡特排在第八順位，預測馬刺會選，也不是公牛想選就選得到的。",
        "同一份預選秀測把肯塔基大學的菜鳥後衛Rob Dillingham擺在第11順位，Dillingham除了5月份的聯合體測外，還沒參加任何球隊的單獨測試，這要嘛就是已經有球隊私下承諾要選他，要嘛就是故弄玄虛，避免在選秀前暴露更多的缺點。",
        "目前他的選秀順位大概落在樂透邊緣，公牛不太需要用第11順位選一個185公分高的得分型後衛，畢竟不是每個肯大出品的都是Tyrese Maxey或Immanuel Quickley，尤其是在公牛後場已經有Coby+Giddey的狀態下。",
        "------",
        "回頭統整一下公牛的選秀策略。",
        "除非有辦法交易到前三順位，否則我建議公牛就選當下天花板比較高的球員即可，側翼優先。或者，將第11順位搭配LaVine交易掉，換未來的首輪選秀權，2025年的首輪尤佳。",
        "所以如果Clingan或Buzelis意外滑落，還是Colorado大學的菜鳥側翼Cody Williams或點燃隊的Ronald Holland掉到11順位還沒被挑走，都可以選。這幾位都被前面的隊伍攔胡了也沒關係，選防守不錯，體能優異的小卡特也可以，自用交易兩相宜。",
        "如果Williams和Holland都等到第11順位還在，同時小卡特也沒被選走，考慮到公牛的後場有Coby搭配Giddey，Ayo Dosunmu替補，或許就沒有優先選雙能衛的必要，反而是在側翼端累積天分更好，我個人會想挑Holland。",
        "最後有個大膽的建議，公牛如果執意要補內線大個子，在順位不變的前提下，乾脆賭加拿大姚明Edey。身為這兩年制霸NCAA禁區的內線第一人，Edey可以跟在Vooch旁邊見習，反正沒有趕鴨子上架的壓力，有時間慢慢嘗試開發他的進攻射程，並觀察他的防守到底能否跟上NBA的節奏。",
        "選秀會第一輪將在6/27(四)登場，公牛最終的選擇是誰，後續還有哪些交易，",
        "靜待後天揭曉！",
        "【封面圖片來源：Chicago Bulls X】",
        "【內文圖片來源：Donovan Clingan X、Spurs Stats & Video X】",
        "更多有關公牛的討論："
    ]
}