{
    "id": "112581",
    "title": "Mikal Bridges 交易到尼克！Villanova大學奪冠四劍客在紐約正式合體",
    "date": "2024/06/26",
    "topic": "籃球",
    "author_name": "HBK",
    "tags": [
        "布魯克林籃網",
        "紐約尼克",
        "球員交易",
        "VILLANOVA",
        "Mikal Bridges",
        "Jalen Brunson",
        "Donte DiVincenzo",
        "Josh Hart"
    ],
    "article-content": [
        "我的天，太離譜了，Mikal Bridges被交易到尼克去，Villanova奪冠四劍客在紐約正式合體。",
        "紐約尼克真的要上演『真正』兄弟籃球的戲碼，就彷彿收集龍珠般，竟然陸續把Josh Hart、Jalen Brunson、Donte DiVincenzo和Mikal Bridges這四位Villanova大學的奪冠四劍客給聚集一塊。",
        "我NBA看得算很久了，還真的第一次看到大學時代一同打拼爭冠的核心成員竟在職業場上齊聚一堂，且還很有機會打出名堂，複製當年各司其職，並全面點燃熱血的那種籃球風格。",
        "我覺得這是連漫畫都不可能畫出來的劇情，竟在真實世界上演！",
        "以前看灌籃高手時，就曾想過如果井上雄彥有繼續的畵後續劇情的話，那湘北那五虎將有沒有可能再續前緣，在職業賽場繼續攜手奮戰？",
        "小時候還沒想那麼多，總覺得好像不無可能，但隨著年紀越大就越清楚這難度有多高，畢竟職業賽場是在商言商，且每個人的際遇也都不盡相同，更可說沒太多選擇的權利，所以想再全部湊在一起可說是天方夜譚。",
        "結果尼克竟然在現實上演這一齣？",
        "最屌的是，這個組合是每個人都做為主力核心，不是有些人只是顧開特力湊在那濫竽充數，Brunson是領航的核心箭頭王牌，Bridges扮演頂尖3D兼任側翼攻堅手，Hart承擔衝鋒隊長負責提供能量與苦功一職，DiVincenzo則是做為藝高人膽大的雙能衛。",
        "每個人都有自己的特色，更重要的是他們非常了解彼此，具備非常堅韌的革命情感，跌倒時彼此相扶，燃燒時所有人一起狂奔，光是用想的就覺得明年尼克的比賽會非常熱血好看，像今年東區季後賽已經夠難看了，如果沒尼克，那失色的程度將是慘不忍睹。",
        "至於Bridges到底值不值得這樣換來？",
        "目前傳出是用Bojan Bogdanović和４個無受保護的首輪籤、１個來自公鹿的受保護的首輪籤和１個選秀交換權與１個二輪籤，給的選秀籤真的很多，是大手筆的操作。",
        "這一定會有人覺得不值，認為Bridges又不是頂尖巨星何必投入那麼多未來？而我自己看法是，反正尼克這些年就是吸引不到大咖來，反而起初沒很被看好的『Villanova幫』竟打出近十幾年的高峰，那何不梭哈一搏，將Bridges這個拼圖給湊齊。",
        "不再迷信巨星籃球，組建一支史上最真正兄弟的籃球球隊。",
        "反正Bogdanović本來就渴望送走，這些年尼克也不太會養新人和選人，那乾脆現在直接升級為Bridges，就給你拚這幾年，我認為這個操作不是不行，且Bridges絕對是頂尖的拼圖型大將，也化解可能失去OG Anunoby的問題。",
        "OG確實是很頂的3D，但真的挺脆的，如果要價太高尼克一定騎虎難下，相對Bridges的薪資CP值超高，現在倒是可以把重心全放在Isaiah Hartenstein身上，希望可以留住這位禁區悍將。",
        "且尼克還有Mitchell Robinson這個籌碼可運用，甚至如果連Julius Randle都被擺上貨架也不讓人意外，Randle可能很納悶，怎麼短短兩年這已經不是他的球隊，已變成Villanova幫。",
        "然而Randle一定得先檢討自己，因為原本沒比較沒傷害，但現在一比下來，Brunson所呈現出的影響力與態度才是紐約大蘋果迷真正希望看到的紐約之王，而尼克也全力圍繞他打造。",
        "當然紐約尼克想靠這陣容奪冠並不容易，但籃球是圓的，有時候團隊的buff加成是可能改變許多事情，畢竟誰能相信2024賽季尼克能衝到東區第二的位置？還能在缺兵短將上打出這麼撼動人心的比賽。",
        "我會喜歡這支紐約尼克，真的，實在大酷了，不得不說他們的球風與態度有讓我找回一些以前看球的熱情。",
        "就求Villanova幫身體要夠硬朗，能讓Thibodeau那樣操，真要講，真的有時成也Thibodeau，敗也Thibodeau。",
        "最後對於即將到來的選秀大會，這次我很誠實地說，我都沒啥研究做功課，只稍微了解一下有機會前五順位的那幾位，我可能就focus在Bronny James會去哪，感覺這是今年選秀最熱門的話題。",
        "湖人都選JJ Redick當教練了，我希望第二輪能選進Bronny，讓我們直接把話題拉滿。"
    ]
}