{
    "id": "112698",
    "title": "《是姚明還是Boban Marjanovic？》-巨人Zach Edey周志豪全面分析",
    "date": "2024/06/30",
    "topic": "專題",
    "author_name": "Grindcity",
    "tags": [
        "灰熊",
        "Nba選秀",
        "Grizzlies",
        "周志豪",
        "Zach Edey"
    ],
    "article-content": [
        "作為年度最佳大學球員，Zach Edey的場上統治力是毋庸置疑的，甚至說他打出了本屆最好的賽季表現也不為過。本季Edey場均繳出25.2分12.2籃板2.2封阻2助攻、62.3%命中率的穩定出色表現，率領普渡大學殺進三月瘋的總決賽，統治大學賽場是當之無愧的。",
        "Zach Edey的最大殺器是在低位的背籃進攻，7尺3.75的踝足身高配搭7尺10.75的臂展、且核心力量優，技術層面上還具備良好的沉底步和勾手能力，極多數的防守者在一對一的回合都對這名巨人的禁區得分完全沒轍。",
        "而Edey的高塔視野卻很好地克制了後衛的夾擊，四年的大學經驗讓他成為一名冷靜的攻擊手，並不會被一剎那的得分機會迷惑到，不但在接到球後會高舉並利用Fake Pass確保協防者的動向，不會過於進取的攻擊欲望亦使Edey在面臨強力包夾時會果斷地回傳造就隊友，大不了Edey放棄自己的得分機會、改去衝搶進攻籃板貢獻，但前提是對手經得起強邊接應者一直用時間差攻擊的考驗。",
        "Edey的身材和體能所建構出的進攻大魔王帶來了巨大的統治力，且在大量持球回合場均卻只有2.2次失誤、也鮮少出現命中率低於五成的比賽，也印證了Edey在進攻端的可靠性。",
        "至於Edey在籃板和防守端的能力其實是因頂級的先天條件而被小覷的，Edey的卡位和Seal技巧相當優秀，前一秒還在背身要球、下一秒卻能借下盤力量硬擠到籃框附近，場均4.6個進攻籃板絕不只是靠賣高。",
        "防守端Edey的身材能為終結者帶來龐大的壓力，任何魯莽出手都會被他的長臂沒收(場均2.2封阻)，單論在免責區內的護框影響力Edey未必會比Donovan Clingan失色。此外Edey也清楚自己的Recover速度有限，因此並不會貿然做出可能會失位的賭博性防守，這種紀律性配搭先天條件才真正彰顯了Edey的防守價值。",
        "可是，統治大學的Edey的預測順位從不在前五甚至很少在樂透，在曼斐斯灰熊於首輪第九順位選進Edey的時候網絡上更是一片哀號，這就源於人們對Edey能力轉換上的疑慮。",
        ".",
        "Edey的最大殺器縱使在大學賽場上勢不可擋，但面對NBA上 一眾身材體能兼備的怪物內線，Edey所面對的干擾會比現在強大不少，他的背籃進攻有可能會依賴當天的手感，並不是必然穩定的得分手段。",
        "退一步來說，即使Edey的低位得分威脅仍在，但傳球技巧僅局限於最基本和短距離回傳的他也未必能應付NBA的快速輪轉和陷阱佈置，更別論屆時過來包夾的可能是摸高接近9尺的側翼，在大學打滿四年的Edey也不再是經驗壓制的存在了。",
        "最重要的是在現代明快的球場節奏下，球隊應該不會願意刻意拖慢節奏讓Edey在每個進攻都摸到球，但這名具有絕對統治力的球員在普渡大學根本不可能摸不到球，這也變相讓他少了機會去接觸Screener和Roller的角色，甚至是在高位策應上沒有展示出任何潛力，結果就是導致人們再度加深對Edey進攻上的疑慮。",
        "至於防守端Edey的高重心和橫移速度都最多人的擔憂之處，之所以在大學沒受到明顯的針對，部分是Edey善於透過擺動雙手和穩住下盤去阻嚇持球者，部分是相比起NBA 本屆NCAA沒有太多火力兇猛的持球手，因此在整體等級飆升的情況下，偏保守派的Edey確實是有可能像Jonas Valanciunas一樣成為被擋拆追打的護框者。",
        "尤其是在三月瘋對UConn的冠軍賽上，UConn強調流動和團隊配合出色的進攻風格不斷拉扯Edey在禁區邊緣走動，讓他的護框影響力大降，而NBA球隊普遍都將有更好的資源去攻擊Edey，這絕非杞人憂天，而是個不可忽視的問題。",
        "以上疑慮都是影響Zach Edey在NBA發展的重要元素，甚至有能力左右Edey是Ivica Zubac(穩定先發)還是Boban Marjanovic(輪替外)，接下來就稍為評估一下其改善的可能性。",
        ".",
        "高重心的問題並不是透過減重或一般訓練就能解決的，這部分應該是Edey整個生涯都難以解決的問題，不過這邊亦想稍為提及Edey的體測數據。",
        "Lane Agility Time",
        "Donovan Clingan- 12.06s",
        "Yves Missi- 11.45s",
        "Alexandre Sarr- 11.43s",
        "DaRon Holmes II- 11.20s",
        "Zach Edey- 11.19s",
        "Kel’el Ware- 10.97s",
        "Shuttle Run",
        "Donovan Clingan- 3.38s",
        "Alexandre Sarr- 3.23s",
        "Yves Missi- 3.12s",
        "DaRon Holmes II- 3.03s",
        "Zach Edey- 3.01s",
        "Kel’el Ware- 2.91s",
        "Three Quarter Sprint",
        "Donovan Clingan- 3.46s",
        "Zach Edey- 3.42s",
        "Kel’el Ware- 3.29s",
        "Alexandre Sarr- 3.27s",
        "DaRon Holmes II- 3.25s",
        "Yves Missi- 3.12s",
        "可見Edey在Draft Combine的速度測試其實相當不錯，在兩項短距離的移動變向本屆首輪內線中更是只輸給Ware，也許Edey的大跨步比外界想像中的還要管用，當然 只論直線衝刺速度的話Edey還是很明顯有差，但倘若球隊為Edey制定適合的防守策略和保護，他的速度疑慮也許會稍為降低。",
        "Edey的掩護品質其實是蠻好的，299磅的身體就像一面鐵壁，且Edey在設立掩護時的時機和腳步都掌握得恰到好處，紮實掩護更能把對方的POA弄得非常狼狽。",
        "而不少人擔心Edey有限的速度會導致他錯失跟進吃餅機會，但考慮到他的掩護能力創造出的時間差其實情況仍然樂觀，強大的Vertical threat會是對方需要警惕的地方，在39場比賽中共有116次灌籃，尤其是Edey的短觸球得分能力是不會讓對手有時間重新佈置，更何況Edey也不一定要得分才能讓進攻空間更立體，其爭搶進攻籃板的能力有著能牽引防守者的可能性。",
        "此外對比普渡大學隊友，NBA後衛的創造力和破壞力完全不是同一個層次，Edey的擋拆會否受惠而變得更強大也是值得觀察之處。",
        "現階段Edey的高位戰術價值只能局限在掩護，高位發牌的能力存有很大的疑慮，甚至對手可能會向持球者執行Blitz、迫使Edey主導短擋拆，以降低他的掩護價值。簡單手遞手的能力也許能夠透過日積月累磨練出來，但依賴直覺和進階傳球技巧的發牌手角色還是不看好Edey能在幾年內有所進展。",
        "然而，在Draft Combine中，Edey卻展示了他潛在的進攻多元化，Edey在Off-dribble 3中錄得60%的三分命中率、Off-Movement中亦能錄得56%，雖然這種非比賽投射一直以來都不能完全參考(Ben Simmons)，但Edey上季是一個具71.1%命中率的罰球手，在籃框附近的放籃也展示出不錯的Finishing touch，投射機制也沒有什麼明顯缺陷，這跟過去Brook Lopez和Jonas Valanciunas突然開發外投的情況很相似，即使可能性仍然有待商榷 但確實也並非異想天開，如果Edey能開發出空檔中距離甚至三分的投射能力，這將讓他在進攻上更具彈性。",
        ".",
        "總括而言 Edey在大學賽場其實是展示了強大、極具統治力的進攻破壞力，只是這樣的球風並不一定能轉移到現今節奏明快的NBA上，而防守端Edey的疑慮同樣有可能被放大，甚至關乎到關鍵時刻和季後賽的可用性，最終Edey能否把潛在的可能性兌現出來，也許就決定了他會是Ivica Zubac這種穩定先發還是Boban Marjanovic這種輪替以外的球員了。(對的不可能是姚明 那只是形容評價兩極的標題)",
        "當然 這部分也將牽涉到球隊的配置和策略，而曼斐斯灰熊又是否那支能與Edey互補不足的球隊呢…？",
        "(待續……)",
        ".",
        "------",
        "------"
    ]
}