{
    "id": "112746",
    "title": "Klay Thompson終離隊，勇士迎接De’Anthony Melton加入",
    "date": "2024/07/02",
    "topic": "專題",
    "author_name": "一起Liao勇士",
    "tags": [
        "金州勇士",
        "自由市場",
        "Klay Thompson",
        "De'Anthony Melton",
        "Gary Payton ll"
    ],
    "article-content": [
        "天下無不散的宴席、浪花兄弟終拆夥，雖然已經談了一整個賽季，但最終，Klay Thompson還是去了獨行俠，只留了2枚次輪籤，給這支效力13年的球隊。",
        "Klay Thompson的離隊，意味著很多事情：",
        "從今年夏天，接連在Paul交易案失利、後續和Thompson關係緊張間接導致離隊，勇士已經錯過那個戰力最大化的時機，無論後面是要拿Wiggins出來、Kuminga出來，甚至就算2個一起丟出來，也很難讓勇士在一夕之間成為奪冠等級的強隊。",
        "除非啦，萬用薪資包Looney+GPII+16M，後面再貼個籤或是年輕球員就能換到明星，那另當別論。",
        "若當初Paul George的交易案成行，後續甚至順利簽回Thompson的情況下，Thompson是個送禮自用兩相宜的資產，均薪大約落在16M，不到太難脫手，也能搭配薪資包換回一些不錯的資產，即使自用也能讓勇士擁有一名好用的射手。",
        "現在的勇士有點像是2020-21賽季的勇士，也就是打到第八種子卻被湖人、灰熊接連在附加賽擊敗而被淘汰的那年，那年同樣少了Thompson，不過他這回是去到別隊當幫手了，但在薪資空間難動的情況下，球隊的戰力恐怕會和當年差不多。",
        "只不過，攤開2020-21年的勇士名單，至少現在的我們還有Kuminga、Moody、Podziemski、TJD等人可以養成，這可能也將是本賽季的目標，由Curry帶著一票年輕球員，最後看看他們能走到哪，大不了就是坦著準備換籤，畢竟明年會是選秀大年，藉此機會拿到高天賦或是更好的籌碼，也不失為一個選項。",
        "而勇士體系，也將高機率迎來這幾年最大的轉變。",
        "從目前現有的陣容來看，Curry是球隊裡現存唯一一名跑動射手，我知道Podziemski有機會，但目前他的出手慾望還難以和Curry、Thompson等人相比，Moody則是僅展現了零星的技能，要成為常規技能還有待時間證明。",
        "現在的問題是，勇士過去以浪花兄弟這兩個瘋狂的跑動射手建立的體系，高機率會往年輕球員這個走向靠攏，無論是接下來變成一名跑動射手的版本，更甚至是戰術配置往側翼的Kuminga靠攏都是有可能的，未來的體系走向可能會以Podziemski和Kuminga為主，只是目前Podziemski的位置是已經證明過自己的Curry。",
        "De'Anthony Melton以一年12.8M的中產合約加入勇士，現年26歲，身高6呎2吋、體重200磅，生涯打過太陽、灰熊、76人，曾在2021-22賽季獲得最佳第六人票選第8名，上季在76人遇到傷病影響，只出賽38場，場均上場將近27分鐘，能拿到11.1分、3.7籃板、3.0助攻、1.6抄截，投籃三圍為38.6/36.0/83.5。",
        "De'Anthony Melton是一名妥妥的3D球員，外圍防守能力會是不錯的POA，生涯的三分球命中率為37%，上季場均出手5.6顆的他理論上不會是被放投的對象，這大概也是為何過去2年他都是76人的先發主力。",
        "目前他的技能點比較靠近Gary Payton ll在勇士的技能，同樣是3D球員，同樣是以定點投籃為主的球員(Melton的定點投籃佔進攻選擇30%，且Melton上季在76人幾乎沒有太多無球和手遞手的出手)，這也意味著它有可能壓縮到GPII的上場時間。",
        "同時這也代表，勇士有可能還有下一步的操作，將GPII換回其他的資產，過去勇士同樣有DiVencenzo和GPII同時在隊的案例，但我認為比起DiVencenzo更加接近「第三個浪花」，Melton和GPII在功能性的重疊上是更高的，不過也不用著急，交易大限前勇士都還有操作的空間，但如何操作，也會影響到對於這筆簽約的評價。",
        "以上，Klay Thompson終離隊，勇士迎接De’Anthony Melton加入，喜歡的話可以點點收藏喔",
        "手機板收藏鍵在頁面右側，電腦版則在左側"
    ]
}