{
    "id": "112729",
    "title": "NBA》頂薪給滿  七六人簽下Paul George再拚東冠",
    "date": "2024/07/01",
    "topic": "專題",
    "author_name": "運動視界編輯",
    "tags": [
        "費城七六人",
        "洛杉磯快艇",
        "Paulgeorge",
        "2024NBAOffseason",
        "2024NBA自由球員"
    ],
    "article-content": [
        "根據時間來看，已經是美國東岸的7月1日清晨，比起美東時間6月30日下午六點開啟的自由市場來說，這的確是比較逼人的時間，但今天、甚至是今年自由市場的最重磅大魚，就在這個相對逼人、但也可能更讓外界沒有任何消息影響關注的時刻，成了自由市場第一天的最大重點。",
        "根據權威記者Adrian Wojnarowski的社群媒體，今年選擇不執行球員選項、成為自由球員的前快艇球星Paul George，確定和費城七六人簽約，將以最被禮遇的金額前進費城，成為Joel Embiid身邊的新助手。",
        "最終合約數字為4年2億1200萬，這是PG能在市場上得到的最高數字報價，原本他想要的也就是母隊快艇能給滿他應得的頂薪（大約是4年2億2800萬左右），但快艇並不想付出超過先前開給Kawhi Leonard的3年1億5200萬，最終PG決定放棄球員選項，以完全自由球員的身份踏進市場，最終七六人展現高度誠意，以PG想要的頂薪、想要的合約長度，甚至在合約內包括一個球員選項，完全給足PG禮遇的情況下得標。",
        "七六人可以出手如此闊綽，也是因為原本的高薪先發前鋒Tobias Harris成為自由球員，加上其他球員的合約到期，導致在進入這個休賽季、自由市場開啟的這一刻，全隊只有Embiid帶著超過千萬年薪的複數年合約在陣中，七六人以超過六千萬的薪資空間進入市場，扣除各種虛擬薪資後，完全足以開出一張頂薪，加上Embiid正在巔峰，當然成為市場上的最大買家，因此當近年難得有PG這種等級的球星成為自由球員後，和七六人的連結就一直被提起，直到如今成交。",
        "PG在2019年的休賽季，透過交易從雷霆轉戰快艇，本就是加州人的他在生涯第十年才回到家鄉，而當時的脈絡是剛幫暴龍奪得隊史首冠的Kawhi Leonard進入自由市場，許多球隊渴望能一舉招攬剛鍍金的他，但Leonard最終提出的條件是要能和PG聯手，因此為了讓兩位加州球星能夠在家鄉攜手，快艇決定砸下重本，以Danilo Gallinari、Shai Gilgeous-Alexander和五張首輪籤、兩個首輪互換權在內的優渥籌碼才跟雷霆換到PG，兩大側翼球星攜手搭上快艇，建構了「213連線」。",
        "只是當年聲勢浩大的合體，快艇在最近幾年嚴格說起來表現僅是差強人意，合體後第一年的泡泡圈內，就在第二輪葬送3：1的領先，反被金塊逆轉。這五年來快艇始終讓人不敢小覷，卻總是在季後賽遇到傷病問題，最終只有在2021年打過西區冠軍賽（但也在Leonard受傷缺陣的情況下敗給太陽），2022甚至在附加賽就出局，最近兩年則都在首輪就止步，完全沒有當初Leonard和PG合體時直指冠軍那樣的聲勢。",
        "七六人本季也是受傷病所苦，尤其是王牌中鋒Embiid只出賽39場，最終讓七六人只成為東區第七種子，雖先在附加賽過關，但第一輪就敗給尼克。今年休賽季雖有許多球員合約到期，但還是擁有Embiid，期待能持續補強重返競爭者行列，先補進市場上最大牌的PG，接著是要和已成主力的年輕後衛Tyrese Maxey談續約，Embiid、Maxey、PG將成為尼克接下來在東區競爭的三人核心。",
        "自由市場開啟第一天，七六人就完成重磅補強，這個休賽季很明顯朝贏家邁進，同一天也簽下替補中鋒Andre Drummond、與搖擺人Kelly Oubre Jr.，持續努力打造具競爭力的陣容，期待能一拚Embiid還沒打過的東區冠軍賽戰場。",
        "延伸閱讀：",
        "【編輯 張正邦】"
    ]
}