{
    "id": "112707",
    "title": "NBA》邁向強權的路徑 灰狼的休季操作空間",
    "date": "2024/07/01",
    "topic": "籃球",
    "author_name": "運動視界編輯",
    "tags": [
        "明尼蘇達灰狼",
        "Anthony Edwards",
        "Kyle Anderson",
        "Karl-Anthony Towns",
        "Monte Morris"
    ],
    "article-content": [
        "雖然灰狼最終無緣奪得本賽季的冠軍寶座，但他們確實擊退了去年的總冠軍金塊並勇闖西區決賽，在爭冠之路上走得比大多數人預想的還更遠。這支優秀的球隊下個賽季應該也會胸懷爭冠抱負。",
        "究竟接下來灰狼能否成功升級、提高勝算？這很大程度取決於球隊老闆願意花多少錢？這也牽涉到誰才是實際上的球隊擁有者。這是個 Alex Rodriguez、Marc Lore 和 Glen Taylor 必須處理的棘手局面。",
        "以下是明年球隊的名單可能的模樣以及球隊能如何補強天賦。",
        "灰狼的自由球員",
        "灰狼名單上大部分的球員都已簽下長期合約，他們先發陣容的合約至少還有兩年，Anthony Edwards 更要到 2029 年夏天才會成為自由球員。",
        "但在板凳球員上他們確實需要做出一些決定，其中最重要的是是否要讓 Kyle Anderson 歸隊，Monte Morris 在下個賽季也可以是一位不錯的替補控衛，先前由於傷病導致他無法在輪替中有立足點。而剩下的自由球員都不在他們季後賽輪替中。",
        "亟待解決的問題──灰狼是否想送走 Karl-Anthony Towns？",
        "若少了 Towns 出色的表現灰狼可能就沒辦法擊敗金塊，但在對上獨行俠的關鍵時刻他卻彷彿不存在一樣。同時，他至今生涯表現不穩定到令人沮喪的程度，而且灰狼還有一名優秀的替補球員 Naz Reid，灰狼管理層是否會嘗試重新平衡球隊並送走 Towns？",
        "灰狼需要創造更多投籃機會與出手，這應該要是 Towns 的專長，但犯規問題和反覆無常的決策導致他的貢獻不及他應該做到的程度。",
        "Towns 也是唯一一個照理來說可以升級的位置，在自由球員市場疲弱的情況下，灰狼也無力投注資金，他們被預測為到達第二土豪稅線的隊伍，這意味著明尼蘇達只能留住現有的球員、以選秀權簽下球員並希望能以底薪合約簽下一些老將。",
        "由於 Towns、Rudy Gobert 和 Edwards 收入都各超過 4000 萬美元，球隊的財務狀況短期內應該不會有變化，除非交易 Towns 不然未來球隊名單基本上就是這樣了，他們在補強天賦上十分受限，且他們將會需要支付高額的稅金（根據 Spotrac 估計他們下個賽季的稅額為 4900 萬美元。）",
        "即使灰狼真的想嘗試並交易 Towns，他們也會受限於第二條土豪稅線，他們既無法將他的薪資和球隊名單上的任何人合併，也無法透過先簽後換得到其他球員，且他們能吸收的資金也無法比他們交易出的還更多。他們可以嘗試交易來一名身價跌到最低點的球星，但不能指望哪一隊的總管會為了 Towns 的交易拿出他們最好的球員。",
        "下個賽季要交易 Towns 會變得更困難。屆時「凍結選秀權」規則將會生效，若灰狼仍超過第二土豪稅線，他們將會無法交易任何首輪選秀權。",
        "最佳的解方可能是期待 Towns 未來幾年能在季後賽有更好的表現，他曾經發光發熱過，更多的經驗或許能對正值生涯巔峰的他有所幫助。",
        "【特約編輯 林宜／責任編輯 謝一謙】",
        "🔥更多最新 NBA 精選好文："
    ]
}