{
    "id": "112768",
    "title": "2024 NBA自由市場第二天：雷霆不迷信大牌、小牛犧牲防守換三分、塞爾蒂克持續玩壞新版CBA",
    "date": "2024/07/02",
    "topic": "專題",
    "author_name": "EdotTdot_4",
    "tags": [
        "底特律活塞",
        "波士頓塞爾提克",
        "達拉斯獨行俠",
        "奧克拉荷馬城雷霆",
        "Jayson Tatum",
        "Derrick White",
        "Klay Thompson",
        "2024NBA自由球員"
    ],
    "article-content": [
        "如果將Alex Caruso譽為雷霆的Andre Iguodala，那麼Hartenstein大概就像是Andrew Bogut、Zaza Pachulia般的存在，是雷霆欠缺的禁區拼圖。",
        "雖然雷霆上季的先發中鋒是Chet Holmgren，但有時也會擺出雙塔，搭配替補中鋒Jaylin Williams，特別是在季後賽第二輪面對禁區深度雄厚的小牛，Hartenstein對比Jaylin Williams顯然是個升級，而且有Hartenstein護框，可以徹底發揮Chet Holmgren防守涵蓋範圍廣闊的優勢，就像是幾年前灰熊盤來Steven Adams，釋放Jaren Jackson Jr.的防守潛力那樣。",
        "除此之外，雷霆還分別和上季越打越好的Isaiah Joe簽下4年48M、與Aaron Wiggins協議5年47M的續約。事實上，雷霆原本還能以低廉的價碼享有他們一年，但制服組決定各自拒絕他們原本2M左右的球隊選項，提前換約，避免他們明年成為別隊挖角的目標。",
        "由於一整個球季下來，勇士和Klay Thompson的續約談判遲遲沒有進展，所以在自由市場開市前，就傳出他可能離隊的消息，而他也在開市第二天和小牛達成3年50M、包含最後一年球員選項的協議，為了完成先簽後換，小牛將年輕搖擺人Josh Green送去黃蜂，並給予勇士兩枚次輪籤（2025 & 2031）。",
        "小牛總冠軍賽一大敗因就是外線火力不足，例行賽三分命中數聯盟第三，但總冠軍系列賽主要輪替成員中，只有Green一人三分命中率超過四成，其餘球員連三成都不到。再者，總冠軍賽前三戰，小牛團隊外線出手都在27次以下，對比例行賽排名聯盟第二的39.5次，有天壤之別。這也顯示出小牛如欲捧起冠軍金盃，外線投射的質與量皆有待提升，這也是他們找來Thompson的主因之一。",
        "Thompson也是個先發替補兩相宜的選擇，上季在勇士出賽77場，其中14場是以替補身份登場，平均進帳19.8分，排名聯盟板凳球員第二，場均命中4.2顆三分球則是替補之冠，值得注意的是這兩項數據，乃至於他的投籃三圍，都比擔任先發時出色。考量整體陣容的配置平衡，小牛教練團或許會考慮讓他轉任全職替補。",
        "小牛延攬Thompson和Naji Marshall的確補充三分火力，但失去Derrick Jones Jr.和Green，很可能犧牲部分的防守質量，光憑透過Tim Hardaway Jr.為籌碼交易來的Quentin Grimes，能否維持團隊防守強度令人懷疑。",
        "對比東區競爭對手76人大張旗鼓祭出銀彈攻勢，衛冕軍塞爾蒂克在開市首日相對安靜，昨天只從自由市場上簽回Luke Kornet和Neemias Queta兩位自家替補長人。今天則是和陣中主力敲定兩筆提前續約協議，包括和Derrick White達成4年125.9M延長合約，以及開出5年315M綁定Jayson Tatum，使其超越隊友Jaylen Brown於去年簽署的5年304M，成為史上總額最高的合約。",
        "塞爾蒂克雖然在自由市場上並不活躍，但他們非常專注於保留現有何新陣容，過去一年也陸續和Kristaps Porziņģis、Jrue Holiday續約，確保這套五人組合至少還可以合作兩個賽季。",
        "面對新版CBA規定上路，多數球隊選擇順應大勢所趨，想盡辦法將團隊薪資控制在土豪稅線以下，只有太陽、灰狼、塞爾蒂克持續堆疊高薪合約，讓薪資無限膨脹。",
        "而目前塞爾蒂克已經來到新版CBA最嚴厲的處罰階段，不僅團隊薪資超過第二道土豪稅線，而且受到累犯加重稅（repeater tax）處罰。當然只要老闆口袋夠深，加上球隊戰績持續長紅，塞爾蒂克將成為破壞新版CBA規則的存在。然而，當勇士、快艇接連因不敵新版CBA而瓦解，塞爾蒂克這組super team能撐多久值得觀察，尤其明年夏天還得面臨Sam Hauser和Al Horford的續約抉擇。",
        "Tobias Harris以2年52M加盟活塞，或許會被外界認為是爛約一張，但兩造是同病相憐。現階段的Harris算是有行無市，儘管曾在快艇打出準明星級身手，但被交易至76人後，無論作為二當家或三當家都沒發揮應有水準，今年季後賽首輪交手尼克平均9.0分，最後一戰得分還掛蛋。",
        "在陣中年輕球員眾多，時間軸與Harris相差甚遠的情況下，這筆簽約可能只是權宜之計，活塞也許會考慮借鏡上季溜馬將合約金額溢價的Bruce Brown當作季中交易的薪資包，同樣將Harris作為交易籌碼，尋求季中轉手的機會。",
        "不少人期待Melton有望複製Donte DiVincenzo的經驗，再創生涯第二春。而勇士此筆簽約，可能也是在尋找Gary Payton II的替代品，Payton近兩季出勤率只有四成左右，與他9M的年薪不相匹配，若要節流或是透過交易升級陣容，Payton恐怕會是動刀的首選。",
        "昨天面臨Paul George轉隊，積極找尋替代方案的快艇，今天又接連網羅Kris Dunn和Mo Bamba，並以2年9.6M找回舊將Nicolas Batum。",
        "🥇推薦閱讀："
    ]
}