{
    "id": "112742",
    "title": "Klay Thompson 加盟獨行俠！Nico Harrison 休賽季的漂亮開局",
    "date": "2024/07/02",
    "topic": "專題",
    "author_name": "G.T.",
    "tags": [
        "Dallasmavericks",
        "Kyrieirving",
        "DallasMavs",
        "LukaDoncic",
        "達拉斯獨行俠",
        "QuentinGrimes",
        "KlayThomspon",
        "NajiMarshall"
    ],
    "article-content": [
        "獨行俠暑假的動作大致塵埃落定，剩下最後的底薪補強。那這個休賽季最大的問題就是 Thompson 是最後的奪冠拼圖嗎？",
        "從射手戰力來看，Thompson 絕對是 Hardaway 的升級，在雙星身邊也絕對能拿到至少和勇士時期一樣 (高機率更好) 的出手機會，獨行俠總決賽最後不得不減少 Jones 的上場時間，就是因為塞爾提克刻意放投外線導致進攻空間壅擠，而最終其他補上的人沒能扭轉這個劣勢，被同一招掐到出局。Thompson 提供了總教練 Jason Kidd 一枚活棋，就算大傷過後、已過巔峰年紀，他替雙星拉開空間的能力仍然是聯盟射手一字排開中的頂級選項。",
        "顯而易見的，較讓人擔心的是他的防守和體能，受過大傷的 Thompson 不再是聯盟的頂級後場鎖，而後場防守正是獨行俠雙星最需要隊友的弱項。上季獨行俠的基礎是防守和快節奏進攻，Thompson 逐漸慢下來的雙腿能否跟上這支新獨行俠、會不會跟速度同樣偏慢的 Doncic 產生加乘的負面影響是觀察重點。",
        "防守方面，除了隊上不乏防守工兵能夠用輪替來稍微彌補以外，獨行俠想擺上雙星 + Thompson 的絕對火力就必須要仰賴他們三人自己認真防守，Irving 整個季後賽的防守堪稱亮眼，面對身材高大的點名戰術他也能給足身體對抗，讓對手轉而去點名 Doncic。Doncic 和 Thompson 優缺點雷同，都是有良好觀念、身體對抗性、橫移不足，這將會是 Kidd 的最大難題。好消息是獨行俠保留了原來的防守大部分的戰力，沒有太大的陣容變動之下，他們將有一季的時間去尋找更好的防守解答。",
        "Kidd 證明了他能夠督促 Doncic 真正彎下腰防守，Thompson 更是以拚戰精神出名，在對的環境和合理的上場時間之下，他們應有能力繳出至少不會太差、能用進攻火力彌補的防守。",
        "獨行俠失去了 Jones，但補上了防守同樣優秀的 Marshall、Grimes。Marshall 提供堅實的側翼防守、比 Jones 更多樣性的下球進攻，Grimes 則是跟防後衛和繞掩護非常優秀的二三號位。獨行俠將上季擔任 POA 的主要兩人 Jones 和 Green 換成了 Marshall 和 Grimes，防守端有些許升級的機會 (Grimes 的防守表現比 Green 優秀許多)、最差不會退步太多 (Jones 在獨行俠繳出的頂級防守很難完全複製，但 Marshall 和 Grimes 保底表現不會太差)。",
        "進攻端可以觀察新援的下球進攻，Kidd 給予綠葉不少下球進攻的空間，Marshall 在鵜鶘時期展現的優秀傳球能力或許也能在獨行俠發揮，而最基本的還是這兩人需要投得進三分。",
        "在經歷勇士的最後一年，Thompson 或許已放下了對先發的堅持，他放棄勇士 (甚至是湖人) 可能提出的高薪，轉而簽下三年 5000 萬這個優質先發到第六人的價碼或許就是蛛絲馬跡。",
        "盤來 Thompson 之前，獨行俠已用 Marshall 和 Grimes 先打下了防守戰力基礎。去年 Jones 的表現展現了 Kidd 對先發防守的重視，兩位新援若能在 POA 防守繳出類似 Jones 的表現，或許能進一步搶到先發位置。",
        "擅長與球員溝通的 Kidd 會不會說服 Thompson 轉打第六人是觀察重點，如此一來獨行俠能夠確保比賽開局的防守強度，再利用 Thompson 的火力彌補板凳熄火問題。但不論先發與否，Thompson 和雙星的場上磨合仍舊重要，因為這三人的連線才能提供獨行俠最強的進攻火力。",
        "前瞻中也有提到，第一點的機會可遇不可求，留下 Jones 是最簡單的暫時選項。雖沒有留下 Jones 但補上了類型相同的 Marshall，Harrison 成功了維持住獨行俠的核心戰力。",
        "Thompson 的到來解決了射手問題、更有機會成為第三得分點。他的火力也能進一步降低球隊尋找替補持球手的要求：獨行俠不用擔心火力不足的問題，只需要找到能穩穩控場的替補，幫雙星分擔輪替時間，帶領綠葉球員們得分。",
        "因此，Thompson 可能不是奪冠的最後拼圖 (筆者仍舊相信先發實力的 3D 才是)，但提供了許多想像空間，防守是最大隱憂，但最差狀況就是如同上一季，用雙星創造進攻、帶領防守工兵拿下比賽，獨行俠確保了輪替中仍擁有足夠防守資源，就有一定程度的容錯率來賭 Thompson 能帶來的效應。"
    ]
}