{
    "id": "112782",
    "title": "與Donovan Mitchell續約，騎士正式進入「米丘的時間軸」",
    "date": "2024/07/03",
    "topic": "專題",
    "author_name": "arenasis",
    "tags": [
        "Cleveland Cavaliers",
        "Donovan Mitchell"
    ],
    "article-content": [
        "至7月2日為止，全聯盟僅有灰狼、灰熊、金塊、公鹿與騎士等5支球隊，無論在自由球員或交易市場上幾乎沒採取任何行動。不過稍早騎士終於與陣中王牌球星Donovan Mitchell簽下3年1.5億美元的續約，儘管最後一年有著球員選擇權，對克里夫蘭市、騎士球團與球迷而言，仍舊值得慶祝。",
        "自從騎士出奇不意的以3張首輪籤、3個籤位互換權與3位球員，交易來Mitchell後，除卻球場上表現，圍繞著他的話題多半不是「Mitchell會不會跟騎士續約」，而是「Mitchell會選在何時離開」。特別在2022-23季後賽騎士遭尼克掃地出門後，與紐約有地緣關係的Mitchell被認為遲早會前往尼克、籃網甚至西岸的湖人等隊。",
        "對很少有明星落腳，即便有也幾乎都是沾了LeBron的光才前來的克里夫蘭來說，Mitchell是個有趣的存在。他從小就是騎士/老詹球迷，被交易來騎士後不久，還在社交軟體上發出昔日身穿老詹球衣的照片。他看過「The Decision」，2015年季後賽Kevin Love與Kelly Olynyk卡位時肩膀脫臼，Mitchell在電視機前怒吼，當然他也是翌年騎士逆轉奪冠的見證者之一。應對大量的流言蜚語，Mitchell多半以巧妙的話數迴避，既表達他對騎士的喜愛，同時不對續約做任何可能的暗示。",
        "Mitchell在克城過著愉快的小日子，他去看MLB守護者隊的比賽，球團安排公關活動無不配合，球迷服務做好做滿，與隊友相處融洽。身為小市場球隊唯一球星，關於他未來去處的報導是無可避免的。在爵士時期練出的話術，足夠Mitchell滿足急著從他口中套出隻字片語好大做文章的媒體，又不至於給出逾矩的答案。",
        "以J. Allen、Mobley、Garland等新銳做賣點吸引Mitchell的騎士，連3個球季勝率過半，兩度在季後賽亮相──這是陣中沒有LeBron James以來未嘗達到的「壯舉」。然而人們期望的更多，假使東進克里夫蘭，成果卻跟在猶他時期相仿，一切也就無意義了。對魔術系列賽最終戰高漲的壓力下，Mitchell 39分9籃板5抄截的表現，硬是拉著球隊克服上半場一度18分的落後，這也是他自從2018、2021年之後第三度闖過季後賽第一輪。騎士隨隊記者Terry Pluto稱讚道「Mitchell無論身心兩方面都已經瀕臨極限，我一直都很喜歡身為球員的他，現在經歷過這個系列戰的峰迴路轉，我的尊重有增無減。他是個有禮、意志堅強、不為自己找理由開脫的人。無論還剩多少餘力，一定會在第7戰毫無保留地奉獻給球隊與球迷」。",
        "Mitchell與騎士達成協議，同時具有象徵與實質兩種意義，首先，這是自2018年夏天以1.2億美元與Kevin Love續約以來，騎士再度成功留下陣中明星球員，而且Mitchell基本上是聯盟排名前20以內的優秀選手。雖然J. B. Bickerstaff教練最終跟Mitchell與部分球員相處並不愉快，也失去對更衣室的掌控力。Allen因為肋骨挫傷在季後賽關鍵戰役的缺席，更引發了內部的紛擾，但總體而言顯然沒有影響到Mitchell的續約意願。另一方面，正如2023年夏天隨隊記者Jason Lloyd所言：飛機既然已經離地，想不加速是不可能的。騎士正式邁入「Mitchell時間軸」，所有的資源、配置都會圍繞著他。甚至連「Core 4」的其他三位都未必能走到最後。不過，當你持有明星球員，類似的煩惱便是理所當然，這個夏天騎士已經完成1.聘請新教練，2.與Mitchell續約兩個主要任務，接著將是更多的陣容打造與天分篩選。"
    ]
}