{
    "id": "112877",
    "title": "NBA》複製冠軍的點子？ 雷霆休賽季操盤的藍圖與企圖",
    "date": "2024/07/08",
    "topic": "專題",
    "author_name": "運動視界編輯",
    "tags": [
        "奧克拉荷馬雷霆",
        "Shai Gilgeous-Alexander",
        "Chet Holmgren",
        "Isaiah Hartenstein",
        "Alex Caruso",
        "Jaylen Williams"
    ],
    "article-content": [
        "隨著全世界目睹波士頓塞爾提克隊打出近代最具統治力的賽季，並以16勝3負的季後賽戰績奪冠，一個特定的奪冠公式似乎開始浮現。",
        "塞爾提克能同時擁有五位能做任何事情的球員在場上：投籃、傳球、創造進攻、能持球或無球進攻，防守多個位置，且擁有頂級的深度和整體實力。",
        "這並不是一個新穎的概念，多功能一直是NBA的風潮。然而，幾乎每支球隊都有一個漏洞。有人不能投籃。有人不能防守，至少有一個薄弱環節讓對手有機可乘。",
        "然而，看看奧克拉荷馬城雷霆隊的陣容。在透過交易來Alex Caruso後，雷霆隊現在像塞爾提克擁有Jrue Holiday和Derrick White一樣，手握兩位最強悍的持球防守者-Caruso和Lu Dort，更不用說他們還在後續從尼克手中奪走了Isaiah Hartenstein，讓他們較為薄弱的兩個環節獲得顯著升級。",
        "除此之外，他們還擁有與Kristaps Porzingis同為能拉開空間精英級的護框者Chet Holmgren、一個與Jaylen Brown角色類似的Jaylen Williams（Brown對Luka Doncic的防守已經做到極致，而Williams在西區第二輪中領銜限制Kyrie Irving每場僅得15分），以及像Jayson Tatum一樣能吸引雙人包夾的超級巨星Shai Gilgeous-Alexander。",
        "在這套陣容中，除了Hartenstein外每個人都能投籃（Caruso上賽季三分球命中率為40%，每場出手接近五次，與Dort的數據幾乎一樣）、防守，甚至是運球。Williams是SGA旁邊的精英單打得分手，然而，OKC並不過度依賴個人創造進攻機會，因為球會不斷移動來找到最適合的機會。",
        "對於大多數球隊來說，模仿波士頓塞爾提克的陣容是一個白日夢。塞爾提克是一支極其幸運的隊伍。他們擁有自家培養的明星，然後因為Damian Lillard的交易餘波而幸運地得到了Holiday。這樣的難度就像試圖模仿勇士隊透過選秀得到Stephen Curry、Klay Thompson和Draymond Green一樣。",
        "事實上，現任巫師隊副總管Travis Schlenk就曾試圖在老鷹隊做到這一點，他選擇了Trae Young作為他的Curry，然後加入了DeAndre Hunter和Kevin Huerter，目的是將五個可以投籃、傳球和運球的球員放在場上。",
        "這是一個好主意，但是Young在防守端是一個漏洞，Hunter和Huerter雖然在紙面上符合這個模型，但實際上並不夠好。然而，雷霆隊的球員足夠優秀，SGA將在未來五年成為頂級MVP候選人，Williams很快會成為全明星，Holmgren也是如此。這些球員都是由雷霆隊選秀得到的，這與塞爾提克在選中Tatum和Brown時成為冠軍競爭者的情況類似。",
        "相似之處還在繼續：Marcus Smart對於綠衫軍來說是一個好球員，但他對2024年總冠軍最大貢獻是他最終的交易價值，因為是Smart促成了Porzingis的交易。Josh Giddey是另一位由雷霆隊選秀並培養的球員，變得足夠好，讓雷霆隊能夠將他交易成Caruso。",
        "他們可能還沒有結束，Sam Presti能夠在不需要再加一個選秀權的情況下得到Caruso的原因依舊是個謎。時至今日，雷霆隊仍然擁有13個未來的首輪選秀權。",
        "不過儘管他們整個賽季的三分數據看起來不錯，但其中大多數球員，包含Dort、Caruso，甚至可能包括Holmgren，有可能還尚未證明能夠穩定輸出，能否在季後賽殺出重圍仍是問題。",
        "在Williams和Holmgren依舊保有新秀紅利的時段內，他們都會是能夠威脅全聯盟的存在，Caruso的交易和簽下Hartenstein只是更多動作的開始，雷霆隊正試圖按照我們剛剛看到的奪冠模式打造另一支潛在王者。",
        "【特約編輯 林昌毅／責任編輯 謝一謙】",
        "🔥更多最新 NBA 精選好文："
    ]
}