{
    "id": "112999",
    "title": "NBA》強化競爭力的標的 騎士的潛在簽約對象",
    "date": "2024/07/12",
    "topic": "籃球",
    "author_name": "運動視界編輯",
    "tags": [
        "克里夫蘭騎士",
        "Gordon Hayward",
        "Robert Covington",
        "Simone Fontecchio",
        "Cedi Osman"
    ],
    "article-content": [
        "2024 年的 NBA 休賽期不像往年那般的瘋狂，而是緩慢展開的。與過去相比，今年各隊的動作都溫和了許多。至於沒有太多動作的克里夫蘭騎士隊，以下編輯群整理出了幾位還未找到下家的目標仍然值得考慮。",
        "1. Cedi Osman",
        "身高: 六呎七吋",
        "位置: 小前鋒",
        "上季成績:",
        "6.8 分(.479/.389/.673)，2.5 籃板，1.7 助攻",
        "誰不愛大團圓呢？若Cedi Osman 真的回到老東家豈不是一樁美事？當然更重要的是，他能幫助球隊贏球。",
        "相信Osman的好不必再對騎士球迷多說了。他是個充滿能量、有時有點人來瘋的六呎七吋鋒線，只是缺點是他會在球場上的狀態時好時壞，能發覺並利用Osman的好狀態一直都不是容易的事。然而騎士隊的四個核心排出來，小前鋒位置是有明顯空缺的，偶爾讓Osman上場燃燒小宇宙也不失為一個好的嘗試。",
        "身為一名深受球迷及隊友愛戴，且三分球命中率接近 40% 的球員，無論如何都是一個令人滿意的補強。",
        "2. Simone Fontecchio",
        "身高: 六呎八吋",
        "位置: 小前鋒",
        "上季成績:",
        "10.5 分（.460/.403/.818），3.7 籃板，1.5 助攻",
        "名單上唯一的受限自由球員，Simone Fontecchio 值得騎士隊去競價，甚至可以通過先簽後換來完成交易。這位 28 歲的側翼球員在底特律時的賽季末段平均每場拿下 15.4 分，三分命中率達到 42.6%。",
        "Fontecchio 有著出色的身高和臂展，正好符合騎士隊最大的陣容需求。雖然他的天花板可能有限，但 Fontecchio 尚未在一支常勝的 NBA 球隊中發揮其潛力，也許在克里夫蘭能夠實現這個目標。",
        "編輯額外推薦：",
        "3. Gordon Hayward",
        "身高: 六呎七吋",
        "位置: 小前鋒",
        "上季成績:",
        "9.8 分（.464/.411/.742），3.5 籃板，3.1 助攻",
        "上季的Hayward在季中被交易至雷霆，原本對於欠缺前鋒的雷霆來說絕對有幫助，可惜轉戰奧克拉荷馬後的「星海哥」水土不服，導致他沒能展現應有的實力。對騎士而言，Hayward不僅可以補充他們缺乏的鋒線戰力，同時也可以讓他擔任場上的第二持球點，不管是先發替補皆可用。",
        "Hayward之所以現在還在自由市場待價而沽，不外乎來自於上個球季的下滑，在雷霆的季後賽奮戰過程中幾乎被棄用，讓他的身價完全打壞。此外，有諸多傷病史的他，也會讓想嘗試的球隊多少有些卻步。現在的Hayward會是騎士逢低買進的機會，儘管要承擔一點風險，但不失為一個可以考慮的人選。",
        "4. Robert Covington",
        "身高: 六呎七吋",
        "位置: 前鋒",
        "上季成績:",
        "4.4 分（.439/.339/.846），3.3 籃板，0.8 助攻",
        "作為聯盟曾經最炙手可熱3D球員之一的Covington，上季也經歷了交易，然而出賽29場比賽，場均只剩下4.4分的數據，導致他成了現在市場上還未受到青睞的自由球員。儘管樣本數不多，但Covington仍有34%的外線命中率，依舊可以作為定點等球射手使用，某種程度上也可以把他視為另一個Isaac Okoro。不過其最大的價值依舊是基本的3D功能期待，特別在東區鋒線有如Jayson Tatum、Mikal Bridges等對手，能面對他們的人手永遠不嫌多。",
        "Covington可能是現在自由市場上少數可以符合騎士想要向上競爭需求的選項，雖然他的退化不免令人擔憂，簽下他並不會替騎士帶來巨大的升級，不過若能在有限的時間內讓他用防守應付東區的鋒線，也仍值得讓他進入騎士的輪替名單。",
        "【特約編輯 柯福恩／責任編輯 謝一謙／核稿編輯 張正邦】",
        "🔥更多最新 NBA 精選好文："
    ]
}