{
    "id": "112946",
    "title": "NBA》改變的契機 PG13會是七六人與Daryl Morey的救贖嗎？",
    "date": "2024/07/09",
    "topic": "專題",
    "author_name": "運動視界編輯",
    "tags": [
        "費城76人",
        "Joel Embiid",
        "Paul George",
        "Tyrese Maxey",
        "Daryl Morey"
    ],
    "article-content": [
        "Daryl Morey是一位計劃執行大師，就算只有0.0001%的可能性，他都會想盡法實現。",
        "在去年秋天，他將James Harden交易到洛杉磯快艇隊，換來了幾個選秀權和角色球員後，又在今年讓76人以Joel Embiid、Tyrese Maxey和空白的球員名單進入暑假。",
        "不過到了今年他又再次展示了他的計謀，與前快艇隊球星Paul George簽下四年價值2.12億美元的頂薪合約，這幾乎是今年最受矚目的一筆簽約，在一個迅速成長的控衛和一個MVP中鋒之間加入一名頂級的側翼。",
        "在創造這些薪資空間244天後，Morey可以將他的所有備用計劃拋在腦後了。George將填補費城多年的空缺，並且有助於應對與OG Anunoby續約和交易來Mikal Bridges的尼克隊，甚至是在季後賽中對抗Jayson Tatum和Jaylen Brown的探花組合。",
        "George現在給了76人他們自己的頂級側翼選擇，他是一個完美的副手，擁有無法複製的體型、組織能力和投籃技巧。George甚至可以與Embiid進行毀滅性的擋拆。根據對手的不同，他也可以為Maxey設置掩護，或者在Embiid與Maxey進行擋拆時快速跑位。",
        "快艇總教練Tyronn Lue的戰術本中有好幾頁是讓George在肘區接球進行單打，Nick Nurse也可能會使用這些戰術。George的角色將比過去幾個賽季的Tobias Harris更加多工和精細，即使76人理論上只能給予George類似於Harris的出手數，他所能帶來的作用卻比Harris來得多。",
        "我們已經看過George如何在需要球權的Kawhi Leonard、Russell Westbrook和Harden身旁產生影響力，而Maxey並不像去年快艇隊Harden需要這麼多球權，即使Embiid喜歡投籃也不會影響到George的定位。",
        "Nurse將會錯開上場時間，確保隨時有兩位得分手在場上，維持進攻火力。然而，使George如此特別的一點是，他擁有在無球情況下積極影響進攻的各種方式。並不是所有明星都願意在弱邊移動，並利用他們的吸引力來牽制對手。如果George願意，效果會是顯著的。",
        "在費城，他可以將球傳給位於低位的Embiid，透過跑位尋找合理的出手空間。他也可以站在角落，讓防守自己的球員遠離禁區，避免對方針對Embiid進行雙人包夾。",
        "想像一下George在擋拆中設置後掩護的情況，想像一下Maxey和Embiid進行擋拆，George繞過底線在底角找到空檔。想像一下Embiid為George設立掩護，然後在防守者試圖阻止George時被帶往禁區深處。",
        "毫無疑問地，George可能會是最兼容Embiid的隊友。無意冒犯Jimmy Butler，但George也可能是最有才華的，他就是一名隨插即用的球員。他在進攻上多才多藝，能防守多個位置，並且幾乎沒有弱點。",
        "此外，George是關鍵時刻的首選，能為自己和其他人創造投籃機會，無論是在低位面對雙人包夾還是單打命中撤步三分。上賽季他在關鍵時刻的真實投籃命中率為71.6%，是聯盟中命中率最高的球員之一。",
        "George唯一的問題是出場時間，他上賽季出場超過2000分鐘，這是他在快艇隊首次做到這一點。他才剛在五月年滿34歲，身體經歷過多次嚴重傷病和各種手術，這也是快艇隊不願意給他四年頂薪合約的原因之一。",
        "儘管George在幾乎所有方面都很出色，但他因傷缺席了整個2023年季後賽，而快艇隊在2022年季後賽失利的一部分原因是George只參加了31場例行賽。時間老人隨時都在George身邊，我們很難判斷他何時會開始迅速衰退。Morey剛剛打開的冠軍窗口將正面迎擊塞爾提克、尼克、公鹿和其他虎視眈眈的年輕球隊。",
        "在奪冠機率方面，明星球員提高了天花板，但板凳深度會決定地板。看看這個賽季的鳳凰城太陽隊和波士頓塞爾提克隊的情況。不同管理層可能會執行不同的策略，偏好一組互補的角色球員，例如今年市場裡的Kentavious Caldwell-Pope、Klay Thompson、Derrick Jones Jr.、Bruce Brown Jr.等，而不是一份最大合約。",
        "截至目前，我們還不知道Morey將如何填滿球隊陣容。在自由市場開啟的前幾個小時內，76人同意與Eric Gordon達成協議，但他將在聖誕節那天滿36歲。他們還帶回了Drummond，儘管他第一次在76人隊的表現並不值得誇耀。",
        "Morey使用空間中產帶回了Kelly Oubre Jr.，並且仍有一些交易特例（包括最近Harden交易創造的一個價值680萬美元的特例），一些剩餘的薪資空間和一堆選秀權可以使用（後續也簽下Caleb Martin）。Nicolas Batum和De’Anthony Melton已經離開了，而Kyle Lowry的狀況仍然是個問號。",
        "不過從短期來看，即使在他們的15人名單尚未定型，這支76人所擁有的三巨頭，已經讓他們被標記為冠軍競爭者。當Embiid過去不在場時很少有人能夠承擔費城的進攻責任，而George足夠優秀，可以解決這個難題。",
        "Paul George的存在並不意味著他們最終能夠進入總決賽甚至突破第二輪，但這確實證明了Morey的願景和耐心。在壓力不斷增大的情況下，這位費城的主要建築師不僅僅是在某些空白繪圖紙上描繪了一座宏偉的大教堂的輪廓。",
        "他將其理論建設變為了具體現實。在過去的十幾年中，魔球理論的忠實擁護者持續地在打造奪冠公式，而Paul George生來就是為這個角色而生。現在，他，他的兩位全明星隊友和Morey都需要每個冠軍之旅所需的運氣來完成這一目標。",
        "【特約編輯 林昌毅／責任編輯 謝一謙】",
        "🔥更多最新 NBA 精選好文："
    ]
}