{
    "id": "113071",
    "title": "【豬籠草上飛】2K25公牛夏聯戰報(1)：首戰遇公鹿，喜見開門紅",
    "date": "2024/07/14",
    "topic": "籃球",
    "author_name": "豬籠草",
    "tags": [
        "Nba",
        "公牛",
        "AdamaSanogo",
        "JulianPhillips",
        "MatasBuzelis",
        "2K25SummerLeague",
        "WilliamDonovanIII​",
        "JavonteSmart"
    ],
    "article-content": [
        "公牛夏聯戰隊首戰告捷，全場多數時間保持領先，最大差距14分。",
        "第二和第四節都遇到進攻乾旱期，尤其是最後一前的前五分鐘，被公鹿一波14：3，差點被逆轉，最後還是靠兩位學長Adama Sanogo(17分12籃板3抄截，罰球5/6，7顆進攻籃板)和Julian Phillips(17分10籃板1抄截5次犯規)挺身而出，以及Javonte Smart的三分冷箭，守下最後的勝利，96：87。",
        "以下是觀賽心得：  1. William Donovan III​，新教練新氣象？",
        "公牛這次夏聯的帶隊教練是新入團的William Donovan III，他也將是下個賽季風城公牛的總教練，老爸帶正隊，兒子帶發展聯盟也是罕見的。",
        "這次夏聯和去年一樣是13人名單，小Donovan今天只用9人輪替，擺出的先發五人是：",
        "C Garrison Brooks、F Henri Drell、F Matas Buzelis、G  Julian Phillips、G  DJ Steward   除了先發中鋒沒有擺Sanogo有點意外，其他四個位置都一如預期。",
        "2. Matas Buzelis開箱",
        "Buzelis的初次亮相，全場跑動活躍，背後換手運球流暢，左右手都能進攻，上半場展現切入對抗性換到多次上罰球線的機會(半場得10分，全隊最高，全場15分進帳)，還有胯下換手後的中距離急停跳投；下半場秀了一次三分線附近持球後假傳真切的上籃得手，以及禁區內收球被包夾後吊球給籃下空檔的Sanogo，後者擺進兩分。",
        "綜合來說，Buzelis的​技巧和膽識兼具，碰到包夾時也有傳球視野，雖然首戰命中率不佳，但瑕不掩瑜，可以高度期待！   缺點就三分投射比較沒有發揮，防守時碰到比較壯碩有爆發力的對手，對位上有點辛苦。   還有...他跟Drell同時在場上，拉遠景不好分辨XD",
        "3. 夏聯特色：先單打後團隊？",
        "夏聯公牛的團隊進攻節奏很快，尤其是上半場，沒有人穩定控球組織，整體較無章法，比較多個人單打。第三節把進攻節奏稍微放慢，成效很顯著。   對比同時期公鹿賭博式的大量投三分或由 MarJon Beauchamp瘋狂單打，幾乎放棄進攻籃板，即使兩邊投籃都不準，公牛卻可以把分差拉到兩位數。   公牛今天的先發控衛是Steward，Smart替補，基本上兩人都沒有在組織，傳球的質量不佳，且他們兩個在站區域聯防時的輪轉時蠻容易失位，成為外圍防守的漏洞。   我可以體諒Steward和Smart是因為想拚一張Exhibit-10或雙向合約，力求自我表現，但好好地把球帶過半場跑一下基本戰術還是蠻重要的。   賽前我就說Steward是值得關注的前三名，他今天的出手選擇真的差，幾乎都是硬切盲投，全場16投5中拿10分，如果後面三場沒有及時調整，恐怕連受邀訓練營都有困難。   Smart這場貢獻17分3助攻2抄截，三分球3/6，罰球6/7，第四節關鍵的三分球幫助球隊擺脫公鹿的反攻，去歐洲打球的經歷讓他的抗壓性有所提升。  4. 內線球員的團隊配合",
        "團隊進攻上，只有Sanogo會上高位來幫忙單檔，Andrew Funk第一節的四分打就受益於此。   Brooks意外地出任先發中鋒，開賽沒多久就在左側45度角投進空檔三分，有帶給我一點驚喜感，整場他的表現就中規中矩；第三節開始小Donovan教練讓Sanogo待在場上更長時間，Brooks退居板凳席，下半場打7分鐘但亮點不多。   必須說，雖然Sanogo在籃板保護和團隊配合上比較有意識，但讓他持球單打不是個好選擇，上半場一個走步，下半場一個翻球違例，還是靠擋拆吃餅或跟進補籃比較穩定。  5. 尚待觀察的追夢者",
        "另一位值得關注的Marcus Domask，僅在上半場替補上來7分鐘得2分，下半場完全沒上，看起來速度真的偏慢，攻守兩端都沒有特殊表現。",
        "至於完全沒上場的Dereon Seabron、Chase Audige、Nathan Knight和Tyler Thomas，後面三場一定有露臉機會，讓我們持續觀察。",
        "【內文圖片來源：@chicagobulls​】",
        "更多有關公牛的討論："
    ]
}