{
    "id": "113136",
    "title": "《120%符合需求的拼圖：Gary Trent Jr加盟公鹿》",
    "date": "2024/07/17",
    "topic": "專題",
    "author_name": "KC",
    "tags": [
        "Nba",
        "公鹿",
        "Damian Lillard",
        "Giannis Antetokounmpo",
        "Gary Trent jr"
    ],
    "article-content": [
        "去年還是領著19M的大合約，到了今年變得突然只能拿底薪，這絕對不是他的問題。在暴龍的3年半，Trent還是那個可先發可替補的優秀射手。近年Siakam、Barnes、Poeltl、OG作為先發球員，暴龍排出一組進攻空間極度擁擠的先發陣容，導致Trent的投射空間同時被壓縮。但他在暴龍的幾年，依舊投出了38% (2.7/7.0) ，高產量的三分。",
        "他加盟公鹿很大概率會承接去年Malik Beasley的先發射手定位。Trent Jr也能打跑動投射，跑off-screen的次數一直在聯盟上游。在Lillard、Middleton和Giannis三巨頭旁邊投三分，肯定會比在暴龍兜售前的進攻空間舒適。甚至就算他能達到Grayson Allen那樣領跑聯盟的外線命中率，我也不會感到太意外。",
        "除了外線投射，我認為他的下球能力是純射手中最強的。相較Huerter需要Sabonis的掩護才能下球切入，或是Hield、Thompson、Kennard、Robinson等「能下球」的射手，Trent Jr才是其中最能持球的人。雖然跟一般的控球後衛不能相提並論，但強邊有Lillard和Giannis，弱邊有Middleton的接應，在他們身邊打第四/五持球，像KCP那樣，對公鹿而言就非常夠用了。",
        "而Trent Jr的防守才是最令人驚豔的地方。生涯6年把側翼所有防守定位都試過一輪，拓荒者他曾擔任過POA第一線對位防守者，他還是不錯的Chaser。不過到暴龍後，Trent Jr有明顯增重練壯，下盤力量和對抗性變得更好後，甚至能扛到大型側翼，但卻犧牲了繞掩護能力，遇到掩護偶爾會被卡住，不像Thybulle那樣靈活地轉髖。不過拿Beasley來比較，Trent Jr的加盟已經大幅升級後場防守，改善去年防守體系的問題了。",
        "雖然我略嫌Trent Jr的休息室問題，甚至曾傳出過他曾在談話中出過怪聲。但新聞中也說了Lillard的招募是不可或缺的一環。願意底薪加盟密爾瓦基這座小城市，可見至少Trent Jr跟Lillard的關係依舊相當不錯。希望他能為Lillard的爭冠路增加一點幫助吧。"
    ]
}