{
    "id": "113179",
    "title": "Jokic 欽點的 Russell Westbrook 加盟金塊即將成真 ! 他為丹佛金塊帶來的究竟是救贖還是毀滅 ?",
    "date": "2024/07/19",
    "topic": "專題",
    "author_name": "鮪魚",
    "tags": [
        "丹佛金塊",
        "Denvernuggets",
        "Nikola Jokic",
        "Russell Westbrook"
    ],
    "article-content": [
        "在快艇把 Russell Westbrook 交易至爵士，Westbrook 會在被爵士裁掉後加入金塊之後，雖然我對於 Booth 這個夏天的操作諸多不滿，但我還是願意給他個 60 分。我知道 Westbrook 一直都是一個優缺點明顯且總是圍繞爭議的球員，但我還是認為簽下 Westbrook 會是金塊繼 2022 年季中簽下 Cousins 後，最好的一筆自由市場簽約。",
        "在討論 Russell 能給金塊帶來甚麼之前，首先我們要有一個共識，那就是金塊的第二陣容已經爛了非常多年，且持續探底，誰來都很難救活的程度。",
        "金塊的替補曾經出過不少在季後賽打出亮眼表現的球員，例如 Jerami Grant 和 Bruce Brown，但這些球員在例行賽打五上五下的第二陣容時，正負值都是令人髮指的差。",
        "這些球員能在季後賽時於 Jokic 的身邊打出亮眼表現，代表他們都是兼具體能與球技的好球員，那金塊替補的問題到底出在哪裡 ? 我想就是出在總教練 Michael Malone 身上了。",
        "Malone 從 2015 年執教金塊至今，已經準備邁向第十個年頭。這些年他有許多自己的精彩時刻，但那大多是圍繞著 Jokic 畫出的進攻策略與防守調度，而他至今沒有任何一刻證明了他在離開 Jokic 體系後，依然能夠打造好的進攻體系。",
        "金塊替補的進攻體系從 2015 年至今都是混亂的，Malone 的進攻很強調全能且實力不俗的長人，講白了就是他為 Jokic 打造的一切，但像 Jokic 這樣的史詩級奇形種又豈是能輕易被模仿的 ? 因此在 Malone 的執教下，金塊的替補只有在同樣是全能長人的 Cousins 在場時，才看起來有點東西。",
        "讓我們把話題拉回 Russell 這裡，金塊的選秀多年來都在尋找 Jokic 的拼圖，甚至已經記不清上一個有影響力的核心打法控球是甚麼時候的事，而 Russell 正是那個有機會改變金塊混亂替補的那個人。",
        "聽到這邊也許又有很多人不同意了，Russell 帶隊不是總給人家處理球紊亂又容易暴走的印象嗎 ? 這似乎跟「改變金塊混亂替補」幾個字扯不上關係，但金塊替補進攻之所以混亂，正式多年來一直沒有一個能擔任重心的角色，而 Russell 正是有可能能做到的人。",
        "要討論 Russell 能帶來甚麼影響，除了瞭解金塊的現況外，我們還要因應各種情況來沙盤推演。",
        "·",
        "金塊之所以在季後賽二輪輸給灰狼，除了難辭其咎的慘澹外線外，體能的調配出問題也占據了很大的原因。正因替補的實力不佳，金塊在例行賽開始就必須要讓先發球員頻繁打銜接段，累積整季的消耗再加上變本加厲的季後賽，最終迎來了氣力放盡的結局。",
        "能讓先發得到充足的休息絕對是下個賽季的課題，尤其諸如 Jokic 和 Murray 等核心球員都參與了奧運賽事，金塊絕對不能像上個賽季那樣繼續讓先發們過度操勞。",
        "金塊目前的替補大多由近三年的新秀組成，不僅球技青澀，經驗更是缺乏，提高進攻節奏會是揚長避短最好的方法。",
        "如果新賽季金塊能讓 Westbrook 吃下 20 分鐘左右的時間，搭配具備三分能力的 Saric 和 Strawther，外加能大範圍掃蕩的 Watson，一個平均值的替補陣容已然成形，最後一個位置能視需求擺上三分不錯的 Hunter 抑或是處理球能力不俗的 Cancar，都是能去嘗試的調度。",
        "·",
        "比起五上五下，近年金塊最常出現的調度則是讓 Murray、Porter 或 Gordon 等人在 Jokic 下場後帶二陣，考量到 Murray 的腿傷隱患，例行賽時 Malone 更多是讓 Gordon 打小球五號、Porter 增加三分威脅。",
        "我認為 Westbrook 跟 Gordon 和 Porter 的兼容度也不會差，首先 Porter 就不用講了，一個能跑位的高砲台絕對能為 Westbrook 創造更好的進攻空間，而 Westbrook 比過去控球 Monte 或 Reggie 等人更好的分球能力也能為 Porter 帶來更好的進攻機會。",
        "再來是 Gordon，雖然兩人都不擅投射這件事非常有可能會讓進攻空間卡死，但 Westbrook 也很可能是金塊近年最能傳空接的替補控球了，兩人之間的配合不是沒有開發空間。",
        "·",
        "我想這點是最多人質疑 Westbrook 來金塊的部分，而我就直說了，Westbrook 跟金塊雙核的適性並不怎麼好，至少我目前紙上談兵的看來並不好。",
        "先來講 Murray 好了，我知道有很多得分手會因為從一號位改打二號位從而解放自己的得分能力，但顯然 Murray 並不是這樣的球員，至少目前觀察下來，Murray 雖說是完美適配 Jokic 的擋拆搭檔，但他離開 Jokic 後，只能算是一個效率相當普通的單打手。",
        "Westbrook 和 Murray 同時在場我認為並不能完整展現出兩人的長才，去防守二號位能讓 Murray 減少一點腿部的消耗，但 Murray 過去在強邊靠身材單打對面矮控衛的畫面也將不復存在。說到底，Murray 在面對身材佔據優勢的防守人，還是很仰賴 Jokic 的掩護來創造出手機會。",
        "而 Westbrook 和 Jokic 的配合我認為相當有趣，Westbrook 雖已不年輕，但他的突破與爆發力放在金塊近年歷史，依然是最好的幾個人之一。Jokic 從來沒有跟這個類型的控衛搭配過，他紮實的掩護將能讓 Westbrook 夢回過去雷霆時期的 Adams，甚至更佳，因為 Jokic 有著 Adams 沒有的投籃威脅。",
        "但這也僅限於進攻端，擠掩護與換防意識不佳的 Westbrook 很難成為 Jokic 防擋拆的優質搭檔，即使 Westbrook 作為 Poa 的能力並不俗。",
        "且進攻端拉不開空間的 Westbrook 會讓 Jokic 在低位面臨更大的防守壓力，這點在例行賽可能還不明顯，但季後賽將會是決定 Westbrook 上場時間不宜太多的關鍵原因。",
        "但投射不穩的 Bruce Brown 也能在季後賽帶給金塊巨大的幫助，我認為只要 Westbrook 磨合順利，某些時刻金塊是有機會把他當成去年的 Brown 來使用的。",
        "·",
        "綜合以上，我們可以得知，只要在設下條件的情況下，Westbrook 的到來無疑是近年最有機會升級金塊替補戰力的自由市場簽約，例行賽的成效可能會更甚於當年簽下 Bruce Brown。",
        "甚至 Westbrook 與有機會像 Brown 一樣，為轉型後的自己迎來代表作。",
        "最後簡單歸納一下，Westbrook 能帶給金塊的正面影響為:",
        "1.有機會為金塊替補帶來相對穩定的進攻體系。  2.經過一年的磨合，季後賽有機會提供類似 Bruce Brown 的價值。 3.讓連夏聯都打得毫無影響力的 Pickett 繼續坐在板凳深處。 4.讓連夏聯都打得毫無影響力的 Pickett 繼續坐在板凳深處。 5.讓連夏聯都打得毫無影響力的 Pickett 繼續坐在板凳深處。",
        "讓我們期待下個賽季 Russell Westbrook 能為金塊帶來什麼。"
    ]
}