{
    "id": "113297",
    "title": "《2024 Review》達拉斯獨行俠——新時代的第一章",
    "date": "2024/08/29",
    "topic": "籃球",
    "author_name": "G.T.",
    "tags": [
        "Dallasmavericks",
        "Kyrieirving",
        "DallasMavs",
        "LukaDoncic",
        "達拉斯獨行俠",
        "PJWashington",
        "NicoHarrison",
        "DereckLivelyll"
    ],
    "article-content": [
        "Doncic 時代、甚至回溯到 Dirk Nowitzki 生涯中後期，獨行俠多半帶著 \"體能弱勢、跳投大隊\" 等標籤，球風倚重投籃能力和高水準的後場指揮官，較不重視禁區高度和運動能力。Donnie Nelson 為 Doncic 配置了 5-out 體系，找來 Kristaps Porzingis，但 Porzingis 不斷傷停、最後在 2021 年季後賽被放到底角拉開空間、進而對戰術定位不滿爆發休息室問題。同年休賽季，管理層大地震，Nelson 和 Carlisle 雙雙下台，Nico Harrison 和 Jason Kidd 上任。",
        "兩季過後， 2023-24 開季，新時代獨行俠建軍基礎到位，由新的雙星 Doncic 和 Kyrie Irving 領軍，Kidd 上台後不斷強調的運動能力、防守至上、快速球風不再成為空談，陣容名單上新加入的 Dereck Lively II、Derrick Jones Jr.、原本的 Kyrie Irving、Josh Green 等人都為這支獨行俠奠定了打快的基礎。然而休賽季最重要引援 Grant Williams 水土不服，Harrison 季中快速修正，引進 PJ Washington、Daniel Gafford，補上輪替不足的禁區，至此新時代獨行俠正式成軍。這支磨合不到半季的球隊最終登上總冠軍賽舞台、與冠軍金盃擦身而過。",
        "不過 2023-24 球季只是 Doncic 顛峰期正式開啟的一年，25 歲的超級巨星還有許多年來彌補這次季後賽的遺憾。未來兩年，Irving 合約到期之前是 Doncic 絕佳的奪冠窗口，也會是獨行俠全力衝刺 win-now 的關鍵時刻。",
        "Irving 的場上表現依舊巔峰，回春指的是場外和場上風格的轉型。籃網時代後他的名聲一落千丈，也成為當初獨行俠季中交易最大的隱憂：他到底會不會好好上場打球？回顧本季，獨行俠當初的賭博非常成功，Irving 不但沒有爆發休息室問題，更是成為球隊公認的領袖，練習時指導年輕球員、場上用正向的態度激勵全隊，這些畫面都是 \"日常\" 的畫面。不愛 \"演講\" 的 Doncic 身邊有這樣一位實力名氣兼具的球星大哥替他擔任 vocal leader，球隊的化學效應顯而易見。",
        "進攻面來看，Irving 本來就能有球無球切換的風格改變不大，但季後賽時可以看見，他繳出了生涯最佳的防守，在生涯這個階段能夠接下這樣的轉型挑戰難能可貴，或許也會是下個賽季獨行俠更需要的 Irving。",
        "Lively 在第一年打出超乎預期的表現，可以預期他保底會是頂級的防守綠葉，球隊汲汲營營尋找多年的防守核心終於到位。",
        "雖然表現有些起伏，但總決賽的驚天三分、西冠百分之百的命中率和場均 1.5 顆火鍋、對上雷霆前三場命中率不到五成，後兩場卻能繳出 75% 以上的命中率，Lively 整季頻頻展現出驚豔的學習能力，和不畏懼大舞台的心臟。",
        "不得不再次稱讚 Harrison 的眼光，他上台時球隊重點培養的潛力是 Jalen Brunson 和 Green，如今雖然失去上述二人，隊上卻有 Lively、O-Max、Jaden Hardy，更有一票年輕即戰力 Quentin Grimes (24)、PJ Washington (26)、Naji Marshall (26)、Daniel Gafford (27)。",
        "獨行俠能打進總決賽，最大的原因就是防守，過去進攻強大的雙後場持球建隊的球隊，鮮少能同時維持高強度的防守，獨行俠卻做到了，而這當中最重要的原因就是 \"堆積防守工兵\"。",
        "首先，Jones 用防守站上先發，是 Kidd 對球隊的態度：誰能做好防守，誰就有上場機會，雖然球隊重點培養 Green，但他繞掩護的能力始終沒能進步，而跟防對手持球手出色的 Jones 因此拿到先發。但他缺點也明顯，就是投射能力不佳。因此，在這個位置 Kidd 更多是利用多人輪換的策略：Jones 先發，但 Green 或 Dante Exum 狀況好時會上場更長時間。",
        "禁區則是由 Washington、Gafford、Lively、Kleber 四人輪換，其中 Gafford 和 Lively 頻繁的做五號位輪替，讓五號位隨時有充沛的能量來做護框、籃板、空接，Kleber 則是能提供穩定的協防能量、Washington 也在禁區和側翼遊走，利用他橫移和身材兼具的優勢補足場上需要的防守漏洞。",
        "這組工兵海成為雙星身後最強的後盾，總共九人的輪替讓獨行俠季後賽一直保有穩定的防守基礎、換防默契，雖然最終因為工兵的進攻創造力不足，在總決賽被暴露，但本季打下的基礎仍是值得稱讚，也預計會在下一季延續下去。",
        "這一季的成功或許讓人驚喜，但絕非偶然，制服組兩年的努力得到回報，也為未來兩三年打下基礎，接下來獨行俠正式進入 \"不進則退\" 的奪冠窗口，也將迎來 Doncic 巔峰期的開始，最艱難的路正要展開，新時代的獨行俠從制服組到球員將會如何應對，值得期待。"
    ]
}