{
    "id": "113384",
    "title": "奧運A組全解析：死亡之組誰晉級？字母哥可能沒有八強？",
    "date": "2024/07/26",
    "topic": "專題",
    "author_name": "Hung Ku",
    "tags": [
        "奧運",
        "Shai Gilgeous-Alexander"
    ],
    "article-content": [
        "各位，奧運即將開幕，現在正是進行賽前預測和分析的好時機。本次奧運的預測我將按分組進行討論，涵蓋A組、B組和C組。不過在開始這個系列之前，我想先簡單介紹一下奧運的賽制，因為很多人對奧運籃球賽的規則可能還不太清楚。",
        "本屆奧運男籃比賽共有12支隊伍參加，小組賽分為A、B、C三組，每組4隊。只要在分組賽中排名前2的隊伍即可保證晉級8強。如果你算數好的話，應該會發現每組前2名共6隊，那麼8強的剩餘兩個席位如何產生呢？答案是由各組的第3名根據積分來爭奪這兩個位置。換句話說，只要不是分組墊底，都有機會進入8強。",
        "了解了奧運的賽制後，我們就可以進入預測環節了。今天我想先討論A組，即今年的死亡之組，由加拿大、澳大利亞、西班牙和希臘組成。儘管沒有美國隊，但有Shai Gilgeous-Alexander（SGA）、Josh Giddey和Giannis Antetokounmpo在A組，競爭仍然非常激烈。接下來，我會簡單介紹這四支隊伍，並給出我的晉級預測。",
        "現在我們直接進入今天的分析吧。",
        "首先，我們來分析加拿大隊的陣容組成。除了Melvin Ejim外，其餘11名隊員均為NBA球員，由Shai Gilgeous-Alexander（SGA）和Jamal Murray領銜。可以說，加拿大這次的陣容是他們歷史上最豪華的一次。從陣容上看，可以預期他們將採取非常“美式”的打法，這與歐洲籃球風格不同。在本屆奧運會上，加拿大可能會打得比美國隊更具美式風格。他們很可能採用死亡五小和Five Out等戰術。回想他們上次在世界盃的表現，讓Dillon Brooks和Lu Dort擔任三四號位，這在NBA或許可行，但如果遇到西班牙的雙塔陣容，禁區的防守可能會面臨挑戰。",
        "加拿大隊是一支優缺點非常明顯的隊伍。後場由SGA和Murray組成，這樣的火力足以與美國隊抗衡，甚至可以說是奧運最強的後場組合。如果美國隊派出Stephen Curry和Jrue Holiday擔任先發，那麼單純比較先發後場，加拿大確實是世界第一。側翼方面，Lu Dort、Dillon Brooks和RJ Barrett同樣實力強勁，儘管他們在NBA的外線表現不穩定，但在FIBA賽場上表現出色。例如，去年對陣美國時，Dillon Brooks單場命中7個三分球。如果這三名側翼能夠保持穩定的外線投射，他們在防守壓迫和轉換快攻方面將是加拿大隊的一大優勢。此外，他們還有NAW（Nickeil Alexander-Walker），這位灰狼球員的防守相當出色。",
        "雖然加拿大隊的側翼球員偏矮，但其防守機動性和壓迫性也許會使他們成為本屆奧運會最強的防守隊伍之一。聽到這裡，你可能會認為加拿大隊穩拿獎牌，但實際情況並非如此。加拿大隊是一支頭重腳輕的隊伍，他們的禁區實力相對其他國家較弱。Powell、Kelly Olynyk和Khem Birch是加拿大的三個中鋒，雖然他們球商高、能做好掩護和站位，但體能已經跟不上，並且身高也不及歐洲的大個子球員。因此，加拿大隊的最大弱點就是禁區。",
        "如果能讓加拿大隊打出想要的節奏，通過瘋狂壓迫製造失誤，並進行轉換快攻，他們就能穩定取勝。反之，如果比賽進入陣地戰，對方找到限制加拿大後衛的方法，同時在進攻端狂攻禁區，那麼加拿大隊將面臨困境。在這種情況下，就需要SGA拿出去年世界盃的表現。無論是去年世界盃還是今年的NBA賽季，SGA都已證明自己是全球最好的後衛之一。而如何帶領這支頭重腳輕的加拿大隊奪得獎牌，將是對他作為世界最強後衛之一的實力的考驗。",
        "接著我們來談談澳大利亞隊。他們在熱身賽中的表現相當不錯，對陣塞爾維亞和美國這些強隊都展現出了不俗的實力。儘管名單中缺少大牌NBA球員，但仔細檢視陣容，澳大利亞隊依然充滿潛力。",
        "袋鼠軍團的第一個看點在於Josh Giddey的表現。今年對於Giddey來說並不是順利的一年，從一開始的場外問題到季後賽中因為外線投射不穩被棄用，整個賽季對他來說都非常艱難。此次奧運對他來說是一次救贖之旅，回到國家隊，他不再會沒有球權。他將負責籃板後的快攻推進以及半場進攻中的組織。現在的Giddey是澳大利亞隊的核心，如果他能在奧運中重新找回自己的節奏，對未來的職業生涯會有很大幫助。明年在芝加哥，他應該是球隊的核心或副手，因此這次奧運是他調整角色定位的關鍵時刻。",
        "另一個值得關注的球員是Dyson Daniels。在之前的國際比賽中，他因為經驗不足未能成為先發，但從這次奧運的熱身賽來看，袋鼠軍團似乎有意將他和Giddey打造成未來的核心力量。Dyson的防守和天賦確實值得這樣的期待，他在熱身賽中的表現也很出色，例如在對陣美國隊時，他8投6中，拿下14分和3次搶斷，展現出色的潛力。如果他能在奧運中扮演好頂級配角的角色，未來在NBA賽場上也有望擔任老鷹隊的先發2號。",
        "總體而言，Giddey和Dyson這兩名年輕球員是袋鼠軍團中我最感興趣的球員。澳大利亞隊的整體實力不錯，除了上述兩名年輕球員外，還有國際賽場上的殺手Patty Mills、中規中矩的內線球員Jock Landale和Nick Kay，以及後場防守悍將Dante Exum。澳大利亞隊的陣容雖然名氣不大，但各個位置的球員都能勝任自己的職責：組織、防守、籃板都不缺。我對這屆袋鼠軍團非常看好，進入八強應該是個合理的預期。",
        "接下來我們來看看西班牙隊的情況。無敵艦隊剛剛在歐國盃奪冠，同時在網球領域也有小蠻牛納達爾的出色表現，對於西班牙來說，這是個豐收的體育大年。然而，在籃球方面，情況似乎不如預期。自從Gasol兄弟退役以後，西班牙隊面臨嚴重的換血問題。儘管他們產出了幾位NBA球員，如Garuba和Hernangomez兄弟，但這些球員在NBA未能長期立足，這也使得無敵艦隊難以重現往日的輝煌。",
        "西班牙的新生代與前輩之間的實力存在明顯斷層，但這並不意味著他們無法取得好成績。目前的西班牙隊或許不具備奪牌實力，但作為攪局者，他們還是相當有競爭力的。在資格賽中，他們擊敗了擁有NBA三劍客的巴哈馬隊，這顯示出西班牙仍具有強大的戰鬥力。雖然無敵艦隊已經沒有了Gasol兄弟，但他們還有Santi Aldama。在資格賽中，Aldama場均17分8籃板，展現了內外兼修的全面技術。在NBA，他或許只是灰熊隊的優質輪替球員，但在西班牙國家隊，他就是那顆最閃亮的明星。",
        "同樣地，Willy Hernangomez雖然在NBA的表現不盡如人意，但在FIBA賽場上卻是另一回事。在資格賽中，他場均18分7籃板，與Deandre Ayton對位時也毫不遜色。這對新雙塔是西班牙隊最強大的武器。此外，後場的Lorenzo Brown也是值得關注的球員，他們雖然沒有巨星，NBA球員也不多，但憑藉長年的體系養成和均衡的戰力，西班牙隊依然有機會進入八強。",
        "總之，西班牙隊雖然面臨換血問題，缺乏頂級巨星，但他們依然具備強大的競爭力。憑藉多年來建立的體系和深厚的籃球底蘊，西班牙隊在本屆奧運會上依然是一支不可忽視的力量。",
        "最後，我們來看看希臘隊。這支球隊最大的亮點當然是擁有Giannis Antetokounmpo（字母哥），同時中鋒Georgios Papagiannis也是一個很有威脅的球員。雖然希臘隊的後衛線相對較弱，但有這兩名內線球員坐鎮，其他隊伍也不會輕鬆對付。特別是對陣加拿大時，如果Giannis對上Dillon Brooks，Papagiannis對上Dwight Powell，希臘有可能成為黑馬。後衛Nick Calathes在資格賽中場均10次助攻，他如果能持續將球送到禁區，希臘的進攻將非常具有威脅性。雖然希臘球員的知名度不高，但有Giannis在，希臘的整體戰力不容小覷。",
        "介紹完四支隊伍之後，各位覺得哪兩隊有機會晉級呢？我個人認為加拿大和澳大利亞的實力相對較強，應該能夠晉級八強。",
        "澳大利亞隊的陣容非常均衡，雖然他們沒有Giannis這樣的超級巨星，但由Josh Giddey、Dyson Daniels和Patty Mills組成的後場實力非常強大，更不用說他們還有Jock Landale和Dante Exum。這樣的陣容在防守和進攻上都非常有競爭力，打入八強應該不是問題。",
        "至於加拿大隊，我認為他們在這組中實力最強。Shai Gilgeous-Alexander（SGA）在世界盃中場均得分24分，他周圍還有一群頂級防守球員。雖然加拿大的禁區相對較弱，但如果他們的側翼球員能夠對對方後場施加強大壓力，使對方難以過半場，那麼球就很難送到禁區。因此，加拿大的整體陣容非常均衡且具有威脅。",
        "總之，我最終的預測是A組由加拿大和澳大利亞晉級八強。"
    ]
}