{
    "id": "113326",
    "title": "如果2024 NBA夏季聯賽也有頒獎典禮：Scotty Pippen Jr.的MVP被聯盟偷走？Kevin Knox值得一座東山再起？",
    "date": "2024/07/24",
    "topic": "籃球",
    "author_name": "EdotTdot_4",
    "tags": [
        "NBA夏季聯賽",
        "Donovan Clingan",
        "Reed Sheppard",
        "Josh Christopher",
        "Jordan Miller",
        "Kevin Knox",
        "Scotty Pippen Jr."
    ],
    "article-content": [
        "今年的夏季聯賽在昨天剛剛落幕，經歷近兩週的激戰，終於由熱火捧起冠軍金盃。每年的夏季聯賽，雖然每隊只有短短的幾場比賽，不比正式球季的82場，但仍有許多球員的好表現值得肯定，可惜和例行賽的敘獎機制有所不同，官方僅頒發MVP、FMVP、第一隊與第二隊。倘若夏季聯賽也和例行賽設立同樣的獎項，誰能夠獲得獎項肯定呢？",
        "※備註1：以下凡是討論到排行榜（例如：得分排行榜、籃板排行榜…），皆以至少出賽3場為入選標準，因為每支球隊在本屆夏季聯賽可打5場比賽，3場即為出賽達半數場次。",
        "※備註2：每年NBA夏季聯賽主要可區分為加州經典賽、猶他夏季聯賽與拉斯維加斯夏季聯賽三階段，本文僅參照聯盟所有球隊皆參與之拉斯維加斯夏季聯賽數據，做為評選基準，僅有部分球隊參加之加州經典賽和猶他夏季聯賽，球員表現不在考量範圍。",
        "場均：20.0分4.8籃板 5.3助攻2.8抄截1.3阻攻",
        "當然他也不是毫無弱點，當他對位身型比較壯碩的後衛像是Daishen Nix或Bronny James，身材單薄的Sheppard攻守節奏就會被打亂。不過在面對灰狼的比賽中，也可以看到他在比賽後段運用handoff迫使對方換防，避開Nix的干擾，或是透過蛇行擋拆、Reject Screen、變速切入等技巧，破解Nix的防守，展現傑出的臨場應變能力。",
        "今年夏季聯賽執掌熱火兵符的教練，是上季擔任熱火球員發展教練的Dan Bisaccio。本屆熱火夏季聯賽名單上，除了Jaime Jaquez Jr.以外，大多都是NBA邊緣人或發展聯盟球員，但Jaquez也才打了兩場比賽就休兵，Bisaccio教練竟能帶領一票蝦兵蟹將，以全勝之姿封王，榮膺最佳教練實至名歸。",
        "熱火的成功之道，在於Bisaccio教練給予陣中球員相當明確的定位，建立一支功能互補的團隊，Alondes Williams和Isaiah Stevens負責組織，Kel'el Ware和Neal Sako扛下籃板和防守苦工，Cole Swider在外圍埋伏，Josh Christopher、Pelle Larsson和Caleb Daniels則是扮演工兵的角色。",
        "不僅球員間相輔相成，這支球隊也擁有堅韌的心理素質和優秀的戰術執行力。夏季聯賽冠軍賽的第四節中段，灰熊藉由一波7比0的小高潮，一度拉開領先差距，眼看大勢已去，但熱火迅速在暫停後打出11比3的反擊，重新回到競爭行列，間接造就熱火後來在延長賽完成逆轉勝。",
        "因為各隊都是臨時成軍，所以夏季聯賽隊伍的默契通常不會好到哪去，更遑論打造完整的防守體系，但這支熱火的團隊防守能夠重現出大隊的防守精隨，從強悍的第一線壓迫，到二線的協防輪轉，乃至於區域聯防。在Bisaccio教練的調教下，熱火夏季聯賽六戰僅兩戰失分破百，甚至還有半數場次將對手得分壓制在80分以下。",
        "此外，Bisaccio教練也將熱火無私的球隊文化，灌輸給陣中球員。通常來參加夏季聯賽的球員都會為了力求表現，導致打法比較自私，熱火卻不然，六場比賽中共有四名不同的球員拿到全隊最高得分。",
        "今年場均：25.4分4.2籃板1.4抄截、FG%54.9%/3P%60.0%",
        "去年場均：6.8分3.8籃板1.2抄截、FG%43.8%/3P%30.0%",
        "事實上，Jordan Miller今年的出賽時間比起去年並沒有增加太多，不過因為今年少了Xavier Moon、Matt Morgan、Jason Preston和Brodric Thomas等和他位置重疊的鋒衛搖擺人，Miller獲得更多球權，場均出手14.2次，高居全隊第一，但他的效率並未因此下滑，反而還有所提升，因而造就他的平均得分進步18.6分，為本屆賽會之最。同時場均25.4分，也躍居本屆賽會得分王寶座。",
        "夏季聯賽一鳴驚人的Miller，新球季可望受到教練團重用。在Paul George與Russell Westbrook離隊後，快艇新球季的二、三號位將出現空缺，不吃球權、勤於跑動、外線把握度也很穩定的Miller，和James Harden、Kawhi Leonard的相容性應該都很高。",
        "場均：17.5分8.5籃板、投籃三圍.460/.333/.938",
        "在2018年首輪第九順位被尼克挑走後，Kevin Knox的職涯發展並不順遂，NBA生涯至今六年已經歷四次轉隊，但發揮始終未能符合期待。直到今年進入勇士的夏季聯賽名單中，才漸漸找到屬於自己的定位。",
        "Knox在加州經典賽的封關戰，就開始嶄露頭角，短短上場20分鐘，便攻下全隊最佳的19分，率隊以1分之差戰勝國王。來到拉斯維加斯後，他繼續扮演球隊的板凳暴徒，出賽5場通通替補上陣，卻能繳出全隊最高的17.5分（註：Brandin Podziemski的18.5分雖高於Knox，但僅在拉斯維加斯出賽2場），幫助勇士前四戰全勝，一路前進到半決賽才止步。",
        "儘管場均僅出賽23.4分鐘，但Knox場均得分與籃板皆為本屆夏季聯賽板凳球員之冠，甚至平均籃板還能擠進全聯盟前十，說明他的效率有多高。這也是他生涯第三度參與夏季聯賽，其中投籃命中率、籃板和阻攻都創下個人生涯新高。如果NBA回復東山再起獎的話，Knox肯定是熱門人選（註：聯盟曾於80年代頒發此獎項）。",
        "他成長最多的部分或許是防守端，包含在單防時有很好的判斷能力，不輕易被對手晃飛，還能用臂展干擾，他也擁有不俗的二線協防意識，並願意積極鞏固籃板。",
        "場均：8.8防守籃板0.8抄截4.3阻攻",
        "一如賽前預期，身高7呎2吋（約218公分）的Clingan籃下嚇阻力驚人，尤其是在拓荒者採取區域聯防時，更能發揮他坐鎮禁區強大的護框能力。他也擁有很傑出的火鍋嗅覺，即便對方使用歐洲步的變向技巧，想要閃避他的干擾，Clingan仍有辦法精準封蓋。另外，倘若他能及時撲防到外圍，身高搭配一雙長臂，仍可對外圍射手產生影響。",
        "他守護禁區的能力確實很卓越，但選秀前不少人討論到他移動速度過慢的問題，也在夏季聯賽被凸顯出來，交手馬刺之戰，Clingan就頻頻被前康乃狄克大學隊友Castle叫擋拆點名，甚至Castle還會在中線附近發動擋拆，使Clingan陷入進退兩難的局面。在進入聯盟後，面對Stephen Curry、Luka Dončić等射程更遠、進攻手段更豐富的後衛，Clingan的罩門可能會繼續被打點。",
        "至於進攻端，雖然他的DHO掩護質量不錯，但可惜陣中後衛偏向攻擊型後衛，傳球視野都不是太好，主力控衛Kennedy Chandler、Kendric Davis和Terquavion Smith場均助攻都不到4次，因此Clingan並沒有太多輕鬆吃餅的機會。",
        "而對拓荒者來說，更棘手是禁區人手過於壅擠的問題，考量到位置和功能性，Deandre Ayton、Robert Williams III與Clingan基本上無法同時上陣，而Ayton和RWIII的年薪合計超過45M，將三人通通留下只會徒增薪資負擔。如何調整陣容配置，有待拓荒者制服組審慎思考。",
        "場均：21.5分5.0籃板 8.7助攻3.3抄截",
        "今年的夏季聯賽MVP究竟該獎落誰家，各界的意見相當分歧，包含灰熊的Scotty Pippen Jr.、籃網的Jalen Wilson和快艇的Jordan Miller都各有擁護者，大概也是因為如此，最後才出現Wilson榮膺MVP，卻只入選夏季聯賽第二隊的奇特情景。",
        "無論如何，Pippen已經證明自己角逐新球季灰熊替補控衛的能耐。今年灰熊的夏季聯賽陣容中充斥著不少得分好手，包含上季早已是球隊輪替成員的G.G. Jackson和Jake LaRavia，以及今年次輪獲選的Jaylen Wells，都屬於攻擊優先的球員，因為有了Pippen的組織串聯，妥善分配球權，才能讓隊友們有效發揮。",
        "然而，若是新球季想要站穩輪替，Pippen仍得加強外線投射能力，他在夏季聯賽的三分命中率只有平庸的32.0%。另外，Pippen也必須打得更聰明，他的身高只有6呎1吋（約185公分），體能也不算特別勁爆，卻時常會想要直闖籃框，正面挑戰身材比他更高大的防守者，這麼做常常只是送頭而已，白白浪費進攻機會。",
        "上季遭遇為傷所苦的Ja Morant、Marcus Smart和Derrick Rose都預計將於新球季歸隊，新球季灰熊的後場輪值大致成形，即便Pippen在夏季聯賽繳出MVP等級的表現，也不見得會重返灰熊，不過對於其他控衛深度不足的球隊而言，Pippen確實是值得考慮的選項。",
        "🥇推薦閱讀："
    ]
}