{
    "id": "113309",
    "title": "NBA》完美成就的目標 5個LeBron James 生涯還未達到的里程碑",
    "date": "2024/07/25",
    "topic": "籃球",
    "author_name": "運動視界編輯",
    "tags": [
        "洛杉磯湖人",
        "LeBron James",
        "Kareem Abdul-Jabbar"
    ],
    "article-content": [
        "LeBron James 已經成為歷史得分王，卻依然繼續打破紀錄。在高掛球衣前，他還有望再達成五個里程碑. . .",
        "LeBron James 是籃球史上最偉大的球員之一，他的成就足以說明一切：四次例行賽 MVP、20次入選年度最佳陣容、在三支不同球隊奪得四次總冠軍。James 已無需再證明自己（除非你對Michael Jordan死忠到忽視了 James 的偉大），在職業生涯的最後幾年，他的重心將會是追求新紀錄，並與兒子 Bronny James 一起打球。",
        "年邁的 James 已經坐擁總得分（40474分）和出手數（29313次）的紀錄，並且以 151.92 的替換球員價值（VORP，Value Over Replacement Player）排名歷史第一。由於 VORP 目前只適用於 1973-74 以後的賽季，Kareem Abdul-Jabbar 有四個賽季沒辦法列入計算（其中包括他最顛峰的三季），而 Wilt Chamberlain 在 1972-73 賽季後就退役了，也無從得知他的 VORP。",
        "不過，勝利貢獻值（Win Share）與 VORP 高度相關（相關係數 0.98）。將 Abdul-Jabbar 的勝利貢獻值帶入線性預測模型做計算，他職業生涯的 VORP 將會是 129.4。因此，James 毫無疑問是 VORP 的歷史第一人。",
        "James 有望在接下來的兩個賽季創下五項新紀錄。他大可以打完這個賽季就退役，只是他目前的合約還有兩年，而且他仍持續打出高水準表現。受傷病及身體能力退化影響，James 可能會與一些里程碑擦肩而過；儘管如此，他估計將會囊括以下五項紀錄，為他的豐功偉業再添一筆。",
        "LeBron James 退役前應能打破的五項紀錄：",
        "5. 投失球數",
        "如果 LeBron James 下賽季繼續打球，他肯定會成為史上投失球數最多的球員。目前的紀錄保持人是 Kobe Bryant，他總共投失 14481 球，比 James 多了五球。James 上賽季場均投失 8.3 球，不出意外的話，他在第一場比賽的第一節就能打破這項紀錄。雖然乍聽之下是個負面的里程碑，不過，這份榜單前 30 名的非現役球員都是名人堂成員；而 James 更是了不起，他在刷新這項紀錄前，總得分和投籃出手數就已經躍居歷史第一。",
        "4. 上場時間",
        "NBA 因負荷管理問題引來的抱怨不勝其數，但 James 不應該成為批評的矛頭。他的總上場時間排名歷史第二，累計 56597 分鐘；而他只差 849 分鐘就能追上第一名的 Kareem Abdul-Jabbar。",
        "過去六個賽季，James 場均上場超過 35 分鐘，若照此趨勢，他將有望在下賽季第 25 場比賽打破這項紀錄。即使將他的場均上場時間壓至 30 分鐘，他也只需要 29 場就能達成目標。上賽季，湖人在聖誕節當天打了第 31 場比賽；因此，如果輪休安排得當，James 將有機會在例行賽最重要的一場比賽（聖誕大戰）創造紀錄。",
        "3. 出賽場數",
        "對 James 而言，打破投失球數和上場時間的紀錄相當容易；不過，他的出賽場數還需一段時間才能升至榜首。James 目前排名歷史第六，只比第一名的 Robert Parish 落後 119 場。",
        "傷病會是關鍵的不確定因素，畢竟自從來到洛杉磯後，他每個賽季平均只出賽 58.2 場。只要 James 保持一定的健康，他就能達成這個里程碑。然而，如果他接下來兩個賽季都未能實現目標，他也可能會妥協於歷史第二，欣然選擇退役。",
        "2. 投籃命中數",
        "儘管 James 是總得分和投籃出手數的紀錄保持者，但他並不是投籃命中數最多的球員，而造成這點的主要原因為，他正處於 NBA 三分球最盛行的時代；由於三分球的得分是兩分球的 1.5 倍，球員的投籃命中數不一定多，卻仍能得到相同或更多分數。",
        "目前投籃命中數最多的球員是 Kareem Abdul-Jabbar，累計 15837 球，James 剛好以 1000 球之差位居第二。James 從未在單一賽季中命中超過 1000 球；話雖如此，他只有一個賽季投籃命中數低於 500，而那年他因為受傷缺席了大量比賽。這項紀錄相較之下更難達成的原因在於，他不但需要保持健康，也必須持續有高水準表現。",
        "然而，如果 James 的狀態沒有大幅下滑，以他打出的水準，應能在接下來兩個賽季再命中 1001 球。健康狀況是較難以預測的因素；不過，James 自從加盟湖人以來，即使健康狀況不穩定且表現下滑，他平均每個賽季的投籃命中數仍達到 592.9。",
        "1. 勝利貢獻值",
        "以進階數據來說，勝利貢獻值並不是最全面的指標，卻是唯一一項從職籃起源通用至今的數據。Kareem Abdul-Jabbar 目前排名第一，勝利貢獻值為 273.41 ，而 James 以 263.67 緊跟在後。James 巔峰時能輕而易舉拿下超過 10 的勝利貢獻值。然而，即使他現在仍是一名頂尖球員，顯然也已經過了巔峰期。",
        "在過去六個賽季，James 場均勝利貢獻值為 7.3，且每 48 分鐘能得到 0.173 的勝利貢獻值。即使 James 的能力持續受年齡增長影響，他仍可以在接下來兩個賽季勉強超越 Kareem Abdul-Jabbar。",
        "然而，任何傷病的打擊或表現下滑都可能會誤事。比方說，若 James 打 50 場比賽，場均上場 32 分鐘，每 48 分鐘得到 0.150 的勝利貢獻值，賽季結束時，他的勝利貢獻值將剛好增加 5。這表示他仍有機會打破這項紀錄，只不過容錯空間將大幅縮小。",
        "James 有望在 2025-26 賽季結束前創造這些紀錄。他已是高齡老將，傷病及身體衰老所帶來的影響會非常顯著，或許會讓他無法實現目標；不過，如果 James 堅持能打多久是多久，多出的第三個賽季幾乎能保證他達成所有里程碑。不論你心目中的 GOAT（Greatest Of All Time）是誰，LeBron James 無疑是有史以來最偉大的球員之一，而等到他退役的那一天，他將坐擁多項難以打破的紀錄。",
        "【特約編輯 鄭以涵／責任編輯 謝一謙】",
        "🔥更多最新 NBA 精選好文："
    ]
}