{
    "id": "113362",
    "title": "決戰花都  2024巴黎奧運籃球賽程表",
    "date": "2024/07/26",
    "topic": "專題",
    "author_name": "運動視界編輯",
    "tags": [
        "奧運男籃",
        "奧運籃球",
        "比分賽程",
        "2024巴黎奧運",
        "奧運女籃"
    ],
    "article-content": [
        "奧運籃球晉級賽賽程：",
        "巴黎奧運男子籃球分組：",
        "巴黎奧運女子籃球分組：",
        "巴黎奧運籃球賽程：（以下時間為台灣時間）",
        "【編輯 張正邦】"
    ]
}