{
    "id": "113445",
    "title": "2024巴黎奧運》Kevin Durant展現死神回歸之姿 美國多點開花大勝塞爾維亞",
    "date": "2024/07/29",
    "topic": "專題",
    "author_name": "運動視界編輯",
    "tags": [
        "美國隊",
        "塞爾維亞",
        "Lebronjames",
        "Kevindurant",
        "NikolaJokić"
    ],
    "article-content": [
        "美國男籃代表隊今天在巴黎奧運開啟金牌5連霸之旅，因為傷勢而錯過熱身賽的Kevin Durant在C組首戰回歸美國隊，他以招牌神射之姿幫助球隊以110比84輕取有Nikola Jokic坐鎮的強敵塞爾維亞，也展現出美國隊本屆志在必得的決心。",
        "美國隊在先前的熱身賽5戰全勝，但Kevin Durant因為右小腿拉傷，熱身賽全部缺席。在這場面對塞爾維亞的比賽中他替補出發，以近乎完美的9投8中、包含3分球5投全中的命中率，全場攻下23分，率領志在奧運5連霸的衛冕軍美國首戰大勝。",
        "現屬鳳凰城太陽、35歲的Durant在美國隊以14比19落後局面時上場。Durant過去曾14次入選NBA明星賽，也拿過2012年倫敦奧運、2016年里約奧運、2020年東京奧運的3面金牌，他上場後就先以精準的3分外線挹注分數，與Anthony Edwards聯手打出11比0的兇猛攻勢，直到上半場結束時都還維持8投8中的百分百命中率，更以漂亮的後仰跳投完成美國隊的最後一擊，不到10分鐘就火力全開攻下21分，將球隊帶回正軌，幫助美國於上半場結束時取得58比39的領先優勢。",
        "雖然塞爾維亞試圖反撲，但美國隊在將滿40歲的老將LeBron James穩定發揮之下表現持續加溫，快攻、外線樣樣都來，將比分越拉越開，最終美國就以110比84收下今年奧運首勝。",
        "美國隊以LeBron James表現發揮最為全面，整場比賽他攻下21分、7籃板、9助攻；前述提過的Durant斬獲23分；Jrue Holiday和Devin Booker也分別進帳15與12分。",
        "塞爾維亞方面則是以Nikola Jokic的表現發揮為主，他這場比賽繳出20分、8助攻的成績單，但依然難以靠一己之力阻止美國多點開花的兇猛火力。",
        "美國隊於首戰取勝後，接下來將在台灣時間8月1日於C組第2場小組賽迎戰熱身賽僅以些微差距落敗的南蘇丹、接續8月3日的美國將出戰波多黎各。",
        "延伸閱讀："
    ]
}