{
    "id": "113418",
    "title": "《2024巴黎奧運》美國男籃賽前分析：徒有其名還是年齡與經驗的平衡？近年來最豪華拼裝車的爭冠之路",
    "date": "2024/07/28",
    "topic": "專題",
    "author_name": "EdotTdot_4",
    "tags": [
        "美國男籃",
        "巴黎奧運",
        "Joel Embiid",
        "Anthony Edwards",
        "Steve Kerr",
        "Stephen Curry",
        "LeBron James",
        "Kevin Durant"
    ],
    "article-content": [
        "儘管如此，美國男籃熱身賽的表現依舊差強人意，即便五戰全勝，但其中三場比賽只以個位數差距贏球，有失世界籃壇霸主的水準。這支星光熠熠的美國隊，真有辦法完成奧運的五連霸嗎？",
        "今年續掌兵符的Kerr教練，仍舊在戰術版上融入不少勇士的精隨。例如將Curry、LeBron和Embiid堆疊在同邊，執行勇士招牌的「Twirl Action」，如下方影片1所示；Kerr教練也會運用「Loop Action」製造Curry外線跳投的機會，如下方影片2所示。",
        "除此之外，由於陣中同時納入Holiday、White與Jayson Tatum三位塞爾蒂克球員，美國男籃的戰術版上也存在類似綠衫軍的進攻佈陣，比方說下方影片中，將具備外線投射和面框攻擊能力的長人Bam Adebayo安插至外圍，迫使對方中鋒必須跟防到外圍，美國隊的鋒衛搖擺人便能獲得更寬廣的切入空間，Holiday則溜到dunker spot埋伏。",
        "去年執教美國隊時，Kerr教練試圖翻轉過往美國隊主打擋拆的慣例，今年卻不然，一方面是因為本屆美國隊陣中擁有更多擅長發動擋拆的好手，另一方面則是因為今年陣容更加豪華，未必非要堅持複雜的空手跑動不可，回到最基本的擋拆和單打，有時才是最能充分展現球星威能的作法。",
        "尤其本屆美國隊有兼具身材、速度與持球技巧的LeBron和Durant坐鎮，他們在國際賽場上和誰對位，基本上都很容易形成錯位，不管是傳統的長人掩護，還是以後衛作為掩體的Invert P&R，理論上都能發揮不錯的效果，只是球員間還須熟悉彼此的習性，才能減少合作上的瑕疵。",
        "美國隊防守的問題主要可以從熱身賽最後兩戰看出端倪，交手南蘇丹和德國的防守，美國隊面臨類似的困境，不僅讓對手獲得太多外圍出手的機會，兩戰合計被對手三分球78投27中，雖然命中率不算特別突出，但大量的出手仍對美國造成傷害，另外還被對手場均抓下14顆進攻籃板，換取更多的二波進攻機會。",
        "三分球防守和丟掉過多進攻籃板其實息息相關。南蘇丹和德國幾乎人人射程都遠達三分線，由於美國隊防線比較內縮，面對擋拆大多採取偏保守的「Drop Coverage」，因此對方中鋒可以藉由簡單的拖車或P&P，獲得外圍出手機會，加上美國隊第一線的壓迫力道不足，對方後衛也能在帶球過半場後直接急停跳投。而這些三分出手即使沒進球也會產生長籃板，讓對手得到再次進攻的機會。",
        "對默契不佳的美國隊來說，「無限換防」算是可以有效避免溝通瑕疵的方法，但美國隊需要在協防輪轉上更加積極，像是下方影片中，當Embiid發現Curry對位到德國中鋒Johannes Voigtmann，便立刻上前換防，一旁的Edwards還作勢包夾，延誤德國隊的攻勢。",
        "Booker、Edwards和Tatum熱身賽期間都曾有客串先發的紀錄，從下方的表格也可以看出他們先發表現，似乎都不如替補出賽時，這可能是因為他們在母隊都是頭號進攻核心，但是在美國隊的先發陣容中，必須屈居第四或第五進攻選擇，反而從板凳出發更能釋放他們的得分火力。",
        "從教練團的調度模式看來，他們似乎更偏好由Booker先發，不過Edwards或許是個值得考慮的選擇，因為他能帶來更強悍的防守壓迫，攻守兩端的輸出更加均衡。但無論最終是否先發，Edwards應該都是美國隊相當仰賴的要角，面對南蘇丹和德國這兩戰的關鍵時刻，他都是場上的一員。",
        "🥇推薦閱讀："
    ]
}