{
    "id": "113575",
    "title": "2024巴黎奧運》下個層次的進化 Wemby如何在奧運驚艷世界？",
    "date": "2024/08/03",
    "topic": "專題",
    "author_name": "運動視界編輯",
    "tags": [
        "聖安東尼奧馬刺",
        "法國隊",
        "巴黎奧運",
        "Victor Wembanyama"
    ],
    "article-content": [
        "20歲的Victor Wembanyama被寄予厚望成為法國隊的最佳球員，並肩負起奪取金牌的期望。對於只有一個NBA賽季經驗的球員來說，這是個沉重的負擔，但如果Wembanyama在奧運會的處女秀是一項指標的話，他的表現告訴球迷們他完全有能力應對這一挑戰。",
        "在法國隊上週六以78-66戰勝巴西的比賽中，Wembanyama輕鬆的填滿了數據表，拿下19分、9個籃板、4次抄截、3次火鍋和2次助攻。他的表現令人激動，例如當法國隊在第二節開始四分鐘時落後12分時，Wembanyama隨即在上半場最後的八個進球中的得分助攻了六次，讓法國隊以一分領先進入下半場。",
        "即便是在看過他在聖安東尼奧馬刺的精彩新秀賽季，並認知到他可能是賽季中聯盟最好的防守球員，並在下半賽季達到接近NBA明星球員的水準，但看到他在這個體型下所做的一些事情仍然讓人震驚。",
        "看看他在這次跳投中對身高6尺6寸的Gui Santos間的垂直起跳落差。",
        "Wembanyama的精采表現全方位的展示了他的統治力，從流暢的跳投和腳步動作到兇猛強悍的終結動作，都讓人看到了他超越數據表上的高端水準。",
        "儘管這些數據非常出色，但它們並未完全呈現Wemby在比賽中的影響力。例如，他「只有」三次火鍋，但他在禁區的存在對巴西隊的投籃選擇產生了極大的影響，這些職業籃球運動員甚至對出手感到恐懼。",
        "Wemby之所以如此特別，不僅僅因為他非凡的身體天賦和這些天賦所帶來的出色表現，還因為他對比賽的洞察力。他知道何時需要出手，何時需要讓其他隊友參與進攻。這是無法教導的東西，而是通常需要隨著時間的推移學習的。",
        "Wemby已經擁有了這種能力，他在比賽和精神上都是這支球隊的明顯領袖。即便為國家隊在巴黎比賽時面臨的所有情緒波動，以及總教練承認在這場比賽前看到他經歷的焦慮情緒下，他都從未試圖過度表現自我。",
        "Wemby在需要時既冷靜又充滿鬥志，他展示了那種明星球員的冷靜，而這種冷靜能讓整個球隊充滿信心，即使在情況不好的時候，球員們也知道他們擁有場上最好的球員。",
        "聽聽未來名人堂成員Wade的評價吧，他在解說這場比賽時第一次現場看到Wembanyama，他對這位法國天才的耐心和老練的團隊動態理解讚不絕口。",
        "除了Wembanyama之外，Batum也在整個奧運有出色表現，而Frank Ntilikina則投進了一些三分球，並展現了他一貫出色的外線防守。Rudy Gobert也有一些穩定的終結並送出了不少火鍋，但希望他能在籃板上，特別是進攻籃板有更多的影響力，因為他在這次比賽中為法國隊創造更多進攻機會至關重要。",
        "至於Wemby，就讓我們繼續期待在進入8強賽事後，他還能展示哪些能力來驚艷全世界吧！",
        "【特約編輯 陳子皓／責任編輯 謝一謙】",
        "🔥更多最新 NBA 精選好文："
    ]
}