{
    "id": "113691",
    "title": "2024巴黎奧運》天壤之別的差別 美國男籃3對3為何缺乏競爭力？",
    "date": "2024/08/11",
    "topic": "籃球",
    "author_name": "運動視界編輯",
    "tags": [
        "美國男籃",
        "巴黎奧運",
        "3對3籃球"
    ],
    "article-content": [
        "美國，是世界上籃球實力最好的國家，美國男籃在近8屆的奧運會上拿下7面金牌，展現他們的統治力，而自1992年以來，美國女籃甚至沒有輸過任何一場比賽。雖然世界籃球的實力差距越來越小，NBA連續六年的MVP都是由國際球員所拿下（Joel Embiid擁有三重國籍）、下一個巨星Victor Wembanyama也逐漸適應聯盟，但其他國家不論在天賦的深度或是數量，都還是很難與美國這些超級巨星抗衡。",
        "當3對3籃球在2020東京奧運正式成為籃球項目之一時，人們都認爲這是一個美國保底能拿到獎牌的項目，但事實卻非如此。上一屆美國男籃3對3並沒有取得奧運的資格、但擁有WNBA明星的美國女籃3對3卻拿下金牌。而這兩支球隊都成功來到巴黎參賽，不過開局都相當不順，前兩場比賽都分別吞下敗仗。",
        "美國男籃3對3最終在小組賽以2勝5敗無緣晉級，排名上只贏過中國，他們在第二場比賽還輸給了波蘭，這個從來沒有在奧運男籃項目獲得過獎牌的國家。女籃方面，則是以4勝3敗的成績進入了附加賽，最後在四強賽輸給西班牙，只能爭奪銅牌。",
        "而這個世界上的籃球國家在3對3籃球實力為什麼會有如此天壤之別的差距？答案或許回到了可用的「人才庫」上。",
        "根據奧運的3對3籃球規則，每支球隊必須有兩名球員在該國的FIBA 3對3排名中排名前10，另外兩名球員則是需要排名前50，也就代表球員必須透過參加FIBA認可的賽事來獲得積分，而這些賽事會在世界各地巡迴，卻通常安排在NBA賽季期間。這就是為什麼美國不能把5對5國家隊的人才放到3對3的隊伍裡面，像今年沒有入選國家隊的球員：Paul George、Jaren Jackson Jr.、Jalen Brunson和Jaylen Brown，因為這些人都不具有參加奧運3對3籃球的資格。",
        "國際奧委會會有如此規定，就是因為他們希望運動員是真正致力並認真看待這項運動，美國在3對3並沒有特別在乎，導致他們不能獲得更強的競爭力。",
        "攤開美國男籃3對3的陣容名單就可以證明這件事，Jimmer Fredette的生涯巔峰大概就是他15年前在NCAA還是明星球員的時候。Dylan Travis甚至是一名高中老師、還有灰狼隊現任的的管理階層Kareem Maddox，以及前佛羅里達州大學的後衛Canyon Barry。",
        "比起男籃，美國女籃更認真地對待3對3的賽事，他們擁有很優秀的WNBA球員（Dearica Hamby和Rhyne Howard在名單上，Cameron Brink在ACL撕裂之前也會是）撐起整著球隊，不過整體表現似乎還是差強人意。",
        "對於美國來說，根本沒有藉口在3對3籃球方面表現的如此糟糕，他們不應該因為缺乏計劃或是球員名單就去犧牲這塊奧運獎牌。即使他們目前沒辦法用NBA球員來打3對3，但他們也必須找到其他方法來增加他們在2028洛杉磯奧運的人才庫。他們需要儘早開始決定球員名單，並幫助他們認真的投入訓練與比賽，以確保他們能拿到下一屆奧運的資格。",
        "女籃方面，Kelsey Plum、Allisha Gray、Stefanie Dolson和Jackie Young在東京奧運拿下金牌。 這些後衛和他們的2024年新秀、同時也是本屆奧運的國手Hailey Van Lith之間的實力差距很大，擁有這麼多天賦的美國並沒有理由在這屆奧運的實力落差變大。",
        "如果美國認真的去對待3對3籃球，他們就會有一條能夠輕鬆獲得更多金牌的道路，這次的失利，也許給了美國籃球在2028年洛杉磯奧運到來之前的一個警惕。",
        "【特約編輯 郭程霖／責任編輯 謝一謙】",
        "🔥更多最新 NBA 精選好文："
    ]
}