{
    "id": "113634",
    "title": "2024巴黎奧運》從夢幻隊而起到捨棄夢幻之名 哪一屆是美國隊隊史最完美的隊伍？",
    "date": "2024/08/08",
    "topic": "籃球",
    "author_name": "運動視界編輯",
    "tags": [
        "美國男籃",
        "奧運男籃",
        "美國夢幻隊",
        "巴黎奧運"
    ],
    "article-content": [
        "1992年的夏天是首次擁有NBA球員出戰的奧運，萬眾矚目的他們也沒有讓人失望，取得壓倒性的優勢、坐上世界之王的寶座至今，僅有一次未取得金牌的他們無疑正是奧運男籃的統治者。",
        "究竟歷年來的奧運陣容又有誰能稱王？就讓我們從1992年至今來一探究竟。",
        "第八名：2004年雅典奧運",
        "帳面上只贏得銅牌的他們放在這或許並不為過，只因美國的其餘隊伍都贏得了金牌，但攤開球員名單卻不禁讓人思考，這支球隊究竟是如何吞下敗仗的？除了名單中包含Tim Duncan、Allen Iverson這些當打之年的球星外，甚至有初入聯盟的LeBron James、Carmelo Anthony、Dwyane Wade。",
        "第七名：2000年雪梨奧運",
        "儘管不是當年最強的陣容、儘管只在四強賽險勝立陶宛2分，但在奪冠的旅途中保持不敗的神話依然讓這支球隊成為了經典之一，對手除了要面對Jason Kidd及Gary Payton這兩位頂尖外圍大鎖外，還需要面對中流砥柱Kevin Garnett、內線支柱Alonzo Mourning以及創造歷史上最偉大灌籃的Vince Carter。只是包括在四強賽只險勝立陶宛，回國後美國籃協開始有「不要稱呼美國男籃為夢幻隊」的說法，再到2002世錦賽（現世界盃前身）的挫敗，自此美國男籃再也沒用過「夢幻隊」之名。",
        "第六名：2020年東京奧運",
        "奧運首場比賽便輸給了法國，但在之後就未嘗敗績，也包括在金牌爭奪戰中向法國隊復仇，雙前鋒Kevin Durant和Jayson Tatum的夾擊對於對手來說是一場惡夢，且幾乎所有人都拿「死神單打」沒轍，或許賽前大眾認為的陣容深度及中鋒強度仍有落差，但在金牌之路上仍然算一路順遂。",
        "第五名：1996年亞特蘭大奧運",
        "作為承接「夢幻隊」成立後再次前進奧運的球隊，在整合上並不容易，球員名單相當晚才確定，最終還做出更換，但這支球隊卻展現出相當大的韌性，擁有Davin Robinson的強大表現搭配Charles Barkley、Reggie Miller 以及Scottie Pippen的雙位數得分讓他們在奧運保持不敗，並在金牌戰中擊敗南斯拉夫。",
        "第四名：2024年巴黎奧運",
        "現在將他們排在第四或許過於保守，但這是最令人髮指的球隊，迎來傷癒歸隊的Kevin Durant讓他們像是外掛般的存在，球員的天賦附加上超群的發揮讓他們有機會隨著接下來的表現躋身排行榜前三。",
        "第三名：2012年里約奧運",
        "他們的表現可能不如前兩名，但擁有Kevin Durant、LeBron James、Carmelo Anthony及Kobe Bryant絕對是最奢侈的球隊，聲稱來復仇的他們在金牌戰中擊敗了強敵西班牙，而這戰也堪稱為奧運史上的經典一役。",
        "第二名：2008年北京奧運",
        "隊內的良性競爭堪比夢幻隊，因為先發五人中有當時地表最好的三名球員：LeBron James、Kobe Bryant以及Dwyane Wade，更不用說還有奧運專武Carmelo Anthony及正值顛峰的Dwight Howard。基於先前在2004奧運、2006世界盃的挫敗，這支2008奧運的美國隊號稱「救贖之隊」，而他們的表現的確幫助美國重返奧運之巔。",
        "第一名：1992年巴塞隆納奧運",
        "冠軍的頭銜只有兩個選擇：夢幻隊或是救贖隊，但在這兩支球隊卻幾乎是在相同強度進行比較而已；而讓夢幻隊排名第一，無疑是因為這支球隊在當年以Michael Jordan為首的陣容，場場大比分差的勝利已經成為當時各隊揮之不去的夢魘。",
        "【特約編輯 陳聖崴／責任編輯 謝一謙／核稿編輯 張正邦】",
        "🔥更多最新 NBA 精選好文："
    ]
}