{
    "id": "113686",
    "title": "2024巴黎奧運》6屆元老卸下戰袍 西班牙男籃的下個篇章要如何續寫？",
    "date": "2024/08/07",
    "topic": "籃球",
    "author_name": "運動視界編輯",
    "tags": [
        "巴黎奧運",
        "Rudy Fernandez",
        "Sergio Scariolo",
        "西班牙男籃"
    ],
    "article-content": [
        "西班牙在2024年巴黎奧運會的旅程以85-88惜敗加拿大隊後結束，這場關鍵小組賽被稱為「死亡之組」的生死戰。此役也標誌著西班牙籃球明星Rudy Fernandez輝煌職業生涯的結束。作為一名職業球員，Fernandez經歷了22年的征戰，並在本屆奧運上完成了他生涯的最後一舞。",
        "Fernandez在國際籃球界的成就令人難以置信。他是兩次FIBA世界盃冠軍（2006年、2019年），四次FIBA歐錦賽冠軍（2009年、2011年、2015年、2022年），以及三次奧運獎牌得主，分別在2008年和2012年獲得銀牌，2016年獲得銅牌。",
        "以83-85不敵加拿大後，西班牙隊在小組賽中排名第四，無緣奧運會淘汰賽。賽後，這位傳奇前鋒分享了他的感受：「悲傷和平靜，是時候與家人安靜地在一起了。悲傷是因為我與這支國家隊和我所屬的俱樂部經歷了太多，現在再也沒有比賽或長途旅行了。我會想念這支球隊。」",
        "39歲的Fernandez在對陣加拿大的比賽中得分掛零，投籃5投0中。即便如此，能夠踏上球場本身就是一件值得慶幸的事，因為在比賽前沒有人能確定他是否能上場。對陣希臘的比賽中，他在與Juancho Hernangomez碰撞後頸部遭受嚴重傷勢，但他依然堅持下去。",
        "「很多人在遭受這樣的打擊後都無法繼續，他出場並像往常一樣奮鬥。經過這麼多年，我個人為他感到驕傲，」他的朋友Sergio Llull說。",
        "教練Sergio Scariolo也補充道：「我十分感謝他。很少有人能夠在這種情況下上場比賽。我們感謝他在第六屆奧運會上為國家隊鞠躬盡瘁，付出了一切。他樹立了我們都應該效仿的榜樣。」",
        "「雖然我離開了，但我始終試圖幫助球隊，」Rudy坦言。「我感謝他們，我對我們所做的工作感到高興，我們戰鬥到了最後。當你穿上這件球衣，這些就是我們所應該做的。我們沒有達成目標，但我離開球場時感到滿意，因為看到球隊以這種方式競爭，讓我對現在和未來感到放心。」",
        "他們在2022年歐錦賽中以幾乎相同的陣容獲勝，但在去年的FIBA世界盃中未能闖過小組賽階段。對加拿大的失利再次證明了這對Scariolo的球隊來說是個轉捩點。",
        "「我相信他們將再次享受奪冠的時刻，」Rudy解釋道。Llull也同樣相信西班牙隊將會捲土重來：「我們會再次崛起。顯然，Pau和Marc Gasol以及Juan Carlos Navarro已經不在了，但年輕球員會理解這支球隊的核心打法並貫徹始終。」",
        "Sergio Scariolo讚揚了Rudy Fernandez的職業生涯，指出他卓越的心理素質和努力不懈的態度克服身體素質的差異是球員們的榜樣，他的存在對所有球員都是一種激勵。",
        "西班牙國家隊主教練Sergio Scariolo見證了Rudy Fernandez的多次勝利，他從2009年到2012年以及從2015年至今擔任球隊教練。",
        "「我很幸運能夠執教他。我在很多比賽和競賽中見過他，他從不放棄，從不屈服於他在三號位對抗任何對手時所面臨的身體劣勢。」Scariolo開始對Fernandez讚美道：「他是如此具有競爭力，對這支球隊如此投入。不論他的健康狀況或個人情況如何，他總是堅守在這裡。這對他在這支球隊中的隊友，對接替他的球員，甚至對世界各地的球員來說都是一個偉大的榜樣，因為並不是每個人都擁有跳躍能力、技巧、天賦或身材，但每個人都應該努力嘗試。」",
        "「我想說，不是每個人都可以擁有天賦，但至少他們應該試著看看Rudy所在做的，看到可以用超凡的心理素質和努力來彌補缺陷或不足。」",
        "【特約編輯 陳子皓／責任編輯 謝一謙】",
        "🔥更多最新 NBA 精選好文："
    ]
}