{
    "id": "113636",
    "title": "運動視界啪EP.214－美國男籃這屆奧運的最大挑戰？日本隊為了奧運都做了哪些準備？feat.小鐵",
    "date": "2024/08/05",
    "topic": "專題",
    "author_name": "運動視界編輯",
    "tags": [
        "日本男籃",
        "美國男籃",
        "Stephencurry",
        "Lebronjames",
        "Joelembiid",
        "Jaysontatum",
        "巴黎奧運",
        "2024巴黎奧運"
    ],
    "article-content": [
        "這集的節目焦點，我們放到籃球上面，雖然奧運籃球跟台灣一直都關係不大，但這屆包括美國男籃、日本男籃與法國男籃等依然受到相當大的矚目。所我們邀請到運動視界編輯、體育台球評的小鐵一起來跟大家聊聊這屆的奧運籃球，主要重點如下：",
        "歡迎大家收聽節目，一起進行更多討論！",
        "如果您對於運動視界啪有任何意見或指教，可以多多幫我們在Apple Podcast五星推薦並留下寶貴建議哦！",
        "您可以透過以下管道，收聽運動視界啪：",
        "延伸閱讀："
    ]
}