{
    "id": "113631",
    "title": "2024巴黎奧運》不一樣的戰場？ Curry是如何看待奧運跟季後賽的差別",
    "date": "2024/08/06",
    "topic": "籃球",
    "author_name": "運動視界編輯",
    "tags": [
        "美國隊",
        "巴黎奧運",
        "Joel Embiid",
        "Steve Kerr",
        "Stephen Curry"
    ],
    "article-content": [
        "美國隊不僅在適應國際賽事，同時也在熟悉彼此，而這可能是項不容易的考驗。",
        "Steve Kerr 已連續兩個夏季執教美國隊，他也對球隊面臨的挑戰提出見解。",
        "「這正是我們的職責所在，對吧？我們有 12 名全明星級別的球員，就算不是全明星，也是世界頂尖球員或冠軍得主。」Kerr 表示。「我認為美國隊這些傢伙多少都能卸下一定的重擔，因為他們不再需要一個人攬下球隊所有責任。」",
        "「這些傢伙可以相互依賴；每場比賽都會有不同的挑戰，他們要把其他無關緊要的事拋諸腦後，因為那些都不重要，唯一重要的是贏得金牌。有這樣直接而明確的目標是很純粹美好的，我認為我們的球員都相當樂在其中。」",
        "Kerr 繼續說道：「然後，作為教練團隊，我們的工作就是確保每個人都積極投入並做好準備。我們需要所有 12 名球員，這就是奧運籃球和 FIBA 賽事的特性，每個人都缺一不可。」",
        "首次參加奧運的 Stephen Curry 也指出作為一支球隊他們所面臨的挑戰。",
        "Curry 說：「這就像在打季後賽一樣，不過球場的大小不同，比賽時間也從 48 分鐘縮減到 40 分鐘，而且場上的對抗性很強。但對我們來說，最難的是要快速整合所有人的能力。如果這支球隊有一整年的時間一起訓練並培養默契，我們現在就不會一直談到磨合的問題了。」",
        "而費城 76 人的中鋒 Joel Embiid 十分享受這種新體驗。",
        "「這是個不一樣的環境。對我來說很棒，因為我正和很多偉大球員一起打球。」Embiid 說道。「主要目標當然是確保我們能贏，並盡我所能為球隊做出貢獻，僅此而已。在 NBA，我已經習慣作為球隊的核心；現在我必須轉換角色，而我很喜歡這種感覺。」",
        "對 Embiid 來說，這次經驗也是在為 NBA 賽季做準備。",
        "Embiid 表示：「尤其是來到下一年，隊上有 Tyrese Maxey 和 Paul George，我特別希望 Tyrese 的表現能有所躍進。我必須盡我所能幫助其他隊友，並做好我該做的事，繼續主宰比賽。我想確保自己能讓隊友發揮實力，所以這對我來說是很好的經驗。」",
        "美國隊在台灣時間 7 月 28 日以 110 比 84 擊敗了塞爾維亞。第二場 8 月 1 日對上南蘇丹，儘管美國隊在先前友誼賽僅險勝一分，他們這次最終以 103 比 86 大勝這個非洲國家。美國隊接著在 8 月 3 日以 104 比 83 輕取波多黎各，收下小組三連勝，以 C 組分組第一晉級八強。",
        "【特約編輯 鄭以涵／責任編輯 謝一謙】",
        "🔥更多最新 NBA 精選好文："
    ]
}