{
    "id": "113621",
    "title": "《2024巴黎奧運》遺憾又圓滿 西班牙六朝奧運元老Rudy Fernández高掛球鞋",
    "date": "2024/08/05",
    "topic": "專題",
    "author_name": "CHLin",
    "tags": [
        "2024巴黎奧運",
        "Rudy Fernandez"
    ],
    "article-content": [
        "長年在國際籃壇無往不利的西班牙男籃在2024巴黎奧運的旅程並不順利，在強敵環伺的A組小組賽僅拿下1勝2敗，最後因為較差的得失分差落居A組第四名，以總排名第10名的成績打道回府。",
        "2024巴黎奧運也是39歲老將Rudy Fernández的國家隊告別作。即使鬥志不減並且身兼隊長重任，Rudy Fernández仍難敵歲月的損耗，2024巴黎奧運3場小組賽場均出賽17分鐘、3.3分、1.0籃板與1.0助攻，表現與其巔峰時期相去甚遠。",
        "小組賽第3戰，Rudy Fernández上場15分鐘，投5中0，得分掛蛋，即使西班牙靠著Darío Brizuela在第四節獨砍17分緊咬加拿大，最後仍缺少臨門一腳，以85：88惜敗，西班牙也無法用一面奧運獎牌做為老大哥Rudy Fernández的退休賀禮。",
        "Rudy Fernández出身西班牙馬約卡島城市帕爾馬，2002年，17歲的Rudy就成為西甲球隊DKV Joventut一線隊的成員。2005年，15歲的天才控衛Ricky Rubio「跳級」也加入Joventut，讓球隊在西甲從原本的中段班躍升成為西甲聯賽前4名的強權。",
        "2006-07賽季，DKV Joventut得到了參加歐洲最頂級跨國聯賽Euroleague的機會，21歲的Rudy Fernández在此得到證明身價的機會，以出賽19場、場均上場25.7分鐘，15.8分、2.1抄截，47.8％／42.9％／81.4％的高水準投籃三圍的成績贏得了Euroleague年度rising star。雖然DKV Joventut最終止步Euroleague16強，但Rudy Fernández此番表現已得到NBA球探的關注。2007年NBA選秀會，鳳凰城太陽用首輪第24順位指名了Rudy Fernández，但馬上將其交易至波特蘭拓荒者，不過Rudy Fernández選擇多在DKV Joventut待了一年，才正式挑戰NBA。",
        "2008-09賽季來到NBA的Rudy Fernández，旋即展現自己成熟的即戰力，當時的波特蘭拓荒者已有LaMarcus Aldridge、Brandon Roy兩大不動先發，Rudy Fernández主要以替補身份出發，整季78場出賽，雖然只有4場先發，但場均上場25.6分鐘已經是隊內第5多。他也憑藉著10.4分、2.7籃板與2.0助攻，42.5％／39.9％／83.9％的投籃三圍，入選2009年NBA年度新秀第二隊。",
        "這也是Rudy Fernández四年的NBA生涯唯一一座個人獎項。",
        "Rudy Fernández只在NBA待了四個賽季，但他並不是因為個人能力未達NBA標準遭到自然淘汰，相反地，他每賽季場均的成績都能保持數據上的平滑，是一位每場能提供20~25分鐘上場時間、接近兩位數得分的第六人──這在當時每場比賽回合數偏少的NBA已經是至少平均水準的成績。",
        "會讓Rudy Fernández提早離開NBA的原因主要有二。",
        "首先是傷病，他在NBA四個賽季就受了兩次大傷，2009-10賽季因為坐骨神經痛只出賽62場，2011-12賽季則是在出賽31場比賽後因為背傷提前報銷，多少影響了其身價。",
        "然而，「金錢」才是背後更現實的考量，在2010年休賽季期間，Rudy Fernández就因為經紀人放話要求拓荒者將其交易的不當言論，被NBA官方開罰25000美元，但拓荒者直到隔年的選秀會才將他交易到達拉斯小牛，後來很快又被送到丹佛金塊。",
        "2011年，NBA再次封館，不少球員選擇在封館期間與海外球隊簽約淘金，西甲豪門皇家馬德里也與Rudy Fernández簽下一份極其優渥的合約，據傳內容為年薪270萬歐元（約372萬美元），附帶如果Rudy選擇結束NBA生涯，還能與皇家馬德里重簽合約的選項。",
        "這份合約究竟有多香？Rudy Fernández四年的NBA生涯，總薪資只有576萬美元，即使是新秀制式合約的第四年也才218萬美元。相較之下，回到西班牙為皇家馬德里打球，可謂真正的「錢多、事少（賽程相對寬鬆）、離家近（大部分時間在西班牙打球）」。也因此，Rudy Fernández在後來因為背傷提前結束2011-12賽季後，便毅然決然離開NBA，回到歐洲繼續職業生涯。",
        "在當打之年就回到歐洲的Rudy Fernández很快地成為皇家馬德里的重要戰力，13個賽季為皇家馬德里贏得3座Euroleague、7座西甲ACB聯賽、7座西班牙國王盃與9座西班牙超級盃冠軍，以及無數的個人榮譽。",
        "2016年開始，年過30歲的Rudy Fernández就主要以替補身份登場，就像在NBA時期一樣，他的上場時間大多維持在15至20分鐘以內，更多時間是借重其經驗，在關鍵時刻或讀秒階段穩定軍心。",
        "Rudy Fernández生涯是國際比賽的大贏家，他是目前唯一一位6度參加奧運男籃項目的選手，生涯摘下2銀1銅。此外，他也為西班牙贏得了2座FIBA世界盃籃球賽、4座歐錦賽冠軍。其中兩個在生涯後半贏得的冠軍錦標更是在不被看好的情況下爆冷獲勝。",
        "2019年FIBA世界盃決賽，西班牙在Marc Gasol、Sergio Llull與Rudy Fernández等30歲以上老將都得分上雙的火力支援下，一路壓著相對年輕力壯的阿根廷打，毫無懸念以95：75贏得冠軍，Rudy Fernández上場29分鐘，拿下11分、10籃板的「雙十」、+/-值也是全隊最高的+23。",
        "2020年開始，Rudy Fernández在職業聯賽的上場時間逐年遞減，然而在2022年歐錦賽，37歲的Rudy Fernández在4場淘汰賽每場都至少投進2記三分球，場均出賽21分鐘就攻下9.3分──缺少Sergio Llull的西班牙在淘汰賽前三場比賽，對上立陶宛、芬蘭與德國都曾陷入落後，如果沒有Rudy Fernández，或許西班牙無法走到決賽，並且輕鬆輾壓法國奪冠。",
        "2024年是Rudy Fernández最後一年的籃球生涯，早在5月份與皇家馬德里前往德國柏林征戰Euroleague最後四強決賽前的記者會，他就暗示自己將告別籃壇，並表示自己將團隊榮譽放在個人名聲以前。",
        "「我從未沉迷在贏得大量冠軍和獲得個人榮譽當中…我總是一直試圖專注為球隊工作，我總是試圖犧牲很多事情來幫助球隊。」",
        "然而，在過去無數次的大場面比賽寫下驚人成績的Rudy Fernández，在生涯最後一場Euroleague比賽，上場10分鐘一分未得，只摘下一個籃板、送出一次助攻與三次抄截，皇家馬德里在第一節取得36：25的領先後先盛後衰，終場80：95不敵希臘傳統強權Panathinaikos，無法用生涯第4座Euroleague為自己的職業生涯作結尾。",
        "無獨有偶地，Rudy Fernández在西班牙國家隊最終戰同樣得分掛蛋，但這無損他在眾人心中的地位。",
        "與Rudy Fernández是多年皇家馬德里隊友的Sergio Llull便在對加拿大的比賽賽後說道：「以這樣的方法結束著實遺憾，但多年來，他（Rudy）也為西班牙付出了一切。」",
        "Llull接著補充：「其他人像他現在這樣的情況下，都不會參加比賽。因為他前幾天受傷了，他決定像往常一樣出去戰鬥。就我個人而言，我很自豪能與他一起度過這麼多年，他可以為自己的職業生涯感到自豪，我認為他是許多球員的榜樣。」",
        "「我不知道誰可以在什麼時候追平或超過他。」西班牙籍的加拿大總教練Jordi Fernández在賽後也與Rudy Fernández獻花致意。「我從他 17 歲起就認識他了，他為我的家鄉球隊效力，我很榮幸能與他建立關係，與他一起工作，並見證他令人難以置信的職業生涯。」",
        "同樣合作多年的西班牙總教練Sergio Scariolo也對Rudy Fernández表達了大量的肯定：「能夠執教他是一種榮幸，很少有球員會在今天這樣的條件下（受傷）嘗試比賽。他做到了，我們欠他一個機會，讓他能夠在為球隊付出最大努力後光榮退役。」",
        "「他是我們必須效法的榜樣。我們在體能層面上與許多國家隊相比確實存在很大的障礙，就像Rudy在與許多對手對決時遇到的情況相同，他從未妥協，他總是與之抗爭。大多數時候都取得了成功，有時沒有成功而讓對手變得更好，但他總是堅持到最後一刻。」",
        "「這不僅是對現在這些運動員的承諾，也是對後人和所有運動項目運動員做出承諾的一個例子。能夠與他分享這麼多比賽和冠軍是我的榮幸。」",
        "那麼，Rudy Fernández又是怎麼為自己的職業生涯作結語呢？他認為自己能夠抬頭挺胸的步出球場，因為自己己經戰鬥到最後一刻。",
        "「我對結果感到滿意，因為我們戰鬥到了最後，這就是穿著這件球衣時必須做的事情。我們沒能成功，但我會高調地離開，因為看到球隊以這種方式在場上競爭，讓我對（西班牙男籃的）現在和未來充滿信心。」",
        "就這樣，一代西班牙活傳奇、奧運六朝元老Rudy Fernández，以他獨特的方式光榮地離開了球場。",
        "圖片來源：運動視界圖輯、Elta TV截圖"
    ]
}