{
    "id": "113815",
    "title": "《2024巴黎奧運》Steve Kerr時代落幕 美國男籃如何在2027卡達世界盃重返冠軍榮耀？",
    "date": "2024/08/14",
    "topic": "專題",
    "author_name": "EdotTdot_4",
    "tags": [
        "美國男籃",
        "巴黎奧運",
        "Joel Embiid",
        "Anthony Edwards",
        "Steve Kerr",
        "Stephen Curry",
        "LeBron James",
        "Kevin Durant"
    ],
    "article-content": [
        "Devin Booker、Anthony Edwards、Jayson Tatum、Paolo Banchero、Bam Adebayo與Chet Holmgren算是眾家評論較具共識的人選，但不同版本之間仍存在些許差異，Pelton納入更多老將，Sidery偏好年輕化，Powell則以中生代球星為主。",
        "無論如何，洛杉磯奧運因為在美國本土舉行，肯定會拉高NBA球星們的參賽意願，屆時名單與本屆相比，應該是有過之而無不及。",
        "美國確實可以選擇不管戰績，把世界盃當成練兵場，再全力衝刺奧運。然而，從本屆奧運能夠發現，去年世界盃大放異彩的幾個國家，例如德國和日本，也都將好表現延續至今年，由此可見世界盃對備戰奧運是有幫助的，這也是美國隊應該重視世界盃的主因。",
        "同理，該如何改變既有觀念，讓NBA球員更加重視世界盃，將是美國男籃當前的課題。",
        "從各方面看來，Spoelstra確實是新教頭最適合的人選之一。他的執教特點在於善用雙能鋒與區域聯防，相當符合近年國際賽潮流。他的政治手腕也很高明，自2008年接掌熱火兵符來，即將邁入第17個球季，是目前NBA在位時間第二長的總教練，僅次於馬刺的Gregg Popovich，在速食風潮盛行的聯盟中，堪稱鳳毛麟角的存在，代表他對上對下都能長期保持良好的關係，顯示出他的領導能力卓越，足以帶領眾星雲集的美國隊前進。",
        "巴黎奧運不僅是本世代最偉大球星LeBron、Curry和Durant在國家隊攜手合作的最後一舞，亦象徵Kerr時代的落幕。在今年順利完成衛冕任務後，美國男籃從球員陣容到教練團，無疑都將迎來改朝換代的時刻。",
        "🥇推薦閱讀："
    ]
}