{
    "id": "113942",
    "title": "2024巴黎奧運》美國隊的下個挑戰 誰會是繼任Steve Kerr的下個總教練人選？",
    "date": "2024/08/22",
    "topic": "專題",
    "author_name": "運動視界編輯",
    "tags": [
        "美國男籃",
        "巴黎奧運",
        "Steve Kerr",
        "Tyronn Lue",
        "Erik Spoelstra"
    ],
    "article-content": [
        "Steve Kerr首次執掌奧運籃球隊便取得成功，這位勇士隊總教練帶領美國男子籃球國家隊在2024年的奧運會上奪得金牌。",
        "美國隊的金牌之路並不容易。Nikola Jokic帶領的塞爾維亞隊和Victor Wembanyama所屬的法國隊都是強大的對手，這凸顯了全球籃球人才的深厚實力。然而，Kerr 的隊伍最終還是更勝一籌。Stephen Curry、LeBron James和 Kevin Durant組成了令人畏懼的三巨頭，他們的表現為美國隊奪得奧運金牌提供了足夠的火力。",
        "Curry、James 和 Durant 都有可能在下屆夏季奧運會前退出美國隊。Kerr 也可能隨著這三位明星球員的離去而告別國家隊，外界傳言這位58歲的教練將退出美國男籃的執教。如果真是如此，可以想像將會有一大批優秀的戰術大師排隊爭奪這個位置，尤其是下一屆夏季奧運會將在陽光明媚的洛杉磯舉行。",
        "美國籃球隊的奧運未來會是什麼樣子？以下是我們目前所知道的情況。",
        "Steve Kerr 可能不會在 2028 年的奧運會上繼續執教美國隊。據富比士記者 Evan Sidery 報導，Kerr 很可能會結束他的國際賽教練生涯，這意味著洛杉磯奧運時美國男籃將迎來一位新教練。",
        "這一消息隨後得到了Mark Stein的再次證實，他表示Kerr「不太可能繼續擔任」美國隊的總教練。",
        "在奧運的比賽中，Kerr做出了許多引人注目的選擇，甚至在比賽過程中多次將塞爾提克的超級新星Jayson Tatum和76人明星Joel Embiid放在替補席上。他的決策引發了不少爭議，特別是來自新英格蘭地區的批評。然而，這位四次 NBA冠軍教頭最終還是帶領球隊克服了重重挑戰，為美國隊贏得了連續第五次的奧運金牌。",
        "如果Kerr真的退休，繼任者很可能會來自美國籃球隊教練團內部。無論是Erik Spoelstra還是Tyronn Lue，他們都擁有豐富的國際比賽經驗。考慮到兩位教練的地位—Spoelstra和Lue都是當今籃球界最出色的戰術家，他們將是該職位的強力競爭者。",
        "美國隊總經理Grant Hill對於建立球員和教練培養管道的想法一直持開放態度。Spoelstra和Lue都是Kerr在2023年世界盃和2024年奧運會教練團隊中的成員，完全符合這一理念。",
        "Hill 和他的團隊還有時間決定未來的總教練人選—畢竟他們目前仍在慶祝勝利。然而，要為未來成功奠定基礎，他最好的選擇可能就在內部，正如他所希望的那樣。",
        "【特約編輯 陳子皓／責任編輯 謝一謙】",
        "🔥更多最新 NBA 精選好文："
    ]
}