{
    "id": "114139",
    "title": "夸父追日還是龜兔賽跑？三個問題看Lonnie Walker IV加盟塞爾蒂克",
    "date": "2024/08/29",
    "topic": "籃球",
    "author_name": "EdotTdot_4",
    "tags": [
        "波士頓塞爾提克",
        "Jayson Tatum",
        "Jaylen Brown",
        "Evan Fournier",
        "Lonnie Walker IV",
        "Oshae Brissett"
    ],
    "article-content": [
        "今年奪下隊史第18座NBA冠軍，獨居聯盟歷史第一的塞爾蒂克，休季期間的操作相對保守，大多以續約自家球員為主，包含以長約提前綁定核心主力Jayson Tatum與Derrick White，並從自由市場上帶回Sam Hauser、Neemias Queta、Xavier Tillman Sr.和Luke Kornet，連雙向合約都保留給Drew Peterson、JD Davison等舊將，體現「東西沒有壞就不要修」的精隨。",
        "延攬Walker也和塞爾蒂克季中交易操盤有異曲同工之妙，綠衫軍板凳比較缺乏能夠自主進攻能力強大的得分點。",
        "而在簽下Walker之前，自由市場上其實還有不少優質的鋒線人選，值得塞爾蒂克考慮，例如曾被認為是塞爾蒂克天菜，卻因傷病無緣合作的Danilo Gallinari，也有像是Robert Covington、Jae Crowder等經驗豐富的側翼大鎖，或是具有較好單打能力的Marcus Morris Sr.、Cedi Osman尚在待價而沽。",
        "言歸正傳，在自由市場上還有諸多前鋒可供選擇的前提下，反倒挑選砍將加盟，是否為明智之舉仍有待觀察。何況三年前塞爾蒂克也曾在季中透過交易獲得攻優於守的後衛Evan Fournier，成效卻不盡理想，季後賽反而在防守端成為籃網打點的對象。如今又找來優缺點相似的Walker，是否將重蹈覆轍猶未可知。",
        "塞爾蒂克堅守陣容名單多樣化的方針，固然有其道理，畢竟他們才憑藉這套哲學奪冠，但是在競爭對手補強針對性明確的情況下，或許也該進行滾動式調整，才能對症下藥。以不變應萬變、一昧堅持既有成功方程式的塞爾蒂克，究竟會成為夸父追日故事中的太陽，還是龜兔賽跑寓言中的兔子，答案很快就會揭曉。",
        "🥇推薦閱讀："
    ]
}