{
    "id": "114349",
    "title": "《2024-25 X-Factor 》芝加哥公牛： Patrick Williams",
    "date": "2024/09/09",
    "topic": "專題",
    "author_name": "AhUtopian/烏托邦/余大",
    "tags": [
        "芝加哥公牛",
        "ZachLavine",
        "JalenSmith",
        "PatrickWilliams",
        "joshgiddey",
        "BullsH1T",
        "MatasBuzelis",
        "202425NBAXFactor"
    ],
    "article-content": [
        "如果要在 2024-25 賽季，幫芝加哥公牛選個 X-Factor ，你會選誰呢？我自己 初步會納入名單的人選，包括有：",
        "(1)Zach LaVine",
        "(2)Josh Giddey",
        "(3)Patrick Williams",
        "(4)Lonzo Ball",
        "(5)Matas Buzelis",
        "我自己會定義 X-Factor 有兩個要件，第一個是對球隊要有潛在的影響力，第二個則是對於這樣潛在的影響力是否、如何能發揮的謎度，也要納入考量。",
        "從這兩個標準來看，單以本季論， Ball 跟 Buzelis 的影響力可能不足以納入討論，而 LaVine 跟 Giddey 的影響力雖然非常大，但我其實對於公牛會如何使用、創造他們的效益，在想像上並沒有那麼大的謎團、比較偏向球員個人狀態調整以及內外在球技的因應程度。",
        "因此我最終會選擇 Williams 。",
        "原因不是因為他最好或是最重要，而是我認為其他人的表現跟定位，我認為我都還能有個想法，但唯獨 Williams ，我真的對於在交易走 DeMar DeRozan 、迎來 Giddey 的情況下，他會如何被定位、以及自己的心態應對，最難預測。",
        "首先，即便以 2020 年第四順位選秀、被賦予的期望感來說， Patrick Williams 是令人失望的，但他在防守端是聯盟側翼優秀的一對一防守者之一，這點應該是能夠確保他的上場時間跟基本貢獻度，因此我們主要來探討他在進攻端。",
        "進攻端上，要去期待 Williams 在四年之後，突然在一季之內變成得分核心，當然是非常不切實際的事情，但在更好的球權流動跟空手跑動底下，讓他有著更多的外線空檔或身材錯位優勢，去發揮他進攻上的幾項展現出的特長：",
        "(1)有準度、出手不快但也不好蓋的外線",
        "(2)從三分線外帶球、碰撞後拔起出手點高的中距離跳投",
        "(3)利用身體對抗性兩次下球內的切入",
        "如果只看整季數據，上個 2023-24 球季， Patrick Williams 的表現是比 2022-23 球季的他全面倒退的，但如果我們拿特定時段也就是 12 月份的數據來看，會對於他在 2024-25 球季可能的表現更有想法些：",
        "上場時間｜33.0",
        "單場得分｜14.1",
        "助攻｜1.9",
        "三分球｜3.7 出手、 50.0% 命中率",
        "真實命中率｜62.5%",
        "球權使用率｜16.1%",
        "為什麼是拿這一個月來做討論呢？因為這一個月是 Zach LaVine 受傷缺陣，也是 Williams 加入 NBA 以來，單月上場場數超過 5 場時，最佳的單月份表現。",
        "別誤會，我並不是要說 LaVine 這個人直接影響到 Williams ，而只是在過去三年來，剛好有那麼一個月，是 Williams 真正可以在 DeMar DeRozan – LaVine 的持球體系外，試著跟其他人搭配、打出的成績。",
        "甫以 5 年 9000 萬美金（最後一年球員選擇權）、和芝加哥公牛續約的 Patrick Williams ，在今年休賽季公牛大幅調整陣容，特別是交易出去 Alex Caruso 、 DeMar DeRozan ，換來 Josh Giddey 、選進 Matas Buzelis 以及簽下 Jalen Smith 後，單純以功能性上來說，會承擔幾個責任：",
        "在 Caruso 以及 Javonte Green 離隊、而 Ayo Dosunmu 可能會分攤更多進攻責任，先發陣容的防守大鎖就會落在 Williams 頭上，在過去有 Caruso 在時， Williams 比較會在對手第二進攻點剛好是大型鋒線擔任角色，而如今他可能會需要面臨到更多各式各樣的第一進攻點。",
        "當 NBA 各球隊對於 5-Out 或是自帶體系、切傳的選手，越來越常應用區域防守的概念，這幾年有沒有一個能在中距離穩定出手的得分點，似乎也成為一種蠻重要的配件；而當沒有 DeRozan 之後，考慮到出手點、命中率以及防守對位， Williams 會擔當不少這樣的任務。",
        "以 Williams 具備高出手點翻身跳投、碰撞能力強，以及翼展肩寬都挺優異的條件來看，他也是適合錯位或是直接拉開進行低位單打的球員，但過去兩季這件事情分別有 DeRozan 、 Nikola Vucevic ，以及沒有太好的腳步、但是光靠身體素質就能創造不少機會的 Andre Drummond 。",
        "而本季雖然禁區有補進 Smith ，但是 Smith 的球技組成上比較是擋人後的吃餅或是拉出跳投，；低位單打腳步上， Williams 會是公牛在 Vucevic 後明顯的第二選擇。",
        "比起場上功能性，對於芝加哥公牛的實質影響，更重要的在於建軍時間軸。",
        "甫簽約的 Patrick Williams 是公牛除了新秀 Matas Buzelis 之外，手上合約控制權最長的球員，他的發揮程度高低，單純以時間軸來說是會影響公牛最久的球員。",
        "我們甚至可以說，相較於合約划算、但都只剩下兩年，而且很難期待下一份換約後，合約的 CP 值還能跟現在一樣好，是否要做為長期建隊組合這件事情上，都還有所疑慮的 Ayo Dosunmu 、 Coby White ；如果以 3-5 年為建軍期來說，眼前確定的人選，除了應該是會續約的 Josh Giddey 、新人約的 Buzelis 外，就是 Williams 。",
        "假如 Williams 能夠把前述三件事情－防守大鎖、難度較高的中距離跳投，以及低位單打－在這接下來這個球季給執行起來，那公牛很可能會視為已經在 Giddey 外、再多一個確定的基石（或重要拼圖），也可能是非常關鍵划算的交易資產，從而即便走向重建，也會縮短在 2025 年夏天來完成。"
    ]
}