{
    "id": "114364",
    "title": "Jokic的存在確定金塊會是西區前四的球隊！Murray才能決定金塊是否能夠爭奪總冠軍！",
    "date": "2024/09/10",
    "topic": "籃球",
    "author_name": "sherloockyan1117",
    "tags": [
        "Nba",
        "快艇",
        "金塊"
    ],
    "article-content": [
        "根據美媒報導，金塊與Jamal Murray完成續約，雙方將簽下一份四年2.08億美元的頂薪合同，Murray也藉此成為了NBA歷史上最貴的非全明星球員。",
        "是的，職業生涯至今，Murray不曾入選過全明星陣容。當然，這並不代表Murray不具備全明星的實力，這更多是因為西區後場的競爭實在太大。",
        "或者你也可以說Murray和Jimmy Butler同樣是一名季後賽球員，他往往在常規賽的表現都是不溫不火，而一到了季候賽，Murray就會徹底爆發，這點在2020年泡泡圈季后賽以及2023年金塊奪冠的那個賽季得到了驗證。",
        "2021和2022年，Murray因傷賽季報銷，Nikola Jokic獨木難支，雖然Jokic已經連續兩個賽季當選常規賽MVP，但是卻無法在季後賽中帶領金塊走得更遠。",
        "2020年，Murray仍然健康，首輪對陣爵士與Donovan Mitchell互飆50分的表演仍然讓人印象深刻。如果不是Anthony Davis在西區決賽投進那個壓哨絕殺三分，也許整個系列賽的走勢將會變得徹底不同。",
        "2023年，Murray已經復出，Michael Porter Jr也變得更加健康更加成熟，Jokic身邊有了兩個得力助手，終於無需一人苦苦支撐，而這一次金塊也是一舉贏下總冠軍，隊史第一個總冠軍。",
        "來到2024年，志在衛冕的金塊在西區半決賽遭遇了擁有三塔陣容的灰狼。面對Rudy Gobert、Karl-Anthony Towns和Naiz Reid坐鎮的禁區，即使是Jokic這個當之無愧的現役第一人，Jokic也是肉眼可見地有點難以適應。",
        "而且，灰狼可不只是內線防守厲害，外線防守同樣可怕。",
        "面對Jaden McDaniels和Anthony Edwards的難纏防守，Murray徹底迷失，最終金塊也以總比分3-4惜敗灰狼，無緣晉級西區決賽，衛冕的目標也宣告失敗。",
        "更糟糕的是，在巴黎奧運會，被視為唯一能夠給美國男籃帶來挑戰的加拿大男籃，加拿大居然在八強就打道回府，其中Murray的表現更是慘不忍睹，當然這可能是因為傷病所致。",
        "總的來說，Jokic決定了金塊一定會是西區前四的球隊，但金塊想贏得總冠軍，這點真的是很依靠Murray的表現。對於Murray來說，新賽季他首先要做到的，就是讓自己的表現更加穩固，然後爭取成為一位全明星球員！",
        "再來，Jokic和Murray的內外線搭檔撐起了整個金塊體系，但金塊可並不只是只有他們倆人，金塊陣中還有很多非常優秀的球員，比如說Michael Porter Jr、Aaron Gordon、Russell Westbrook和Christian Braun。",
        "小Porter的出手選擇雖然有時有點糟糕，但不可否認他的確有著死神Kevin Durant的投籃影子，如果小Porter可以提升投籃穩定性，對於金塊來說當然是一個重大利好。",
        "Gordon對於金塊的重要性已經不言而喻，除了擅長跑位空切，他還有一手不錯的投籃能力和運球功夫，而且他與Jokic真的是非常來電，倆人經常上演空中接力灌籃的炸裂場面！可惜的是，Gordon的高度有點不足，這讓他在司職大前鋒位置時會有點吃虧，尤其是面對灰狼這種擁有三塔的球隊，如果Jokic離開禁區，那麼金塊就很難守住防守籃板，很容易會讓對手搶下進攻籃板，從而完成二次進攻。",
        "值得一提的是，為了改善這個弱點，金塊簽下了NBA歷史上最會搶籃板的後衛，也就是Westbrook！",
        "除了偶爾會上頭，威少真的無可挑剔。威少的加盟對於Gordon來說無疑是幸福的，除了Jokic的餵餅，現在又多了威少這種能突破能傳球的後衛，新賽季Gordon肯定會被餵得飽飽的。",
        "根據數據統計，威少已經完成了199次單場大三元，高居NBA歷史三雙榜的榜首，距離完成第200次單場三雙，僅差一場，相信威少一定可以在新賽季完成這個載入史冊的里程碑的。",
        "說到威少，那就不得不提一提穿掉了威少0號球衣的Christian Braun了，哈哈！當然，威少並沒有要搶Braun的球衣，倆人之間並沒有像媒體報導的那樣產生摩擦和矛盾，甚至是不合，絕對是假消息。",
        "新賽季，Braun已經是三年級生，菜鳥賽季就跟隨金塊贏得總冠軍，而且不是躺冠，而是有著一定貢獻的。第二個賽季也是持續進步，新賽季來到第三年，相信金塊肯定也會適當地給予Braun更多的球權的。",
        "新賽季，金塊依然能派出威少、Murray、小Porter、Gordon和Jokic的華麗陣容。或許Braun可以成為首發，而威少則擔任第六人，這樣也能解決Jokic不在場時的控場問題。當然，這一切都要取決於主教練Michael Malone的排兵布陣。",
        "上賽季止步西區半決賽，或多或少讓球迷們忘記了金塊。新賽季，金塊絕對還是總冠軍的最有力爭奪者之一！"
    ]
}