{
    "id": "114446",
    "title": "NBA》將商業放一邊 Leon Rose與Jalen Brunson間成就的關係",
    "date": "2024/09/14",
    "topic": "籃球",
    "author_name": "運動視界編輯",
    "tags": [
        "紐約尼克",
        "達拉斯獨行俠",
        "Jalen Brunson",
        "Leon Rose",
        "Mark Cuban"
    ],
    "article-content": [
        "想像這是一個電影場景：紐約尼克隊籃球營運總裁Leon Rose在他辦公室的煙霧朦朧中柔和地燈光下，一張空白紙張滑過他的桌子。身穿西裝、留著鬍鬚的Rose，與《教父》中的Vito Corleone有幾分相似。事實上，他確實是一位教父，而他的教子正是坐在桌子對面的年輕人。",
        "Don Leon低聲沙啞地說：「把名字寫下來，我會替你搞定所有人。」",
        "Jalen Brunson露出一絲微笑，把圓珠筆的筆尖碰了碰舌頭，然後開始潦草地寫下他在Villanova奪冠球隊上的每一位隊友的名字。",
        "誰不想要這樣一位慷慨的教父呢？",
        "如果我們要選一個電影反派，Mark Cuban是個不錯的人選。上週，他因為向Jalen Brunson道歉而成為新聞話題。這位前達拉斯小牛隊老闆最近出現在《The Roommates Show》      Podcast上。",
        "故事是這樣的：小牛隊在2018年的選秀中以第33順位選中Brunson，但後來由於在自由球員市場上的一連串失誤，錯失了留住他的機會。起初，Jalen願意接受小牛隊提出的四年5500萬美元的續約，但球隊不斷拖延時間，試圖在交易截止日期前探索其他選擇。他們的邏輯是，如果需要在賽季中期交易一名明星球員來與Luka Doncic配對，一名像Jalen這樣冉冉升起的年輕控衛可以穩固這筆交易。",
        "正如Brunson在2023年對《Bleacher Report》所說：「在賽季開始前，有兩次我以為我們的報價已經十拿九穩了，但大約在12月或1月，他們又改變了主意。雖然他們完全有權這麼做，我也不怪他們做出任何商業決定。」",
        "達拉斯的愚蠢成就了紐約的勝利。Brunson在2022年6月30日與尼克隊簽約，同意了一份為期四年價值1.04億美元的合約。反對者稱這筆交易過於昂貴，但Brunson在紐約的表現證明了一切。",
        "Jalen離開獨行俠加入尼克隊後，Cuban肯定有點尷尬。關於達拉斯的失敗談判，Cuban當時對ESPN的Tim McMahon說：「事情開始變壞是在Rick Brunson(Jalen Brunson的父親)接手的時候。」Cuban的意思是，父母的介入使得談判的操縱變得更加困難。由於有太多的人在為球員的最佳利益考慮，Brunson不會那麼容易被耍。",
        "失去Jalen Brunson後，Mark對潛在的違規行為感到厭煩，因此聯盟進行了調查。經NBA調查後，尼克隊被發現違反了有關自由球員市場談判時間的聯盟規定，處罰包括失去未來的第二輪選秀權。在尼克隊辦公室裡，Leon聳了聳肩。",
        "事實是，Brunson原本想留在德州，他曾告訴《Bleacher Report》：「我想要在獨行俠度過職業生涯的長遠角色，我真的很愛那個地方。」獨行俠的情況多麼混亂，以至於失去了一位不想離開的有天才球員？在被拖了幾個月後，忠誠化身的Jalen Brunson接受了紐約市一個更好的報價。",
        "Cuban與 Leon Rose在處理Brunson的方式上截然不同。從一開始，Jalen就受到了隆重的對待。然後，在2023年2月8日，Rose交易來了Josh Hart，Brunson在Villanova最好的朋友和室友。",
        "接著，Rose在2023年7月8日簽下了Jalen的大學隊友Donte DiVincenzo，他同意了一份為期四年價值5000萬美元的合約，看起來在創紀錄的賽季後很划算。今年夏天，Rose又交易來了另一位Villanova夥伴Mikal Bridges。此時，他們還正在策劃如何帶回Ryan Arcidiacano，進一步完成這個集合。",
        "至於Jalen那位據傳愛干涉的父親加入了Tom Thibodeau的教練團。",
        "不像達拉斯當時那樣地紛擾，尼克隊把Jalen Brunson當作紐約之王。他用傳奇的場上表現回報了他們的尊重，並在今年夏天同意了一份四年1.565億美元的續約，犧牲了潛在1.13億美元的收入。紐約回應他的是任命Brunson為球隊隊長。這段浪漫史變得像電視台的電影一樣煽情，NBA球隊很少如此和諧地運作，至少在達拉斯不是這樣的。",
        "最後，上週，Mark Cuban為他在合約談判期間對Brunson父母所做的評論向Jalen Brunson道歉：「我很抱歉。如果我讓你感到不舒服，那不是我的本意，但這很難處理。這是一次非常特殊的談判。」",
        "請原諒我們認為Mark的道歉就像電視節目《Shark Tank》上的銷售預測一樣虛假。不管真不真，這次自責早就應該來了。這也提醒我們，Leon Rose對尼克隊來說是一位多麼出色的管理階層。他張開雙臂歡迎他的教子，並圍繞這位冉冉升起的新星建立了一支既能讓Jalen感到舒適，又能讓他取得成功的球隊。",
        "不像Cuban，Leon Rose不太可能需要為任何事情公開向Jalen Brunson道歉。畢竟，他們現在似乎就是家人般的關係。",
        "【特約編輯 林昌毅／責任編輯 謝一謙】",
        "🔥更多最新 NBA 精選好文："
    ]
}