{
    "id": "114447",
    "title": "NBA》成就的模糊地帶 Jrue Holiday會成為名人堂成員嗎？",
    "date": "2024/09/15",
    "topic": "籃球",
    "author_name": "運動視界編輯",
    "tags": [
        "名人堂",
        "波士頓塞爾提克",
        "Jrue Holiday",
        "Manu Ginobili"
    ],
    "article-content": [
        "Jrue Holiday在即將展開的2024-25賽季來到生涯第16個賽季，目前生涯場均16.1分、6.4次助攻和4.2個籃板，入選過兩屆全明星賽、六次入選年度最佳防守陣容、兩枚奧運金牌得主，最重要的，他還在兩支不同球隊捧起NBA冠軍獎盃，且都是奪冠的要角。",
        "在2024年8月27日，ESPN在官方Instagram頁面上發布了一張圖片，談到根據Basketball Reference的概率計算特定球員入選名人堂的機會，而根據計算後，Holiday目前只有1.67%的機率進入NBA名人堂。",
        "Basketball Referenc的公式主要基於一些關鍵變數，包含球員身高、NBA冠軍數、NBA單項數據排行榜（出現在主要統計項目的前十名）、NBA勝利貢獻值（Win Shares），以及全明星賽入選次數，並將這些變數組合成公式得到數值。",
        "根據Basketball Reference，Holiday在現役球員中僅排在36，包含Isaiah Thomas、Domantas Sabonis、DeAndre Jordan和Bradley Beal都排在他之前，後頭則是Andre Drummond和Julius Randle。",
        "Basketball Reference的計算公式更看重個人數據和全明星入選次數，因此儘管Holiday手握兩枚冠軍戒指，但有許多未得到冠軍的球員排在他之前。",
        "Holiday在這個計算公式的硬傷主要是在單項數據排行和年度陣容都沒有太亮眼的表現，主要是跟他生涯重疊較多的後衛有Stephen Curry、Kyrie Irving、James Harden和Russell Westbrook等歷史級別的超級球星。",
        "Holiday並沒有媲美超級球星的數據和成就，但他卻是少見的在兩支不同球隊拿下兩枚冠軍戒，而且都扮演關鍵要角和核心球員，並且在未來還有機會再奪一到兩次冠軍，因此讓我們將Holiday與其中一位在冠軍球隊中扮演類似角色且進入名人堂的球員進行比較：",
        "Manu Ginobili是不錯的比較對象，Ginobili是2000年代馬刺的絕對主力，也是3冠王朝的第三號核心。Holiday在例行賽和季後賽的場均得分、籃板、助攻、抄截和阻攻數都超過了Ginobili，但Ginobili的年度陣容入選次數（2次）和冠軍數（4次）上目前領先Holiday。Holiday則在年度防守陣容次數（6次）領先。此外Ginobili大多數替補，Holiday始終是先發，對球隊的貢獻也更多。",
        "總結來說，Holiday最終進入名人堂的機率遠比ESPN的數據機率來得高，不僅考慮到他對多支冠軍球隊的正面影響，以及作為NBA歷史上最出色的外圍防守者之一，同時他仍在爭冠的球隊中效力且有機會贏得更多戒指，Holiday只會繼續提升自己的傳奇地位，進一步鞏固進入名人堂的資格。",
        "【特約編輯 梁孝源／責任編輯 謝一謙】",
        "🔥更多最新 NBA 精選好文："
    ]
}