{
    "id": "114575",
    "title": "Butler前去勇士的可能？NBA近期新聞解析！",
    "date": "2024/09/20",
    "topic": "籃球",
    "author_name": "Hung Ku",
    "tags": [
        "Stephen Curry",
        "Jimmy Butler"
    ],
    "article-content": [
        "各位，隨著新賽季即將到來，是時候該來跟你們聊聊近期的新聞了。雖然說大部分的NBA球員現在還在休假，像Curry才剛跑去中國打麻將，但美國球圈的媒體可沒閒著，休賽季他們各種挖掘、猜測也是做得滿滿的。",
        "根據Sam Amick的消息，明年賽季勇士很可能會多打幾通電話給熱火，因為他們正在考慮挖角Jimmy Butler。今天我們就來聊聊這筆交易的可行性，以及如果士官長（Butler）真的跑到勇士，這兩者的打法會怎麼配合。好啦，我也不多廢話了，直接進入今天的分析吧。",
        "首先，這個新聞的來源其實還算可靠。美國籃壇的大牌記者Sam Amick，上禮拜在一個Podcast節目上提到了Jimmy Butler。他表示Butler的合約明年將到期，目前他和熱火的續約進展不太順利，這讓勇士有機會進行交易操作。Amick和他所屬的媒體都相當有公信力，這讓他的預測被NBC、Bleacher Report等大媒體轉發，也因此這則消息傳得特別快。",
        "我自己也把整個節目聽完，感覺Amick的推測是有道理的。站在勇士的角度，他們一直在尋找第二位明星球員，這已經不是新聞。過去勇士也曾經認真討論過招募保羅喬治（Paul George）甚至是老詹（LeBron James），這些交易傳聞經過多方證實。而目前，續約卡關的Butler，無疑是一個潛在目標。",
        "至於熱火這邊，Butler和南灘的高層的確有些小摩擦。總管Pat Riley曾經在季後賽公開批評他，說他如果不打季後賽就閉嘴，不要隨便發表言論。而Riley又不是一個喜歡給老將頂薪的總管，過去他甚至讓Dwyane Wade離開邁阿密，誰能保證Butler不會是下一個？",
        "好那看完這個消息的來源和可信度之後，就讓我們來聊聊可能的模擬包會怎麼丟吧，如果時間點是發生在這個賽季啦，也就是Butler還沒延長續約，勇士的兩個小將新約也還沒搞定的前提下，我自己會這樣丟包裹，熱火拿到Kuminga、Wiggins、Payton、Looney和25年的首輪籤，而勇士則收回Butler和Jovic。",
        "他們收回包括了Kuminga、Wiggins、Payton、Looney和2025年的首輪籤，這筆交易對熱火來說有其合理性。Jimmy Butler雖然是球隊的核心，但他已經35歲，並且合約只剩下一年。如果熱火在續約談判中無法達成一致，這樣的交易會是避免Butler白白流失的一個好選擇。",
        "Kuminga：作為潛在的明星球員，他是這筆交易的核心籌碼。雖然他目前還沒完全兌現潛力，但如果在熱火的體系，特別是Erik Spoelstra的調教下開竅，可能會成為下一個Kawhi Leonard級別的全能球員。這樣的前景對於熱火來說非常具有吸引力。",
        "Wiggins：已經證明自己是奪冠陣容中的穩定輪替球員，並且仍然處於巔峰年齡。他可以立即填補Butler留下的空缺，維持熱火的競爭力。",
        "Payton和Looney：兩人都是能在輪換中立刻上場貢獻的角色球員，特別是Looney，他的籃板和防守能力會對熱火的內線提供保障。",
        "這樣的交易包確實讓熱火能夠兼顧未來和現在，特別是在Butler和球隊的關係出現裂痕的前提下。雖然送走Butler可能會讓球迷感到不捨，但換回的年輕潛力和穩定的角色球員，讓這支球隊可以重新建設一個圍繞Bam Adebayo、Tyler Herro等年輕核心的未來。",
        "對於勇士來說，這筆交易同樣合理。Kuminga雖然潛力巨大，但在Steve Kerr的體系中一直無法發揮出應有的效果。如果能用他和一些其他輪替球員換來像Butler這樣的明星球員，勇士將瞬間提高短期內的競爭力。",
        "Butler：他在進攻端的穩定輸出和防守端的多面性，讓他能夠立即融入勇士體系。你提到讓Butler扮演Wiggins在勇士奪冠時的角色，這是非常合理的猜測。Butler的個人技術和經驗使他有能力在進攻端提供單打和終結的威脅，而在防守端，他也能夠擔負起關鍵的防守任務。",
        "Jovic：作為潛力新星，他可以成為勇士未來的資產。雖然他目前在熱火的表現還不穩定，但在勇士的環境中，他有機會得到更多成長的空間。",
        "總的來說，這筆交易對於勇士來說，短期內可以保證他們繼續保持西區前列的競爭力，特別是在Stephen Curry仍然處於巔峰的幾年內。如果交易成功，勇士將有機會再次衝擊冠軍，而未來即使Butler退役或衰退，他們仍有辦法利用未來的選秀資產進行重建。",
        "這筆交易對雙方球隊來說各有好處。熱火能夠得到潛力新人和重建資產，保持競爭力的同時展望未來；而勇士則在短期內獲得了一位可以立即提升競爭力的全明星球員。不過，交易是否能成功，仍然取決於雙方對Butler續約談判的進展和各自對未來的定位。",
        "這筆交易你怎麼看呢？是否還有更好的交易方案？歡迎大家在底下留言"
    ]
}