{
    "id": "114540",
    "title": "NBA》公鹿能否反彈、溜馬東冠之旅的運氣成分？ 來自中央組的新球季疑問",
    "date": "2024/09/22",
    "topic": "專題",
    "author_name": "運動視界編輯",
    "tags": [
        "芝加哥公牛",
        "密爾瓦基公鹿",
        "克里夫蘭騎士",
        "底特律活塞",
        "印第安納溜馬"
    ],
    "article-content": [
        "2024-25 NBA賽季即將要開始了，在例行賽開賽前，我們來看看每支球隊的最大問題。本文章將焦點聚焦在了中央賽區，這裡的球隊從爭冠到重建各有不同的期望。",
        "印第安納溜馬隊剛剛打入了東區決賽，但並不保證能夠再次回到那裡。克里夫蘭騎士希望新任教練能為球隊注入新活力，而密爾瓦基公鹿隊將進入Giannis Antetokounmpo和Damian Lillard合作的第二年。",
        "芝加哥公牛和底特律活塞可能會是今年的選秀樂透球隊，但這些球隊也有很多值得討論的重要問題。這些問題有些可能直到賽季結束甚至幾年後才會有答案，但隨著2024-25賽季的臨近，它們都值得我們關注。",
        "公牛隊：Lonzo Ball的回歸會是什麼樣子？",
        "公牛隊在DeMar DeRozan離隊後，似乎已經決定了他們要走的路線，並且他們還將他們最有價值的交易籌碼Alex Caruso送到了雷霆隊，換到Josh Giddey。這為上賽季的突破球星Coby White、Ayo Dosunmu以及2024年NBA選秀中的第11順位選手Matas Buzelis等球員提供了發揮空間，但芝加哥隊中還有一些留下來的老將，例如Zach LaVine。",
        "公牛隊曾試圖交易LaVine，但由於他的傷病和高價合約，使得這筆交易變得困難。另外還有Nikola Vucevic，未來兩年球隊將支付他每年超過2000萬美元的薪水。如果有球隊願意接手這些合約，這兩人本賽季可能再次成為交易對象。",
        "接下來就是Lonzo Ball。他自2022年1月以來就沒有上場，但在經歷了幾次膝蓋手術和挫折之後，今年可能終於會重返球場。唯一的問題是，公牛隊似乎已經向前邁進。",
        "透過交易來了Giddey，公牛基本上已經表明他將是他們未來的主力控衛。如果Ball回歸並表現出他過去的狀態（2021-22賽季平均每場13分、5.4個籃板和5.1次助攻），這一情況會改變嗎？",
        "Giddey之前也證明過自己能打出類似數據，而且他是一名天賦出色的傳球手，但卻不是Ball手術前那樣的三分射手，也無法給出Ball和Caruso在公牛隊帶來的防守威脅。",
        "顯然，這一切都取決於Ball能否恢復到受傷前的狀態。對於公牛隊來說，這基本上是一個著重戰力發展的賽季，因此除非Giddey表現極差，否則他可能會穩居先發位置，畢竟球隊為了得到他付出了不少代價。",
        "然而，Ball在受傷前是聯盟中最好的控衛之一，而Giddey則剛經歷了一個上場時間逐漸減少的季後賽。如何處理這種情況將是主教練Billy Donovan面臨的一個有趣挑戰，尤其是在這支球隊本賽季還有多個重要問題需要解決的情況下。",
        "騎士隊：如何讓Donovan Mitchell保持滿意？",
        "在這個賽季開始時，Donovan Mitchell在騎士隊的生涯將進入第三年。他今年夏天簽下了一份三年價值1.5億美元的巨額續約，表明他目前對騎士隊是忠誠的。然而，這還只是暫時的狀態，因為他在最後一年擁有球員選項。你可以想像，如果克里夫蘭無法在東區季後賽突破第二輪，他會考慮加入其他球隊。",
        "因此，接下來的兩個賽季對騎士隊至關重要。他們找來了Kenny Atkinson取代JB Bickerstaff，希望他能幫助這批核心球員克服障礙。但是，騎士隊的時間線相對緊湊，Atkinson很可能沒有兩年的時間去摸索這些球員。Mitchell想要現在就贏得比賽，而他的合約也明確告訴騎士隊，他們有多長時間來讓Mitchell考慮留下。",
        "東區目前有一個排行，塞爾提克、尼克和76人是第一梯隊級別的冠軍爭奪者，然後是其他球隊，而騎士隊目前處於第二梯隊。如果他們希望Mitchell長期留下來，他們應該考慮如何把自己提升到第一梯隊。",
        "這意味著需要在本賽季尋找交易對象。幸運的是，騎士隊有一些具有交易價值的球員，特別是Jarrett Allen和Darius Garland。Allen在季後賽大部分時間因肋骨受傷缺席，但在他缺席的情況下，Evan Mobley表現出他可以成為未來球隊的先發中鋒的能力。",
        "Mobley在季後賽平均每場16分、9.3個籃板、2.3次助攻和2.2次火鍋，並且在騎士隊最後一場季後賽中拿下33分。他是一位頂級防守球員，進攻端也有所進步，年僅22歲的他未來只會越來越好。隨著Mobley的崛起，現在可能是為Allen尋找新東家的好時機。",
        "Garland的情況也類似，自Mitchell來到騎士隊後，Garland的數據和效率有所下降。實際上，騎士隊可能更適合給Mitchell配一個防守更強的後場搭檔，因為Mitchell和Garland都不是出色的防守者。",
        "目前不清楚誰會成為交易市場上的可用球員，但如果騎士隊到了二月份，開始傳出Mitchell不滿意的消息，或者球隊表現不佳，那麼克里夫蘭就需要積極尋求提升Mitchell身邊球員的辦法。",
        "活塞隊：哪些年輕球員能實現突破？",
        "對於一支上賽季創造了最多連敗紀錄的球隊來說，可能很容易對其未來感到悲觀，但本賽季的活塞隊確實充滿了吸引力。畢竟他們有新教練上任了！Cade Cunningham剛剛度過了職業生涯最佳賽季！Tobias Harris也回來了！",
        "儘管經常成為球迷茶餘飯後的嘲笑對象，但底特律隊確實擁有大量年輕球員。然而，上賽季的問題是，除了Cunningham外，似乎沒有人真正脫穎而出，儘管這可能在很大程度上歸咎於教練的錯誤。",
        "因為Monty Williams將Jaden Ivey壓在板凳上長達兩個月，以優先讓Killian Hayes出賽，但後者在二月份就被球隊放棄了。接下來將由JB Bickerstaff掌管大局，我們希望能看到一些這些年輕球員的真正成長和發展。問題是，誰能真正實現突破？",
        "Ivey可能是最有潛力的候選人，因為他已經展現了在Cunningham旁邊成為後場搭檔的潛力。Jalen Duren也將迎來他的第三個賽季，他在第二個賽季已經取得了顯著進步，場均13.8分、11.6個籃板和2.4次助攻。還有去年的樂透秀Ausar Thompson，他展示出了成為精英防守級別球員的潛力，但他還需要在進攻端有所進步。",
        "活塞隊在休賽期對管理層進行了調整，並請來了新教練，希望這些改變能夠在球場上帶來積極的結果，因為儘管這些年輕球員令人興奮，但底特律最終還是需要弄清楚他們手中擁有的究竟是什麼樣的球員。",
        "溜馬隊：面對更健康的對手，他們會表現如何？",
        "溜馬隊上賽季出乎意料地打進了東區決賽，很大一部分可以歸功於對手的傷病在這個過程中起了作用，儘管他們也付出了努力才走到了那一步，但周圍的球隊在新賽季都變得更強了。",
        "尼克隊引入了Mikal Bridges，並且Julius Randle將回歸，再加上完全健康的Jalen Brunson、OG Anunoby和Josh Hart。76人則增加了Paul George和一群令人印象深刻的角色球員。公鹿隊將迎來健康的Giannis Antetokounmpo。溜馬隊保留了他們的核心陣容，這是一個好消息，但在沒有額外補強的情況下，球隊是否能再次在競爭激烈、更加健康的東區走得這麼遠？這還有待觀察。",
        "溜馬隊本身就擁有很穩固的陣容，我們在季後賽中也看到了Andrew Nembhard、T.J. McConnell和Aaron Nesmith這樣的球員表現出色。Nembhard在Tyrese Haliburton受傷的情況下挑起了大梁，場均21分和7.8次助攻，這使他有望在第三個賽季迎來大幅成長。Nesmith在防守端表現出色，McConnell也總是能為球隊做出貢獻。",
        "印第安納擁有再次打進季後賽的條件，但我們還沒有看到他們在面對多支健康的球隊時的表現。在那次唯一的機會中，Haliburton不在場，導致球隊被塞爾提克橫掃。本賽季將告訴我們，溜馬隊需要在哪些方面改進，才能跟上東區頂尖球隊的步伐。",
        "公鹿隊：防守足夠堅固嗎？",
        "我們都能預測公鹿隊會得到很多分數，Giannis和Damian Lillard會打出符合身價的表現。公鹿休賽季還找來了職業生涯三分命中率38.6%的射手Gary Trent Jr.，而Khris Middleton依然在隊中，且他們還增加了兩名穩定的三分射手Delon Wright和Taurean Prince。",
        "得分對公鹿隊來說不會是問題，但就像上賽季一樣，防守再次成為公鹿的弱點，特別是在防守對方的核心控衛時。在東區裡，有Jalen Brunson、Tyrese Haliburton、Donovan Mitchell和Tyrese Maxey，而公鹿隊沒有可以有效應對這些精英控衛的防守者。Lillard當然做不到，Trent雖然是個不錯的防守者，但要求他去防守東區的頂級控衛依舊是很大的挑戰。",
        "上賽季，公鹿的防守排名第19，但由於他們的進攻排名第6，他們還是贏了49場比賽。從公鹿今年夏天的操作來看，他們似乎希望透過持續得分來掩蓋防守上的不足。",
        "這種策略讓他們上賽季拿到了東區第三的成績，且如果不是Giannis的受傷，也許他們能夠在季後賽走得更遠。我們會看到這個計劃能否在本賽季讓他們走得更遠，而不是像上個球季那樣雷聲大雨點小。",
        "【特約編輯 林昌毅／責任編輯 謝一謙】",
        "🔥更多最新 NBA 精選好文："
    ]
}