{
    "id": "114769",
    "title": "軟糖換軟豆，究竟換了什麼？[灰狼尼克交易分析]",
    "date": "2024/09/29",
    "topic": "籃球",
    "author_name": "奇人",
    "tags": [
        "紐約尼克隊",
        "Nba交易",
        "明尼蘇達灰狼隊",
        "Karl-Anthony Towns",
        "Donte DiVincenzo",
        "Julius Randle"
    ],
    "article-content": [
        "根據Shams大神的爆料的三方交易案：",
        "紐約尼克",
        "對於尼克來說，這筆交易付出的資產並不多。這筆交易讓尼克把角色定位逐漸尷尬，且薪資偏高的Julius Randle給出清。而付出的那張首輪籤也有多重保護，甚至是活塞隊的籤，因此無關痛癢。讓人感到較為惋惜的是Donte DiVincenzo（以下簡稱DDV）的兄弟籃球還沒開打就結束了，且DDV是個優質側翼，為了得到Towns而把上季聯盟三分產量第三高的球員送走，再加上他那CP值極高的合約，$11,445,000甚至略低於中產，算是個差強人意的操作。",
        "Karl-Anthony Towns（以下簡稱Towns）對於尼克可算是個重大的補強，這不僅讓尼克的禁區深度得到提升，Towns的空間屬性也是過去Isaiah Hartenstein和Mitchell Robinson不曾擁有的，這將在進攻帶給尼克前所未有的空間。想像Jalen Burnson和Mitchell Robinson打擋拆，兩邊的底角是Mikal Bridges和OG Anunoby，而Towns既能在兩邊45度角當定點射手，也能到肘區進行低位背打，想想都可怕！而Towns的防守相信在Tom Thibodeau的體系下也能掩蓋住有時會走神的問題，主要的疑慮還是以Towns的耐戰度而言，在Tom Thibodeau的植物園體系下能否維持出勤率，這將會是下季的一大隱憂。",
        "這筆交易最大的疑慮主要還是Towns的合約價格還是太高，未來四年均薪$55,110,496將會讓尼克接下來的操作窒礙難行，很難再有重大補強，未來兩到三年應是以這套陣容為基底進行小修小補。而這筆交易也讓他們在東區的軍備競賽中取得了些許的進步，然而對於Towns的防守能力而言，能否扛住Giannis Antetokounmpo和Joel Embiid的衝擊，還是兩說。且損失DDV也讓他們的輪替陣容更緊縮，而陣中還有諸如OG Anunoby和Mitchell Robinson等耐戰度不高的球員，能否保持健康將是尼克戰績的關鍵。",
        "明尼蘇達灰狼",
        "Karl-Anthony Towns對於灰狼來說是個重要的資產，沒有Towns在前兩輪的出色發揮，灰狼進不了西決。但成也Towns，敗也Towns，就是因為Towns無法懲罰獨行俠的PJ Washington的錯位和無法穩定命中三分球而讓灰狼止步西決且被紳士橫掃。再加上前面提到的均薪過高的問題，而灰狼的團隊薪資早已爆炸，只好忍痛捨棄這個把大半青春獻給北大荒的男人。",
        "拿Julius Randle（以下簡稱Randle）對灰狼來說有兩個好處。首先，合約只剩1+1且均薪僅$29,272,320，能讓北大荒省下不少奢侈稅。再來，Randle能帶給灰狼在戰術失靈時的硬解能力，預計將會打第六人或假性先發的位置。而DDV對灰狼的重要性可能更勝Randle一籌，不僅能補上Mike Conley常被打點的問題，也能利用其投射能力為球隊拉開空間，更能在關鍵時刻貢獻其大心臟的能力，還有優秀的籃板衝搶意識和拼勁，是位百搭的萬金油型球員。至於那枚來自於活塞的選秀籤大概率會變成次輪籤，對於一支要衝擊總冠軍的球隊來說應該無關緊要，因此可以省略不談。",
        "把自家選進的狀元Karl-Anthony Towns交易掉為了節稅和扶正Naz Reid可以理解，但不能接受。沒有Towns在攻守兩端的付出灰狼是不可能闖進西決的，更別提Towns是自家培養的全明星球員，歷史上最會投三分的中鋒。然而如今卻只為了節稅就把剛磨合完成，正要更上一層樓的陣容打掉重練，又要再摩合一年，且Randle和Rudy Gobert的球場兼容性也是個重大疑問，就看Chris Finch怎麼炒這盤菜。而DDV則是精準的補強，巨大的三分產量和能偶爾控球的屬性將能盤活灰狼的進攻，便宜的薪資也能讓灰狼的後續操盤更容易。",
        "這個交易讓尼克獲得了全明星中鋒，而灰狼則是得到了能硬解的鋒線，再加上一個優質綠葉，算是各取所需。但會造成這筆交易最大的主因還是新版的勞資協議，其中對於奢侈稅的課徵和交易的限制讓小球市球隊只能用各種辦法降低團隊薪資，以此來躲避稅金，但天下沒有完美的制度，這個勞資協議同時讓小球市球隊能與大球市球隊抗衡，只能說魚與熊掌不可兼得。而灰狼在用頂薪約簽下Towns和交易來Rudy Gobert時，尚未出檯新版規則，或許是緣分已盡，又或是造化弄人，最後Towns也只能在社交媒體用...來表示他的無奈。",
        "引用資料如有謬誤，還請不吝指正！",
        "感謝您的收看！"
    ]
}