{
    "id": "114751",
    "title": "雷霆一下下#1－Happy retirement Derrick Rose",
    "date": "2024/09/28",
    "topic": "籃球",
    "author_name": "小枚",
    "tags": [
        "Nba",
        "Russell Westbrook",
        "Derrick Rose",
        "雷霆一下下"
    ],
    "article-content": [
        "這個曾經是籃球迷間熱議的話題之一：Derrick Rose或Russell Westbrook誰更強？",
        "兩位球員從NCAA錦標賽最後四強就是對手、在同屆選秀會加入NBA、都幫助球隊打進NBA Finals、被聯盟選為聖誕節大賽對戰賣點、前後贏得MVP，同時也是2010年代Power guard－強力控球後衛－的代表性人物，小枚雖然身為雷霆迷，但心裡同意Rose絕對是天賦與技能包更好、更有球星魅力的一位，他短短幾年內的爆發就席捲籃球圈的深刻印象，即使是10多年後的現在，對於「飆風玫瑰」的風采依然記憶猶新！",
        "但是他太早就因傷退出巨星行列，讓我們都沒有機會見識\"too big, too strong, too fast. TOO GOOD!\"可以成長到什麼程度。其實也因此，才讓Rose or Russ這個話題有討論空間。",
        "也因為身體保養與維持做得更好，讓Westbrook在兩位球員累積的生涯成就層次上拉開了決定性的距離，如今每一個重排當年選秀順位的節目，無論再怎麼喜歡Rose，都會將Westbrook排在前面。",
        "短文首圖選自Rose與Russ在2012年NBA全明星周末期間的鏡頭外交談，兩位同期的球星在球場上是對手，在場外是互相尊敬的關係，今年2月的快艇隊vs灰熊隊賽前，兩人也在場上特別聊了一下－或許決定退休的念頭，當時已經明確的存在Rose心中？",
        "無論是不是Rose的球迷，一定會為他在2018年底效力灰狼隊時的單場新高50分、以及賽後的淚水而動容。雖然看他生涯早期的一次次爆扣落地，早就感覺到報銷風險，但受傷毀了一個天才運動員的生涯，絕對是最可惜的，而帶著這些傷在聯盟又努力生存了好幾年的Rose，也真的辛苦了。",
        "多支他效力過的球隊、多個籃球媒體/自媒體都發文謝謝Rose，而這篇新系列短文的第一個發布，就是小枚對這位強勁對手的致意。",
        "Happy retirement!"
    ]
}