{
    "id": "114755",
    "title": "2024–25賽季NBA年度獎項預測　斑馬會是最大贏家嗎?",
    "date": "2024/09/29",
    "topic": "籃球",
    "author_name": "WNT",
    "tags": [
        "Mvp",
        "DPOY",
        "年度獎項預測",
        "Luka Doncic",
        "Victor Wembanyama"
    ],
    "article-content": [
        "NBA 2024–25賽即將開打，每年開季前最熱門的話題不外乎就是年度獎項的預測，許多專家與媒體都已紛紛展開預測，其中在各大榜單上都能看到不少年輕球員的身影，這不僅象徵著球星的誕生，也代表著NBA的世代交替，究竟今年有哪些新面孔，又有誰能蟬聯獎項呢？  最佳防守球員(DPOY)－Victor Wembanyama",
        "說起DPOY，攤開歷屆的獲獎得主，幾乎可以和內線球員畫上等號，而放眼現今聯盟最有機會拿下此獎的大個子，絕對是Victor Wembanyama(斑馬)，斑馬在生涯首年就展現不俗的防守能力，在該獎的排名高居第二，能在新人年繳出這樣的表現，不光是因為他擁有怪物般的體型，斑馬的移動能力更是一大優勢，也因此除了護框與協防，斑馬即使錯位對上後衛，也能有效的阻礙對方，在我看來斑馬拿下DPOY的最大阻礙，只有傷病與馬刺的團隊防守數據，相信只要是健康的斑馬，穩定成長的馬刺，未來三年DPOY的獎像可能都是Wembanyama的囊中物。",
        "最佳第六人(SMOY)－Jordan Poole",
        "上季有機會角逐Shaqtin' A Fool MVP的Jordan Poole，在上賽季的表現無疑是讓大家失望的，得分跟命中率都是近三年的新低，但在下半季的幾場比賽，教練團讓他從替補出發，做回他在勇士時熟悉的板凳暴徒，其實得到滿好的效果，如果把去年的表現當作是還在適應新的體系，與新的角色定位，若新賽季Poole繼續扮演第六人的角色，以他的得分能力又是待在重建中的巫師，只要能持續穩定的輸出，應該有滿大的機會刷出場均20分以上的數據，拿下該獎項。",
        "最佳進步獎(MIP)－Victor Wembanyama",
        "這個獎項大概是我考慮最久的一個，我知道大家都看好斑馬，因此一直想努力找出不一樣的答案，但左思右想最有機會的真的還是Wembanyama，和多數人相同的理由Chris Paul的到來絕對能夠大幅的解放斑馬的進攻，特別是在檔拆的攻擊，看看同樣是狀元中鋒的Ayton，在與CP3合作的幾個賽季便能知曉原因，而拋開球技面不談，根據我的觀察該獎項其實有很大的概率會頒給首次進入明星賽的球員，攤開今年的球員名單，我認為斑馬也是非常有機會達到此殊榮，所以我十分看好斑馬能一舉得兩大年度獎項。",
        "最佳新秀(ROY)－Reed Sheppard",
        "Reed Sheppard是這屆選秀中完成度最高的一位，有一手優秀的遠投與成熟的組織能力，在防守端的判斷也有很不錯的能力，整體來說雖然體能條件不突出，但是一位球商很高的球員，在夏季聯賽場均可以攻下20分5.3助攻，新賽季有機會在火箭擔任主要替補控球的角色，在像今年的選秀小年，個人覺得有點Malcolm Brogdon 16年拿新人王的既視感。",
        "最有價值球員(MVP)－Luka Doncic",
        "這幾年的MVP競爭其實都相對膠著，以今年來說，我認為Luka、SGA、Embiid、Jokic都是有力的人選，而這些人中我特別看好Luka Doncic，Luka從第一季就展現強大的主宰力，大概從第二年起就有人把他放入MVP的討論，其實從數據看，Luka全能的表現絕對符合這個獎項的標準，過往多半是卡在球隊戰績不佳，然而上賽季Luka聯手Irving闖進總決賽，雖然剎羽而歸，但在休賽季找來Klay，明年的獨行俠絕對是Luka進聯盟以來經驗與陣容最完整的一季，有很大的機會挑戰西區龍頭，而且從媒體投票的角度，與聯盟得處事作風來看，我有強烈預感這季會是屬於Luka Doncic的一年。"
    ]
}