{
    "id": "114863",
    "title": "NBA》永不凋謝的手勢 傳奇性的Dikembe Mutombo搖手指",
    "date": "2024/10/03",
    "topic": "籃球",
    "author_name": "運動視界編輯",
    "tags": [
        "Michael Jordan",
        "Dikembe Mutombo"
    ],
    "article-content": [
        "NBA官方在週一宣佈了一個壞消息，NBA名人堂中鋒兼全球大使Dikembe Mutombo因腦癌去世，享年58歲。Mutombo 出生於剛果民主共和國，他不僅是NBA歷史上最成功的國際球員之一，更是現代籃球史上最偉大的籃框保護者之一。",
        "試問，一個職業生涯場均得分不到10分的球員，如何能夠入選八次全明星並最終進入名人堂？",
        "公平來說，他在巔峰時期的得分能力比這個數據更好一點，但他作為球員的傳奇地位源自他職業生涯的3,289次火鍋，這一數字在歷史上排名第二，僅次於同樣出生於非洲的傳奇球員 Hakeem Olajuwon 的3,830次。",
        "除了火鍋次數之外，Mutombo還以「指搖」慶祝動作著名，甚至在日後被許多球員爭相模仿，而這種形象也將繼續被後人們所傳承。Mutombo 第一次在1997年使用「指搖」動作，當時他連續送給了 Clarence Weatherspoon 3次火鍋。",
        "無數來自各種運動的選手都模仿了這個「指搖」動作，並將其應用到自己的領域中。它幾乎成為了代表「這裡不容你撒野」的手勢，對於任何超過40歲的人來說，每當看到這個動作時，腦海裡浮現的只有一個人。",
        "紐約尼克隊名宿Patrick Ewing 曾說：「每當有人做出那個搖指動作時，腦中就只會想到 Dikembe。就像當人們伸出舌頭時，你甚至不用提到Michael Jordan的名字，你就已經知道他們在模仿誰了。」",
        "說到 Michael Jordan，有一段1997年全明星賽的幕後鏡頭非常經典，當時 Mutombo 直言告訴 Jordan—這位最具侵略性且藝術感十足的扣籃高手，他從來沒有在自己頭上完成過扣籃。Jordan 不斷回擊他，而 Mutombo 就一直堅持自己的立場，不斷否認MJ的說法。",
        "當然，Jordan 這位從不忘記任何挑釁他的球員，很快地就在 Mutombo 頭上完成了一個標誌性的扣籃，並用「指搖」動作來回敬這位大個子。",
        "當 Michael Jordan 用你的招牌動作來反擊你時，這無疑是對你最大的尊重。的確，Mutombo 自創的「指搖」動作曾在當時讓自己成為眾矢之的，但同樣讓一些世界上最偉大的運動員更想要在他面前扣籃。",
        "他渴望挑戰，正如人們所說的，他想迎接所有挑戰。而他幾乎阻止了所有挑戰。",
        "Shawn Kemp 在2014年接受 Max Blau 訪問時說：「一旦他開始搖那根手指，球員們就會被激怒，真的想挑戰他。他其實是在引誘他們掉入圈套，讓他更容易蓋火鍋。」",
        "Kemp 的超音速隊曾在1994年季後賽中成為 Mutombo 的手下敗將，當時金塊隊作為第八號種子，爆冷擊敗了頭號種子西雅圖超音速。",
        "在五場比賽中 Mutombo 總共累積了31次火鍋。他是那個時代的火鍋高手，但他在籃球場外對人們生活的影響，遠遠超過了他的名人堂生涯。他也將永遠被許多人懷念。",
        "【特約編輯 林昌毅／責任編輯 謝一謙】",
        "🔥更多最新 NBA 精選好文："
    ]
}