{
    "id": "114956",
    "title": "運動視界啪EP.223－灰狼與尼克真的是雙贏？Derrick Rose值得入選名人堂嗎？ feat. 小鐵",
    "date": "2024/10/07",
    "topic": "專題",
    "author_name": "運動視界編輯",
    "tags": [
        "明尼蘇達灰狼",
        "紐約尼克",
        "Karlanthonytowns",
        "Klaythompson",
        "PaulGeroge"
    ],
    "article-content": [
        "這集節目我們來聊聊好久不見的籃球話題，邀請到緯來體育台與民視球評的小鐵來到現場，主要討論重點如下：",
        "如果您對於運動視界啪有任何意見或指教，可以多多幫我們在Apple Podcast五星推薦並留下寶貴建議哦！",
        "您可以透過以下管道，收聽運動視界啪：",
        "延伸閱讀："
    ]
}