{
    "id": "114963",
    "title": "2024-2025 賽季 NBA 復古球衣 正式發布",
    "date": "2024/10/07",
    "topic": "籃球",
    "author_name": "New Jerseys",
    "tags": [
        "Nba",
        "球衣",
        "復古",
        "new jerseys",
        "2025"
    ],
    "article-content": [
        "隨著 NBA 新賽季進入倒數階段，各隊的新球衣也陸續發表。然而，過往備受矚目的城市版球衣在此次發表後卻引發了球迷的失望。隨著城市版球衣反應不佳，復古球衣成為了球迷關注的新焦點。",
        "2024-25 賽季將有四支球隊穿著復古球衣，分別是: 金州勇士隊、曼菲斯灰熊隊、沙加緬度國王隊和多倫多暴龍隊。",
        "金州勇士隊",
        "勇士隊和其他球隊不同，並非直接使用過往隊史的某款球衣作為復刻，而是以過往球衣作為基礎並稍作修改。",
        "勇士隊成立於 1946 年，當年建隊於費城並於首個賽季就拿下第一座 NBA 總冠軍。1955-56 賽季則再度拿下隊史第二座冠軍，而當年陣中的球員 Jackie Moore 是隊史首位非裔美國人球員。",
        "除了 Moore 外，該時期的勇士隊也孕育出多位名人堂球星: Paul Arizin, Joe Fulks, Tom Gola, Neil Johnston, Andy Phillip, Guy Rodger 和 Wilt Chamberlain。歷史悠久的勇士隊不論在戰績或是商機都是聯盟中最成功的球隊之一，隊史目前共拿下七座總冠軍，培養了 35 名名人堂球員 (當然，還有已經預約未來席位的 Stephen Curry)，並曾創下多項 NBA 的紀錄。",
        "因此，勇士隊決定選用這段輝煌時期的球衣作為復刻主角，將原本球衣正面的 \"Phila\" 改為 \"Warriors\"。事實上，在 2021-22 賽季時，勇士隊就已經穿著過相同款式的復古球衣，只是當時為客場配色，新賽季的則為主場。",
        "曼菲斯灰熊隊",
        "新賽季為灰熊隊創隊 30 週年紀念，這次帶來的是球隊 1995-2000 年期間所穿著的主場球衣，相信這件球衣也是球迷在新賽季最期待的球衣之一。",
        "90 年代多隊球衣都採用了誇張的大圖案設計，灰熊隊也是其中之一，其中熊爪抓著籃球以及隊名字體上的爪痕都展現了如隊名般兇猛的形象，領口和袖口的部分加入的太平洋西北地區的傳統圖案，再搭配耀眼的湖水綠配色，這款球衣成為了最受歡迎的經典樣式之一。",
        "沙加緬度國王隊",
        "2024-25 賽季為國王隊搬遷至沙加緬度 40 週年，球隊選用了 2002-2008 年間所穿著的客場球衣作為復刻。",
        "這個時期恰逢國王隊 \"普林斯頓戰術\" 最輝煌的階段，也是講求得分效率的現代籃球的樣本。這回國王隊更找回了當年球隊核心的 Mike Bibby 以及 Doug Christie 來為復古球衣拍攝廣告，瞬間就勾起了球迷們滿滿的回憶。",
        "多倫多暴龍隊",
        "若說新賽季將是屬於『加拿大航空』Vince Carter 的賽季，一點也不為過！",
        "和灰熊隊一樣，新賽季恰逢球隊創隊 30 週年，暴龍隊選用了 1999-2003 年期間穿著的客場球衣，而這個時期暴龍隊最具代表性的球員非 Vince Carter 莫屬。",
        "超強的彈跳和滯空能力，Carter 一進入聯盟就帶給球迷無數的驚奇和震撼，2000 年的灌籃大賽更以 \"It's over!\" 宣告對手不用再做垂死的掙扎。",
        "上個月暴龍隊官方宣佈將會在 2024-25 賽季退役 Carter 的 #15 球衣，而日前露出的城市版球衣明顯也是以 Carter 為設計靈感，因此，對於暴龍隊來說，新賽季就是致敬傳奇球星 Vince Carter 的賽季。"
    ]
}