{
    "id": "114966",
    "title": "年紀輕輕已經是西區第一！雷霆最可怕的是年齡和未來的選秀權......",
    "date": "2024/10/07",
    "topic": "籃球",
    "author_name": "sherloockyan1117",
    "tags": [
        "奧克拉荷馬雷霆",
        "ShaiGilgeousAlexander",
        "ChetHolmgren"
    ],
    "article-content": [
        "上賽季，雷霆在常規賽取得57勝25負的華麗戰績，力壓包括金塊、灰狼、獨行俠的強隊，取得了西區第一的寶座。而且，雷霆也是NBA歷史上最年輕的至少55勝球隊，這恰恰也是現在這支雷霆最恐怖的地方。",
        "是的，現在的雷霆不止擁有奪冠實力，更可怕的是他們還非常年輕，絕對有可能在未來10年裡都成為聯盟的爭冠熱門。前提是雷霆管理層不要再像當年放走Kevin Durant、James Harden和Russell Westbrook這三個MVP那樣......",
        "未來還很遙遠，我們暫且不說，我們來說說現在的雷霆。",
        "筆者認為Chris Paul真的非常關鍵，因為CP3真的教會了SGA和Lurt Dort很多，當時2020年泡泡圈季後賽首輪，雷霆和火箭狹路相逢，其實基本上沒有人看好雷霆，畢竟當時的SGA還不是現在的得分機器，而當時的火箭擁有哈登和威少兩大MVP坐鎮，每個人都認為會是一個輕鬆的橫掃。",
        "然而，球迷們高估了火箭，更低估了雷霆。雷霆險些完成逆襲，最終以總比分3-4惜敗，隨後CP3離開雷霆加盟太陽，而SGA用了三年的時間把從CP3身上學到東西一一展示出來，再加上雷霆管理層獨到的眼光，接連選中了Jalen Williams、Chet Holmgren等潛力新星，並在短短三年的時間裡迅速完成了重建。",
        "上賽季，SGA場均砍下30.1分5.5板6.2助2抄截的全面數據，他也成為了贏得常規賽MVP的熱門候選之一。可怕的是，SGA今年也僅是26歲而已。",
        "不過，雷霆上賽季的成功還是要歸功給Holmgren。上賽季是Holmgren的菜鳥賽季，因為前個賽季Holmgren因傷直接賽季報銷。如果Holmgren沒有受傷，雷霆很有可能提前一個賽季完成重建。",
        "過去這個賽季，Holmgren的表現堪稱完美，場均貢獻16.5分7.9板2.4助2.3火鍋的出色數據，而且三分命中率高達37%。更難能可貴的是，Holmgren直接用出戰82場常規賽來回應外界關於他玻璃體制的質疑。是啊，有什麼比用實際行動來回敬來得更好的辦法嗎？",
        "有些人或許會覺得Holmgren不如Victor Wembanyama，的確斑馬的數據是比Holmgren優異，但斑馬是馬刺在進攻端的第一選項，而Holmgren甚至不是雷霆的二當家。未來十年，這兩個獨角獸的交手，一定會非常精彩的。",
        "不過，雷霆還是為自己的經驗不足付出了代價，雷霆在西區半決賽以總比分2-4不敵獨行俠，結束了一整個賽季的征程。但毫無疑問，這個賽季是成功的。",
        "休賽期，雷霆繼續補強陣容，把與球隊體系不搭的Josh Giddey送到公牛，並簽回了Alex Caruso，後者在湖人時期就證明過自己的能力，這筆交易穩賺不賠。緊接著，雷霆還挖角了尼克斯的中鋒Isaiah Hartenstein，Hartenstein的加入可以令雷霆的戰術體系變得更加多樣化，同時還可以減輕Holmgren在內線的壓力，同樣也是一筆恰到好處的簽約。",
        "上賽季的季後賽之旅讓雷霆眾多年輕球員累積了寶貴的季後賽經驗，新賽季的雷霆將變得更加可怕。",
        "最後，版主還記得一個雷霆全隊一起接受採訪的影片，當時SGA說了一句，『My whole life is consistent』，也就是說他一直以來的表現都很穩定，也因此有了31分公務員的綽號。",
        "當時雷霆一眾年輕球員都被SGA這句話逗得大笑。",
        "如此化學反應、如此年輕且強大的陣容，雷霆何愁大業不成？"
    ]
}