{
    "id": "115090",
    "title": "NBA》勇士必然的改變 五套圍繞Curry的先發陣容",
    "date": "2024/10/15",
    "topic": "籃球",
    "author_name": "運動視界編輯",
    "tags": [
        "金州勇士",
        "Draymond Green",
        "Jonathan Kuminga",
        "Stephen Curry",
        "Andrew Wiggins",
        "Brandin Podziemski"
    ],
    "article-content": [
        "金州勇士在今年暑假損失了效力多年的重要老將Klay Thompson，即便史上最強射手Stephen Curry仍在隊中，不過還是得想辦法重新找出一套合適的先發陣容。",
        "為了填補Thompson留下的戰力缺口，勇士休賽季裡補進了De'Anthony Melton及Buddy Hield。新賽季裡，除了希望新同學能填補缺口外，勇士還希望年輕小將，像是Brandin Podziemski、Jonathan Kuminga，能有顯著的進步。",
        "主帥Steve Kerr之前受訪時說道，要找出能跟Curry搭配最好的先發陣容。勇士陣中，除了Curry外，目前保證能先發上場的球員只有Draymond Green，其他三個名額則由其他球員各憑本事爭取。本篇文章將列出五套可能讓勇士在新賽季過關斬將的先發陣容：",
        "第一套：Steph Curry、Brandin Podziemski、Andrew Wiggins、Draymond Green,、Kevon Looney",
        "隊上有Curry這樣球員的好處是其他四人能夠用不同方式發揮。這個陣容裡，有四名球員在2022年的奪冠裡扮演了重要角色，再配上一名非常年輕的球員。本季，Brandin Podziemski會跟De'Anthony Melton與Buddy Hield競爭除了Curry以外的場上另一名先發後衛。",
        "跟其他兩人相比，Podziemski的優勢在於身高(6呎5吋，約195公分)。之前，Thompson是Curry的完美搭擋的原因在於他算身型高大的後衛，且有優異的防守和投射能力，Podziemski具備這些特質。",
        "後衛之外，勇士球員最瞭解Steve Kerr的戰術的球員是Draymond Green。他會是重要的進攻組織者。至於Andre Wiggins，雖然前兩季跟2021-2022球季相比有明顯的退步，但新賽季可能東山再起。他是名有出色得分能力的選手，且投射能力還不錯。另外，他的防守已經變得還不賴。",
        "這套組合裡，5號位的Kevon Looney是中鋒不多的陣容裡經驗最豐富的大個子。他熟悉球隊的戰術運作，而他在場上的主要任務是鞏固籃板。",
        "這套陣容值得期待，不過或許有更好的組合。",
        "第二套：Steph Curry、Brandin Podziemski、Jonathan Kuminga,、Draymond Green、Kevon Looney",
        "這套陣容和第一套陣容相當雷同，唯一的不同的地方在於讓Jonathan Kuminga取代Andrew Wiggins的先發位置。讓Kuminga先發上陣的原因在於這名22歲的年輕小將在上季的場均得分從2022-23賽季的9.9分進步到16.1分。",
        "Thompson離隊後，勇士少了得分的二當家。西區強敵環伺，若Kuminga無法成長成明星球員，勇士可能連季後附加賽都打不進去。上季，Kuminga已經長出得分能力，不過他的三分命中率(上季32.1%)還有很大的進步空間。",
        "這套陣容裡，除了Curry跟Podziemski之外，其他人的射程範圍都不夠大，所以不太可能是最終版的先發陣容，但這套陣容包含了老中青三代，強度也相當有看頭。如果Kuminga能再進化，並有穩定的三分輸出，勇士將會多一套讓對手恐懼的組合。",
        "第三套：Steph Curry、Buddy Hield、Andrew Wiggins、Jonathan Kuminga、Draymond Green",
        "上季的尾聲，勇士嘗試讓Draymond Green擔綱5號位，以目前的陣容來看，這種安排可能再次出現。勇士曾以死亡五小的陣容有過一段榮光，最大的關鍵是因為陣容裡有Stephen Curry。",
        "這套新的小球陣容讓Buddy Hield去跟Curry搭配而非Brandin Podziemski是非常妙的一手。2019-20賽季開始起算，Hield是三分球命中數最多的球員，Curry次之。這對組合讓場上同時擁有三分命中數第一和第二的球員。",
        "即使Andrew Wiggins的投射表現不如以往，但他在場上能夠替Jonathan Kuminga創造更多的進攻空間。Kuminga擅長利用低位單打得分，所以如果有較大的空間，他的得分效率會更好。此外，Wiggins在場可以讓Curry有更多無球跑動的機會，並利用切進切出去製造更多投射的空間。",
        "若Green的三分命中率能維持上季的水準(39.5%)，這套先發將會是聯盟進攻效率最佳的組合之一。然而，Green雖然能夠看防中鋒，但籃板將會是一大劣勢。",
        "第四套：Steph Curry、Brandin Podziemski、Buddy Hield、Jonathan Kuminga、Draymond Green",
        "勇士的先發組合裡還是有很多的不安因子，最讓人放不下心的就是Andrew Wiggins。如果勇士不認為Wiggins能找回狀態，勇士的先發小前鋒可能會改讓Buddy Hield擔綱。",
        "這套陣容跟第三套陣容的差異在於Buddy Hield取代Wiggins的3號位，原本的2號位則由Brandin Podziemski補上。這套陣容可以確保球員在場上有很大的進攻空間，因為其中四位球員在上季的三分命中率超過38.5%。",
        "若Kuminga能提升三分投射精準度，這套陣容將會創造出聯盟最大的進攻空間。防守球員拉開將讓Curry把握機會去直搗籃下，Kuminga則會利用一對一的進攻優勢。至於Green，他會利用和Curry及Hield的無球掩護去創造空檔。",
        "這套陣容的主要問題在於身高比第三套陣容更矮小。小前鋒與後衛之中身高最高的人竟然是Podziemski，而Hield的防守又不怎麼樣。跟第三套陣容一樣，籃板的鞏固會是一大擔憂。",
        "第五套：Steph Curry、Brandin Podziemski、Andrew Wiggins、Jonathan Kuminga、Draymond Green",
        "這套陣容很可能是新賽季一開始Kerr擺上的先發五虎，因為兼具年輕化、進攻空間拉大、得分、防守、組織、默契，不足的是球員的體型偏小。讓Brandin Podziemski 與Andrew Wiggins同時先發作為側翼的優點在於提升防守強度。他們都有非常出色的防守，跟同位置的球員相比，身高跟臂展都有優勢，和Curry搭配效果最好的球員就是這類型的球員。",
        "Jonathan Kuminga扛得起4號位，而這組陣容在沒有放棄防守強度的情況下讓Kuminga還有足夠的進攻空間。勇士需要Kuminga的成長讓球隊往前邁進，所以讓過去幾季搭配過的戰友在他身旁讓他在場上繼續成長。",
        "Draymond Green在這個組合裡身負重任，不過他並不是不熟悉這樣的安排。他的組織進攻能力是勇士沒有放掉他的原因。在這套陣容裡，他能好好跟Curry搭配。",
        "這套陣容並不能保證勇士能打進季後賽，更遑論拿冠軍了，不過可能是勇士跟西區其他球隊一較高下的最佳組合。",
        "【特約編輯 施童倫／責任編輯 謝一謙】",
        "🔥更多最新 NBA 精選好文："
    ]
}