{
    "id": "115102",
    "title": "《2024-25 X-Factor》曼斐斯灰熊—Marcus Smart : DPOY守住的是哪邊？",
    "date": "2024/10/13",
    "topic": "專題",
    "author_name": "Grindcity",
    "tags": [
        "灰熊",
        "Grizzlies",
        "Marcus Smart",
        "X-Factor"
    ],
    "article-content": [
        "曼斐斯灰熊上季可謂是諸事不順，傷病情況嚴重到整季共要登記33名球員，原先被期望驗收陣容的賽季卻轉為要展望樂透抽籤，來季灰熊勢必要扳回一城，而要達成此目標除了要依賴三巨頭Ja Morant、Desmond Bane和Jaren Jackson Jr外，一名X-Factor也將左右灰熊的戰力上下限。",
        "老實說灰熊陣中不少人都具有成為X-Factor的潛力，上季崛起的GG Jackson能否填上灰熊的側翼火力、Vince Williams Jr能成為多好的Connector、新秀Zach Edey是否能接下Steven Adams的角色、傷癒的Brandon Clarke狀態能回復多少、Luke Kennard能否延續Tyus Jones帶領替補的任務等…但最終灰熊來季的最大X-Factor很可能都是這名上下限差距很大的老將-Marcus Smart。",
        "Marcus Smart是灰熊在2022年休賽期透過交易主力控球後衛Tyus Jones引入、填補該季離去的Dillon Brooks角色的新戰力，Smart在到來灰熊前在塞爾提克擔任著控球後衛的職責，其個人攻擊侵略性與當時塞爾提克的5-Out體系非常吻合，這造成Smart在2022年的季後賽大放異彩，只不過後來受種種因素影響讓塞爾提克狠下心來交易走這位精神領袖。",
        "單從資產互換的角度來審視，灰熊趁機廉價買入的舉動注定會是一筆成功的交易，但這筆交易有多成功卻就要視乎Smart的實績以及契合程度，雖則上季灰熊傷兵滿營，但仍不難在小樣本中洞察出Smart的優缺。",
        "Marcus Smart近三年的三分命中率分別為33.1%、33.6%、31.3%，即使場均命中1.8球三分產量並不差，但有限的把握力仍說明了Smart並不是一名可靠的射手，賦予等球射手和拉開空間的角色對雙方都沒有太大益處。",
        "在無球端稍為尷尬的處境同樣出現在持球端上，先不論Smart的能力是否容許他取得比三巨頭Ja Morant、Desmond Bane、Jaren Jackson Jr更前的持球順序，要知道Smart的持球進攻風格是較為講求空間，以積極的身體對抗突破身前的防守者，以發揮出吸引協防後的分球能力。然而相比空間更為廣闊、具明星級別側翼Cover的塞爾提克，灰熊絕對不是能讓Smart沿用同一套打法的球隊，尤其是新秀Zach Edey很可能會成為先發一員、核心Jaren Jackson Jr上季仍已磨練出有效率的單打能力，若Smart要維持該套打法，大概只有無球進攻能力極出色Desmond Bane不會受影響，其他三名先發被吞噬發揮空間的機率很高。",
        "更甚至Smart在這套三後衛陣容中可能需要向下擔任到3號位，當他不再能針對身材有限的1號位進行攻堅時，Smart的強行突破能否奏效仍是未知數，若最終演變成以急停跳投為主要的進攻手段，這顯然會傷害到球隊的節奏和得分轉化率。",
        "簡單來說，Smart未必會是個穩定可靠的持球者，但若要轉打無球進攻又可能會與其他主將重疊區域才得以發揮所長。",
        "從以上分析可見Smart有數項疑慮都可能會影響到灰熊陣容的協作效應，稍為不慎就會破壞到球隊的化學作用，因此不少灰熊迷都認為應該把Smart放到第六人的角色，提上配合性更好的Vince Williams Jr為先發，甚至盡快找個好機會轉賣脫手，只不過灰熊GM Zach Kleiman近年有被質疑的都只是在資產控管方便，Marcus Smart交易案仍然有他值得賭博之處。",
        "Marcus Smart職業生涯三分命中率僅有32.3%，但這可能難以完全反映出他的投射能力，一來Smart是一位不抗拒出手運球Pull Up 3的進攻球員，更高難度的出手多少會對效率造成影響，事實上近年他的Catch-and-Shoot一直都有維持在合格水平。此外Smart對上三次殺入季後賽分別錄得37.2%、35%、36.1%的三分命中率，且場均可是能命中2.35球三分，儘管仍無法否認Smart屬不穩定的骰子型射手，光是上季例行賽就試過跨場共13投0中但接下來對湖人直接單場繳出14投8中的成績，但在季後賽對手能否透過放投Smart而壓縮灰熊三巨頭的空間？從過往三年的歷史來看是不能的。",
        "某程度上來說，現階段Smart最需要解決的問題會是投射穩定性和出手選擇，一但修好這個部分，Smart其實有望在Ja Morant和Desmond Bane身旁扮演好Connector的角色，Smart一直都是一名善於做小事的Glue Guy，上賽季的無球移動走位、掩護和短擋拆其實都嚴重受低估，尤其是在3號位而言格外出色的傳球能力絕對能增強Kick out的效果，以活絡球隊新的進攻體系。",
        "不過當然Vince Williams Jr會被視為更適合的人選是有其原因的，Smart的三分穩定性將會決定其進攻端的效率，並期望他能隨著賽季適應Connector的定位，若一切順利擁有更多自主進攻能力的Smart絕對能昇華新進攻體系。",
        "相比起半喜半愁的進攻端，Smart在防守端的貢獻就是在追求頂級。即使相隔贏下DPOY(年度最佳防守球員)已有兩年，但Smart的防守功力亦仍存，上季場均2.1個抄截、降低對方7%的總命中率，卻非受傷場次不足其實他仍該是年度防守陣容的有力競爭者。Smart不僅有能力接下Dillon Brooks的POA職責，對外圍施加巨大的壓迫感，更能夠透過抄截和製造進攻犯規為灰熊創造更多反擊回合，要知道自De’Anthony Melton和Kyle Anderson離去後灰熊就一直欠缺該元素。",
        "即使有可能要視情況在1至3號位中切換，但Smart上季在防守對方不同風格的主力得分手時仍有出色的表現，以下是對方在Smart防守下繳出的數據。",
        "Luka Doncic- 8投0中",
        "Kevin Durant- 6投1中",
        "James Harden- 5投1中",
        "Devin Booker- 4投1中",
        "Paul George- 4投0中",
        "毫無疑問Smart仍是一名能力強大的防守者，且上賽季他就快速適應了灰熊的防守體系，在Nail位的協防往往都能對對手造成干擾，在個人能力和團隊融入方面都非常順利，可以說Smart已經成為灰熊所依賴的防守大鎖。",
        "而相比起上一季能夠排出Marcus Smart、Desmond Bane、Ziaire Williams、Vince Williams Jr、Jaren Jackson Jr的豪華防守陣容，這季先發上Ja Morant和Zach Edey的防守缺陷將會讓Smart有更大的防守責任和負擔，且上季剛加盟灰熊時Smart揚言要讓Jaren Jackson Jr成為更好的防守球員，Smart究竟能否兌現承諾，與陣中的防守悍將互惠互利去保護防守較弱勢的球員，這將會成為Smart在防守端的關鍵看點。",
        "總括而言 Marcus Smart在這季很可能仍是灰熊不可或缺的頂級防守者，但礙於進攻端擔任無球Connector定位的成效很取決於其三分投射表現，Smart最終能否透過能Cover隊友鞏固防守這種年度最佳防守球員的表現彌補進攻端的缺陷，又或是能否抹掉自己在進攻端的疑慮讓自己能夠成為灰熊關鍵的Two-Way Player，還是最終會因為配合不當而分道揚鑣…",
        "對於一支以總冠軍為目標的球隊來說，充滿季後賽經驗、且又善守能攻的Marcus Smart無疑會是一大協力，甚至是能把球隊層次提升半級的程度，至於Smart能否達到這個標準 在灰熊再創下屬於自己的時刻？",
        "新球季將會證明一切…",
        ".",
        ".",
        "------",
        "------"
    ]
}