{
    "id": "115175",
    "title": "《2024-25 NBA 專題》我好奇他會打怎樣的球員：中央組",
    "date": "2024/10/15",
    "topic": "籃球",
    "author_name": "AhUtopian/烏托邦/余大",
    "tags": [
        "中央組",
        "GaryTrentJr",
        "JamesWiseman",
        "每隊一個會好奇他能打怎樣的球員",
        "DeanWade",
        "PaulReed"
    ],
    "article-content": [
        "這系列文章，我會在開季前，扣除掉芝加哥公牛隊以外的球隊，每隊選一個我對於他本季發展或表現特別好奇的球員，也希望自己會後續追蹤，將這專題做成系列文；那在選擇球員上面，我會盡量避開明星球員跟新秀，而盡量挑些，自己感受上覺得比較有意思的球員。",
        "那我之前：",
        "亞特蘭大老鷹 Dyson Daniels",
        "華盛頓巫師 Corey Kispert",
        "奧蘭多魔術 Cole Anthony",
        "邁阿密熱火 Haywood Highsmith",
        "夏洛特黃蜂 Tre Mann",
        "曼菲斯灰熊 Santi Aldama",
        "紐奧良鵜鶘 Javonte Green",
        "休士頓火箭 Tari Eason",
        "聖安東尼奧馬刺 Tre Jones",
        "達拉斯小牛 Quentin Grimes",
        "這次，回到我自己支持的公牛所處的中央組，來看看中央組的同組對手們，有哪些我好奇他們定位與發展的球員。",
        "老實說，一開始看到來自 Kansas State ，在 2019 年選秀會落選、後來從雙向合約開始的 Dean Wade ，比較會記得的原因當然是名字的縮寫，一開始非常粗略的印象就是能投外線、球賽智慧的白人高個。",
        "但隨著克里夫蘭騎士這幾年逐漸地強盛， Wade 不僅都還保有一席之地，甚至可以說一年比一年還被重用、上場時間逐年增加，除了三分球表現上季已經來到每場出手將近 4 次還能有 39.1% 的命中率外，到底還扮演什麼關鍵角色？",
        "於是，在這個系列就對 Wade 心生好奇，稍微查了一下，發現 Wade 其實在防守端的評價、進階數據跟功能性相當被讚賞。",
        "順便補個冷知識， NBA 歷史上的 Wade ，除了他、還有你知道的另外一個 Wade 外，還有一個 Mark Wade ，在 NBA 只從 1987-1990 ，待過金州勇士跟達拉斯小牛，但總共只上場 12 場。",
        "要在底特律活塞選一個好奇的球員，真的難選，因為上一季的活塞實在太謎、讓你對於許多人本季會如何表現不得不去好奇，最終我選了一個相對冷門的球員來討論，那就是 Paul Reed 。",
        "生涯前四年，擔任 Joel Embiid 替補中鋒還算稱職、合約也不貴的 Reed ，因為費城 76 人要清出最大的薪資空間、以及有望補進 Andre Drummond 作為替補中鋒，於是只有部分合約保障的 Reed 被裁掉。",
        "結果，有著龐大薪資空間的活塞，選擇用宣告承接原本 7.7M 合約的方式，讓 Reed 還沒成為自由球員就來到活塞，就是這一個很特別、來到活塞的方式，讓我選擇 Reed 來討論。",
        "生涯前四年，如果需要打上先發時， Reed 能在 25.7 分鐘的上場時間，繳出 10.4 分、 7.6 籃板 、 1.4 次火鍋，然後 53.1% 的命中率；禁區有了 Jaren Duren 、 Isaiah Stewart 的活塞，只是為了填薪資、增加便於交易的合約，還是對於 Reed 真有些想法呢？",
        "當提到 2020 年選秀跟 Rick Carlisle 還有印地安納溜馬，你會想到誰？",
        "首先一定會想到第 12 順位的 Tyrese Haliburton ，再來則是第 16 順位被波士頓塞爾提克選到、但來到溜馬重獲新生、休賽季剛簽下 3 年 33M 新約的 Aaron Nesmith ， 以及第 8 順位被紐約尼克選到、也算在溜馬打出身手的 Obi Toppin ，也是剛簽下 4 年 60M 的合約",
        "還不只上面這幾個，休賽季剛跟芝加哥公牛簽下 3 年 27M 、當年第 10 順位的 Jalen Smith ，身為極少數第三年首輪新秀合約沒被執行的樂透區球員，來到溜馬後，也是在 Carlisle 的溜馬體系下，成為聯盟優質的替補中鋒。",
        "就連第 40 順位的 Jordan Nowra ，在 2022-23 球季被交易來溜馬後，也打出過單場 13.0 分、 4.7 籃板、每場可以用 42.2% 命中率投進將近兩個三分球的成績。",
        "如今， Carlisle 跟 2020 年選秀的緣分跟試煉，應該來到了終極關卡，當年第二順位被金州勇士選到、如今單位變成五個二輪籤的 James Wiseman ， Wiseman 的天分與缺點，都已經是每個人朗朗上口的內容。",
        "如果不是溜馬這幾年的球風以及 Carlisle 的執教，應該不太會有人還期待 Wiseman 有什麼機會發揮天賦；但反過來說，如果連溜馬也無法拯救 Wiseman 的生涯，大概也想不到還有什麼地方可以了。",
        "2018 年第二輪第 37 順位的 Gary Trent Jr. ，在這個休賽季成為自由球員後，沒能找到好的合約，最後用與 Trent 前一份和多倫多暴龍簽下 3 年 54M 的合約價值差非常多的一年合約，然後跟自己在波特蘭拓荒者出道之際、隊上的老大哥 Damian Lillard 在密爾瓦基公鹿重逢。",
        "未滿 26 歲、而且以二輪選秀來說已經拿到大合約過的 Trent 會選擇加入公鹿，以 Trent 的表現來說、應該不是沒有其他球隊提供金額條件好一點的合約給 Trent ，反而像是最後選擇一個自己能夠快速貢獻，為自己爭取曝光、更有意義的履歷的所在。",
        "對於奪冠後一直欲振乏力，好像做了點什麼卻都每況愈下的公鹿，有 Trent 這樣合格先發到優質替補等級的球員，來填補 Lillard 跟 Khris Middleton 外的後場進攻火力；此外，有一個跟 Lillard 共存合作過的球員，讓上季其實縫合起來還不夠到位狀況，增加一個催化劑。",
        "只是帳面上是這樣說跟判讀的，但到底 Trent 能不能在這樣一個會被重點性針對的球隊，展現出怎樣的個人表現跟影響力，就是我好奇的地方。"
    ]
}