{
    "id": "115186",
    "title": "【豬籠草上飛】「球」在手，跟我走？2024-25公牛季「初」分析",
    "date": "2024/11/07",
    "topic": "籃球",
    "author_name": "豬籠草",
    "tags": [
        "Nba",
        "公牛",
        "Josh Giddey",
        "Jalen Smith",
        "Zach Lavine",
        "Lonzo Ball",
        "2024-25開季分析",
        "Nikola Vučević",
        "Cooper Flagg"
    ],
    "article-content": [
        "新賽季已開打兩週，開季球員名單均確定，僅簡單回顧一下公牛休賽季的陣容異動：",
        "加盟：Josh Giddey(from雷霆)、Chris Duarte(from國王)、Jalen Smith(3年2,700萬)、Matas Buzelis(選秀，4年2,395萬)、Talen Horton-Tucker(1年底薪)",
        "雙向合約(TW)：Adama Sanogo、D.J. Steward、E.J. Liddell",
        "離隊：Alex Caruso(to雷霆)、DeMar DeRozan(to國王)、RaiQuan Gray(TW) 、Javonte Green(to鵜鶘)、Henri Drell(TW)、Andrew Funk(TW)、Onuralp Bitim",
        "續約： Patrick Williams(5年9,000萬)",
        "Exhibit 10(目前歸屬)：Marcus Domask(風城公牛)、Kenneth Lofton Jr.(上海大鯊魚)、Joshua Primo(風城公牛)、Ben Coupet Jr.(風城公牛)、Javon Freeman-Liberty(風城公牛)",
        "以上幾位簽Exhibit 10未保障約的球員都在開季前被釋出，除了Kenneth Lofton Jr.和中國CBA的上海大鯊魚簽約外，其餘四位都已回到發展聯盟，投入風城公牛的季前訓練營，準備11月8日的G League開幕戰。",
        "上個賽季曾有單場50分紀錄的Jalen Harris沒有出現在本次的訓練營名單中，前爵士中鋒Derrick Favors也已離隊。另一位公牛老朋友Ryan Arcidiacono，去年被尼克釋出後回到芝加哥打發展聯盟，這季依然留在陣中，等待重返NBA的機會。",
        "**關於公牛休賽季各別球員的異動細節，有興趣的讀者可參考粉絲團**",
        "回到公牛的開季表現，以下分點討論：",
        "1. 去留之間：Zach LaVine和Nikola Vučević",
        "DDR和Caruso的交易，代表公牛啟動了重建工程。但過完整個暑假，針對其他主力球員的交易卻沒有接續，Zach LaVine和Nikola Vučević依舊在先發名單中。",
        "先從狀況比較單純的Vooch談起，標準中鋒身高，有三分能力，能夠每場穩定貢獻近double-double的數據，雖然年屆34歲，年薪2,000萬以先發中鋒等級也不算太貴，交易價值依舊不小。",
        "關鍵是能否換到值得培養的年輕內線和首輪籤，如活塞的Jalen Duren或爵士的Walker Kessler；若否，把去年夏天才續約的Vooch留下，無論是否徹底重建，都是不錯的球員配置。",
        "LaVine的狀況相對複雜，2023-24賽季開季表現低迷，僅打25場就提前關機，Coby White把握住球權增加的機會，上演突破性的賽季，單季209顆三分球成為公牛隊史上單季三分命中數最多的球員。",
        "已滿29歲的LaVine，原本被當成球隊一哥多年，但7年來球隊僅進過一次季後賽，或許到了需要改變的時刻。生涯邁入第十個賽季，超過4,000萬的薪資，合約到2027年，交易的難度頗高，這可能是制服組在今年夏天沒有成功策動交易的原因，逢低賣出並不明智。",
        "開季後LaVine出賽6場(3勝3負)，各項數據都回到受傷前水準，投籃命中率甚至更佳(eFG% 61.3%，生涯新高)，每場可以投進3.7顆三分球(22/48，45.8%)，原本是很成功的商品展示。但日前對籃網大腿拉傷，又連續缺席兩場比賽，這對潛在的交易對象如湖人、熱火、活塞等隊伍來說，有勸退的效果。",
        "LaVine在公牛當一哥的這段旅程並不成功。當然，戰績的好壞不全然是球員本身技術或打法的問題，整體適性也連帶影響團隊。LaVine若換到一支團隊戰力完整的季後賽隊伍，扮演第二或第三得分點會恰如其分，這跟DDR的狀況也有點類似。",
        "2. 既生球，何生迪？",
        "球哥Lonzo Ball選擇執行本季的合約(球員選項)是預料中的事，真的回歸球場恐怕讓制服組有點意外。雖然養傷的這1000多個日子，公牛球團對球哥不離不棄，但喊了那麼久要復出，之前一直跳票，球隊戰力規劃自然也不會將他納入，孰料這次他真的回來了！",
        "從本季第四場例行賽，公牛逆轉灰熊的對局來看，球哥在下半場追分階段攻守沉穩，嘗試和Giddey雙衛同時上場的小球陣，效果並不差，被換下去時表情有點微妙，光看場上表現，難以發現他上半場傷到右手。當天他出賽時間接近19分鐘，已比教練團原本設定的15分鐘超時。",
        "這就回到小標，球哥健康能打，要他每場只打15分鐘替補一定不可能長久，和Giddey同時擺上場又不是先發正解，難道要請Giddey或Coby打第六人，放球哥回先發？確定由誰擔任主控，終究是要面對的問題。",
        "天意弄人，也或許是老天在幫制服組解決煩惱。",
        "球哥僅僅打了三場比賽又掛免戰牌，對灰熊的逆轉勝之後，因上半場右手腕扭傷(sprained right wrist)，至少要休息10天，公牛又只剩Giddey主控，簡單沒毛病。",
        "3. LaVine傷癒歸隊，Giddey接手主控，Coby White能維持高檔嗎？",
        "接續著LaVine歸隊和Giddey成為主控的課題，上季爆發的Coby開季迄今，8場都先發，基本複製去年的數據表現，每場3.5顆三分球是生涯新高(28/72，38.9%)，看來和Giddey搭檔的新後場組合，至少在進攻面沒太大問題。",
        "確定兩人的搭配可行，對於後續重建的陣容選擇，就產生關鍵性的影響。制服組可以嘗試把LaVine交易，以釋放球隊未來的團隊薪資空間，蒐集更多首輪籤，展望明後年的選秀，挑選值得培養的潛力股。",
        "4. P-Will轉型苦工前鋒？",
        "夏天甫和球隊續約5年$90M，P-Will季前訓練營的調整就不是太好，開季後8場都先發出賽，進攻依然悲劇，運球失誤，三分準度下滑，三分線內幾乎只剩下禁區補籃一種得分手段。",
        "上場變成幫忙抓籃板和高位擋拆的工具人，近兩場空位三分稍微回穩，今天面對獨行俠也秀了一球背框轉身單吃Doncic，但整體進攻狀態是歷年最差(場均8分，生涯新低)。",
        "開季慢熱可能是原因，但以P-Will的進步幅度和穩定度來看，邁入生涯第五年，進攻端缺乏強而有力的武器，防守也僅能算及格，距離兌現天賦還差得很遠，唯一的優點是年薪不高，不管是當過渡期的先發或成為交易配菜都可以。",
        "5. Dalen Terry進步不如預期，Julian Phillips將成為側翼替補首選？",
        "制服組已執行Terry最後一年的新人合約(2025-26)，但這不表示他可以穩穩守住側翼替補的位置，二年級學弟Julian Phillips的進步幅度顯然較佳，兩人的型很接近，誰的進攻先長出來，另一個離開的機會就很大。",
        "如果兩個人表現不穩，去年和Coby同樣續三年約的Ayo Dosunmu將承擔更多側翼支援的任務。",
        "我心目中的理想劇本是啟動季中交易，讓Terry和Phillips有更多上場時間(場均20分鐘左右)，目前Terry場均12.1分鐘，Phillips則是14.3分鐘，都算輪替內，徹底實戰鍛鍊，誰好誰壞，自有所得。",
        "6. 輪替邊緣的調度：Matas Buzelis和Talen Horton-Tucker",
        "備受期待的樂透新人Matas Buzelis，開季後幾乎場場亮相，場均卻僅僅7.9分鐘(7場)，今天對獨行俠出賽23分鐘得到13分(三分球4-3)，生涯首度得分來到兩位數(前6場共得5分)，但這是因為公牛一路落後，提早進入垃圾時間的緣故。",
        "P-Will近況不佳，LaVine和球哥又受傷，即使放先發怕揠苗助長，讓Buzelis出賽時間增加到15分鐘左右應該是合理期待，以他從夏聯到季前熱身賽展現的適應狀態，放回發展聯盟太可惜了。",
        "取代土耳其飛人Bitim晉身開季名單的THT，本季還沒有擠進固定輪替，只能和多明尼加一哥Chris Duarte與側翼老將Torrey Craig、後衛Jevon Carter共享垃圾時間，眼看球哥再度進入傷兵名單，THT近兩戰都分到雙位數的登場畫面。",
        "今天對獨行俠兩次三分空檔出手，第一次打到籃筐左側的籃板，另一次籃外空心，不擅長的外線悲劇外，也欠缺組織能力，雖然在季前熱身賽靠打爛仗拿了不少分，到例行賽放給他切入終結的機會原本就不會太多，對戰力的幫助十分有限。",
        "從溜馬轉隊而來的\"新眼鏡俠\"Jalen Smith，擔任替補中鋒出賽七場，場均14.1分鐘的上場時間，比前三季在溜馬還少，效率卻極高，8.7分5.1籃板，每場可以貢獻1.6顆三分球(11/25，44%)。小樣本數據僅供參考，重點在於他開季狀態調整得宜，快速地融入新團隊，令人驚喜。",
        "Vooch若被季中交易，把Smith拉上先發有何不可？連LaVine一起交易的話，則前面提過的Buzelis、Terry和Phillips幾位年輕球員，出賽時間都可大幅增加，擺脫戰績壓力，好好練兵，給足時間磨練，更能夠確定到底誰進步太慢，趁早因應。",
        "遙想Cooper Flagg的野望",
        "目前公牛已打完8場比賽，3勝5負，暫居東區第八。",
        "賽季還很漫長，依照公牛現有的陣容，因東區的整體強度不如西區，或許還能以32-34勝左右保有競爭附加賽資格的機會，要再往上跳一級顯然有困難；何況如公鹿和七六人開季遭遇亂流，後續無論是主力傷癒歸隊或啟動交易，戰績回穩是可預期的，公牛想保住明年的首輪選秀權，不上不下的戰績非常危險。",
        "比起附加賽資格，或者吊車尾擠進季後賽，保住明年樂透籤，抽籤拚狀元才是讓我感興趣的事。",
        "公牛明年的首輪籤是前10順位保護，如果戰績跟今年差不多，很大機率會被馬刺拿走，僥倖進了季後賽，則勢必會保不住。2025年被各方評為選秀大年，已經開始重建的公牛，結果首輪沒有籤，還玩什麼？",
        "當然，即使戰績不佳，也未必能抽中狀元籤，但至少要先拿到入場券，才有一拚Cooper Flagg的機會！",
        "【封面圖片來源：@chicagobulls】",
        "更多有關公牛的討論："
    ]
}