{
    "id": "115205",
    "title": "《芝加哥公牛 2024-25》Lonzo Ball 回到球場的感動與感慨",
    "date": "2024/10/17",
    "topic": "籃球",
    "author_name": "AhUtopian/烏托邦/余大",
    "tags": [
        "Chicagobulls",
        "ZachLavine",
        "LonzoBall",
        "joshgiddey",
        "BullsH1T",
        "華文公牛第一寫手",
        "NikolaVuceivc",
        "Bulls_202425"
    ],
    "article-content": [
        "在台灣時間 2024 年 10 月 17 日，芝加哥公牛在主場迎戰明尼蘇達灰狼的熱身賽，第一節剩下 6:08 時，公牛喊出暫停，暫停結束， Lonzo Ball 站起來、接受全場的歡呼，替換下本季剛因為 Alex Caruso 交易來到公牛的 Josh Giddey ，回到球場。",
        "這是從 2022 年 1 月 14 日，公牛對陣金州勇士後， Ball 第一次在比賽中登場。",
        "雖然事前就知道 Ball 在這場比賽會上場，但畢竟他真的太久沒有比賽，沒有人會期待 Ball 在場上，能發揮或表現出接近，在 2021-22 球季，在他有出賽的 35 場當中，公牛拿下 22 勝 13 敗，以及他在場上時、公牛攻防效率值差異 +4.5 的影響力。",
        "上場不到 1 分鐘， Nikola Vucevic 從中間切入、吸引包夾後傳到左邊底角空檔的 Ball ，接到、三分投進；再過幾分鐘， Giddey 跟 Ball 站在兩邊弧頂左右側， Giddey 傳給 Ball 、 Anthony Edwards 放了一兩步， Ball 接到球距離三分線一步，出手、進。",
        "在接下來的比賽中，推進、防守、籃板、火鍋、空手跑位上籃以及毫不畏懼地飛身救球。",
        "雖然因為有上場時間限制、只上場 15 分鐘，但 Ball 投籃 4/6 包含兩個三分、得到 10 分、正負值 +6 ，以及 Ball 在場上時，每個人都像是回到自己最舒服的位置，特別是 Zach LaVine 。",
        "這場只看數據， LaVine 的 5/11 、 7 罰全進，拿下 19 分、 5 籃板跟 4 助攻的表現已經十分有效率而亮眼。",
        "仔細看比賽當中，這些數據之外，快節奏的比賽讓 LaVine 在 Early Offense 頻頻製造進攻機會，以及因為 Ball 的外線跟走位， LaVine 也能在側翼更好的位置發起、創造機會，還有在防守端 LaVine 大量對位 Edwards ，在有球或無球防守時的意識跟集中力。",
        "感動，很難想像 Ball 到底克服了多少事情跟做好多少準備，才能一上場就有這樣的表現。",
        "感慨，過去在 Ball 無法上場的這幾年到底錯過了什麼，以及如果 Ball 這樣的表現能夠維持，哪怕只有 15 分鐘，對於當前的公牛來說，會有更大的矛盾。",
        "整個公牛的 21 世紀，從 Jay Williams 、 Derrick Rose 到 LaVine 跟 Ball ，因為傷勢而錯過曾經的未來與期待，到底有多少？",
        "而 Ball 當前的表現，只要能夠一定程度地延續，即使上場時間有限制，毫無疑問是提供 Winning BasketBall 所需的許多元素，假如有個萬一，公牛的新陣容在 Ball的作用之後整合良好，在季中交易前打出五成以上的勝率，那該如何抉擇？",
        "這一方面，當然代表著 LaVine 為首的許多球員，應該打得不錯、才能有這種戰績，另一方面，會不會又混淆了些路線、或是又錯過了些交易提案？",
        "Ball 的上場時間，也不是憑空得來，可能並不會是排擠掉 Coby White 、 Ayo Dosunmu 的時間，卻會進一步往年輕鋒線，例如 Jilian Phillips 、 Matas Buzelis 去奪取；讓 Ball 分攤持球任務，可能也減少對於 Giddey 的評估跟試煉。",
        "當然，很現實地說，多贏個幾場，明年選秀大年、被交易到聖安東尼奧馬刺、前 10 順位保護的首輪籤，也是個懸念。",
        "當然，這一切都言之過早，也不是沒有辦法處理，只是有段歌詞：",
        "會不會回首過來，公牛與 Ball 總是在錯的時候好了一回？寫完，就放下，嘗試變回一個單純的球迷，欣賞 Ball 與公牛共譜精采的比賽內容吧。"
    ]
}