{
    "id": "115227",
    "title": "比Bronny更值得期待的新秀！Knecht狂飆35分助湖人加時賽逆轉太陽！",
    "date": "2024/10/18",
    "topic": "籃球",
    "author_name": "sherloockyan1117",
    "tags": [
        "湖人",
        "太陽",
        "Lakers",
        "Suns",
        "Dalton Knecht"
    ],
    "article-content": [
        "Dalton Knecht用一場封神般的表演，以一己之力包辦了湖人的最後23分，其中在這波進攻高潮中砍下20分1助，還包括了一記追平比分的三分球，Knecht基本上已經確定了自己新賽季在湖人的一個穩定輪替位置！如果Knecht的出場順位比另一位新秀Bronny James還要靠後，那真的是天理難容！",
        "本場與太陽的季前賽，Lebron James並沒有登場，而太陽那邊則是全主力陣容出戰，三巨頭中的Kevin Durant、Devin Booker和Bradley Beal都有出戰。",
        "主力對陣主力的時候，除了首節比賽，太陽其實一直都處於領先。等到末節收起主力的時候，湖人新秀Knecht才正式開始了表演。因此，這場比賽對於Knecht來說當然很重要，但對於太陽來說，被逆轉其實也沒什麼太大關係，畢竟歸根究底這場比賽只是季前賽而已。",
        "回到比賽，在常規時間只剩下最後10秒的時候，湖人仍以112-115落後，JJ Reddick喊出了暫停，原以為要為太子佈置最後一攻，沒想到最後一攻是交給Knecht，而後者當仁不讓地飆進了絕平三分球，比分來到115-115平手！",
        "隨著太陽絕殺三分不中，比賽確定進入加時賽。",
        "加時賽才是Knecht神奇表演的真正開始。整個加時賽湖人得到15分，其中的12分全部來自Knecht，另外的三分也是來自他的助攻，幫助隊友打成了2+1！",
        "湖人的最後23分，全部來自於他，個人狂飆20分1助，簡直可怕。",
        "可以肯定，此役狂砍35分的Knecht絕對比只得到4分2板的Bronny James更值得期待。",
        "湖人最缺的就是一個穩定的射手，甚至有球迷調侃關鍵時刻主教練Reddick應該自己穿上球衣出場。",
        "如今，Knecht會是湖人射手的答案嗎？"
    ]
}