{
    "id": "115368",
    "title": "最好版本的Tatum 塞爾提克用三分球轟垮尼克",
    "date": "2024/10/23",
    "topic": "籃球",
    "author_name": "Ubuntu",
    "tags": [
        "紐約尼克",
        "波士頓塞爾提克",
        "Jayson Tatum",
        "Jaylen Brown",
        "Derrick White",
        "Jrue Holiday",
        "Karl-Anthony Towns",
        "Jalen Brunson"
    ],
    "article-content": [
        "Game Detail：",
        "開局兩隊在手感上都格外火燙，尼克著重在禁區攻擊，Brunson發起的高位擋拆搭配其他球員拉開空間，也很積極attack close out，多次挑戰Horford的護框能力，雖然對位都很確實但卻被得了不少分。而Towns一如既往地由Holiday對位，他下場則改由Tatum去對位，效果也很不錯，增加擋拆換防的能力。",
        "進攻上，塞爾提克則由Tatum主導，多次分球找到隊友，單節傳出五助攻，外線六投四中，出手都在節奏內，對暑假調整出手機制的他來說是好的開始。戰術上，多次利用底角的Pin down製造射手的空檔，同時掩護者也有Pop out的能力，在首節團隊就投出十計三分球，製造二十分的領先優勢。",
        "首節末段兩隊換上板凳，尼克的McBride首先跳了出來，用五投五中的手感讓分差不被拉開。塞爾提克則靠Hauser火力回應，而Mazzulla則有一段時間擺出雙塔陣容，防守上容易被第一線突破，但籃板上有優勢，可能是針對尼克禁區的劣勢，但個人覺得使用上還沒很熟練。",
        "到了第二節，尼克靠著Brunson的擋拆進攻和Towns的低位追分，並且都有很高的投籃命中率，不過大部分都是一對一單打，Anunoby與Bridges的持球產生不了太多威脅。而塞爾提克方面，儘管雙塔陣容的進攻有些當機，但球的輪轉非常到位，連續的三分轟炸，持續維持二十分以上的領先優勢。",
        "來到第三節，塞爾提克依舊靠著不可思議的三分手感拉開差距，每一次都毫不猶豫的出手，一路到第四節初便追平了聯盟單場的29顆三分球紀錄，但後續的外線出手卻都像著了魔一樣彈框而出，或許壓力太大反而失去了自己的節奏，但或許有些時候命運就是如此，總是有些不盡人意的時候。",
        "——",
        "Game recap：",
        "本場從比賽內容來看，兩隊最大的差距就在於團隊磨合的程度，尼克整場幾乎都仰賴Brunson和Towns的單打獨鬥，甚至板凳的McBride表現最亮眼，考量到尼克是在訓練營之前才完成交易，預期開季會有一段陣痛期。相反地，從這場大勝就能看出塞爾提克體系的成熟度。",
        "進攻層面，尼克的擋拆防守是今天進攻火力爆發的關鍵，大量採取沉退防守的策略，幾乎讓Tatum運一步收球就能進入他的出手節奏當中，就算採取包夾，後續的輪轉幾乎都彌補不了外線的空檔，概念上是還沒發動進攻就直接露出防守的破綻出來，以如今Tatum的球場判斷，這些機會的把握是十拿九穩的。",
        "防守層面，面對Brunson的擋拆，就是要預測他的節奏變換，今天White和Holiday很清楚對手的習慣，非常多假動作都沒有被騙，讓球大量停在他的手中，當然他的個人能力還是很刁鑽，不過這是針對他最好的策略，反過來進攻就會針對他打點。至於其他進攻點，Birdges和Anunoby的持球進攻不足以對防守造成威脅。",
        "雖然目前還言之過早，不過我先去認為尼克的陣容少了Hartenstein和DiVincenzo，更多串連團隊的進攻會是塞爾提克比較頭痛的，但無論如何這場大勝都宣告新賽季的塞爾提克仍舊保持企圖心，準備好再一次證明自己。",
        "——",
        "-Ubuntu🦖"
    ]
}