{
    "id": "115431",
    "title": "布魯克林籃網的重生之路：從球隊到娛樂產業鏈的轉型",
    "date": "2024/10/27",
    "topic": "籃球",
    "author_name": "伯特",
    "tags": [
        "Brooklynnets",
        "NewYorkLiberty"
    ],
    "article-content": [
        "在紐約自由人隊首次奪得WNBA冠軍的熱潮中，布魯克林籃網及其母公司BSE Global正悄然推進一項宏大的轉型計劃。這個計劃的野心遠超過打造一支競爭力強的籃球隊，而是要將巴克萊中心及其周邊區域發展成為紐約市新興的文化娛樂中心。這個願景的背後，是對現代體育產業發展趨勢的深刻洞察，以及對布魯克林這片充滿活力土地的美好期許。",
        "自1960年代成立以來，籃網隊的發展歷程可以說是跌宕起伏。從紐澤西到紐約長島再搬回紐澤西，再到2004年新老闆入主後開始規劃遷往布魯克林，最後在2012年籃網落腳布魯克林的巴克萊中心時，這支球隊似乎找到了自己的歸宿。但球團對於布魯克林籃網的品牌經營比較像是把自己當成NBA在布魯克林的擴編球隊，較少和過去紐澤西的在地球迷重新去做連結，加上球隊長期處於黑暗期，始終難以建立穩固的球迷基礎。即便先後有Deron Williams、Kevin Garnett、Kyrie Irving和Kevin Durant等明星球員效力過，籃網依然未能在布魯克林真正扎根，形成強大的主場氛圍。",
        "這種困境促使BSE Global開始思考一個根本性的問題：在這個數位化、體驗經濟當道的時代，一支職業球隊究竟應該扮演什麼樣的角色？答案或許不僅僅在球場上，而是要放眼更廣闊的視野，思考如何將體育與城市生活、文化娛樂緊密結合。",
        "BSE Global的首席執行官Sam Zussman帶來了革命性的發展理念。作為NBA中唯一以布魯克林命名的球隊，Zussman敏銳地察覺到了這個獨特的品牌定位所蘊含的巨大機運。在他的規劃中，籃網不應該只是一支籃球隊，而應該成為布魯克林文化的核心象徵，一個連接體育、娛樂、生活方式的樞紐。",
        "這個「布魯克林娛樂產業鏈」的概念，遠比簡單的場館運營要宏大得多。Zussman設想的是一個全方位的體驗空間：商務人士可以在這裡舉辦會議，球迷可以觀看比賽，音樂愛好者可以欣賞演唱會，美食家可以品嚐高端餐飲，遊客可以住進豪華酒店。這種「一站式」的體驗模式，借鑒了洛杉磯湖人隊主場LA Live的成功經驗，但更注重與布魯克林本土文化的融合。",
        "為了實現這一願景，BSE已經開始了一系列具體行動。首先是投資基礎設施，計劃建造一座擁有550間客房的豪華酒店，這將為遊客提供高品質的住宿選擇。同時，他們也在升級現有設施，包括開設了Crown Club高級餐廳，以及Toki Row和Jet Blue at the Key兩個貴賓俱樂部，為不同層次的顧客提供專屬服務空間。",
        "同時，BSE還推出了更具野心的Brooklyn Media項目。這個項目通過多元化的內容形式，包括Podcast、社交媒體、專題報導等，全方位展現布魯克林的魅力。這些內容不僅關注體育，還涵蓋藝術、音樂、美食、時尚等各個領域，旨在將布魯克林打造成一個全球文化品牌。",
        "在設施升級方面，BSE投入了1億美元的五年改造計劃。這個計劃不僅包括更新巴克萊中心的硬體設施，如安裝新的顯示屏和音響系統，優化座位布局，還包括創造更多的社交空間和互動區域。他們的目標是讓觀眾在比賽之外，也能找到更多停留和互動的理由。",
        "即將推出的布魯克林葡萄酒俱樂部，則是BSE針對高端市場的又一次嘗試。這個俱樂部將為會員提供精選葡萄酒品鑒、專業課程和社交活動，展現了BSE的深度佈局。",
        "布魯克林的發展潛力令人矚目。2023年的數據顯示，在造訪紐約的6300萬遊客中，約有1500萬人到訪布魯克林。這個數字背後代表的是布魯克林有作為文化旅遊目的地的巨大潛力。然而，Zussman深知，要實現永續發展，光有遊客還不夠，更重要的是要與本地社區建立深度連結。",
        "BSE的社區融合策略體現在多個層面。首先是對歷史文化的尊重與傳承。他們投資了布魯克林派拉蒙劇院的重建項目，這座擁有近百年歷史的劇院不僅是一處表演場所，更是布魯克林文化的重要象徵。通過保護和活化這樣的文化地標，BSE展現了對社區價值的認同。",
        "其次是創造就業機會和經濟價值。BSE的發展計劃將為布魯克林帶來大量就業機會，從餐飲服務到活動籌備，從市場營銷到設施維護，都需要大量專業人才。這些工作機會不僅能促進當地就業，也能培養出一批了解當地文化、熟悉運營管理的專業人才。",
        "在數位化時代，BSE也在積極擁抱新技術。他們正在開發新一代的球迷互動平台，運用AR/VR技術提升現場觀賽體驗，通過大數據分析優化運營決策。這些技術創新不僅能提升觀眾體驗，還能幫助BSE更好地了解用戶需求，提供個性化服務。",
        "例如，他們計劃推出的手機應用程序將整合票務、餐飲、購物等多種功能，讓用戶能夠一鍵完成所有服務預訂。通過收集和分析用戶數據，BSE可以為不同群體提供定制化的活動推薦和優惠方案，提高用戶黏著度。",
        "在追求成功的同時，BSE也沒有忽視社會責任。他們在巴克萊中心採用了多項環保措施，包括安裝太陽能板、使用可再生能源、推行垃圾分類等。這些舉措不僅能降低營運成本，也展現了企業對環境保護的承諾。",
        "同時，BSE還通過各種公益項目回饋社區。他們與當地學校合作開展體育教育項目，為青少年提供籃球訓練機會；與社區組織合作舉辦文化活動，支持本地藝術家的發展；定期組織義工服務，幫助需要幫助的社區居民。",
        "布魯克林籃網的轉型之路，代表了現代體育產業的發展方向。在這個數位化、體驗至上的時代，純粹的體育比賽已經無法滿足觀眾的全方位需求。成功的體育品牌必須能夠提供豐富的體驗，創造情感連結，融入人們的生活方式。",
        "BSE Global的創新實踐為體育產業的未來發展提供了一個值得借鑒的模式，他們不再將自己定位為一個單純的體育機構，而是一個綜合性的娛樂平台。通過整合各種資源，創造多元化的收入來源，實現永續發展。",
        "更重要的是，他們展示了體育組織如何能夠成為推動城市發展、促進文化交流的力量。在布魯克林這片充滿活力的土地上，籃網正在書寫著一個關於體育、文化、社區共生共榮的新故事。",
        "正如Zussman所說：「我們希望當人們離開這裡時，能說『今天真是過得很愉快』。」這個簡單的願望背後，是對體育產業未來的深刻思考，是對城市生活方式的重新定義，更是對一個更具包容性、更富活力的布魯克林的美好期許。",
        "布魯克林籃網的重生之路不僅是一個球團轉型的故事，更是一個關於如何在現代社會重新定義體育文化的啟示。它告訴我們，體育不應該是一個獨立的領域，而應該成為連接人與人、連接文化與生活的橋樑。通過這種方式，籃網不僅能夠贏得比賽，更能贏得人心，真正成為布魯克林引以為傲的文化圖騰。",
        "參考來源："
    ]
}