{
    "id": "115577",
    "title": "NBA》無限期缺陣？談Paolo Banchero缺陣對魔術的影響",
    "date": "2024/11/01",
    "topic": "籃球",
    "author_name": "業餘魔術師",
    "tags": [
        "奧蘭多魔術",
        "Orlandomagic",
        "Paolo Banchero"
    ],
    "article-content": [
        "才剛繳出單場50分準大三元的表現，Paolo Banchero卻在台灣時間11月1日傳出因右斜肌撕裂(diagnosed with torn right oblique)而將無限期缺陣的消息，暫時沒有回歸時間預定，歸期將視治療效果而定，並將在4到6週後進行重新評估，而這對魔術來說無疑是一大打擊。",
        "對魔術來說，缺少Banchero的影響不必多言，他毫無疑問已是魔術的看板球星，也是魔術陣中最為重要的持球點，除了握有全隊最多的出手權外，場均29.0分8.8籃板5.6助攻的數據缺口，也不是魔術能輕易填補上的，場上的戰術設定也會有大幅的調整，球隊將會面臨相當大的變動。",
        "但任何球隊面臨當家球星缺陣都會有此問題，對魔術來說，發生在現在這個時間點可說是幸又不幸，幸運的原因是現在還在季初第二週，離關鍵的季後賽還相當遠，Banchero也並非確定將整季報銷，尚有等到他傷癒復出的可能性，不需悲觀的認定他一定回不來，球迷們依舊可以抱著一絲希望。",
        "不幸的原因則在於目前球隊正是最仰賴Banchero的時候，魔術目前正處於傷病潮當中，另一名核心Franz Wagner與新秀Tristan da Silva皆受生病影響，前者雖仍有出賽，但已連續兩場上場時間皆遠低於常態，加上也不能要求抱病上場的他多有表現，不能看做正常戰力，後者原本更就不在輪替當中，基本可視為戰力外。",
        "此外Goga Bitadze也受左腳傷勢所苦而缺賽中，Jonathan Isaac也才剛從傷病中回歸，短期內難以負擔過多上場時間，導致魔術在四號位或者說具備足夠厚度的前鋒上，是接近中空的，僅剩Banchero一人苦苦支撐，但現在Banchero也倒了，魔術在側翼深度上有不小的問題，將被迫作出不少調整。",
        "筆者就以最慘的情況，也就是上述三位傷兵依舊戰力外的情況下來做設想，魔術很可能需要大量啟用Jett Howard來幫助填補側翼空缺，已被打入板凳深處的Caleb Houstan也會需要幫忙分擔時間，但這兩人的身體對抗性皆不足，防守端難以勝任四號位的禁區對抗任務，進攻定位也高度侷限在外線接應，缺乏能幫忙分擔持球的能力，因此剛回歸的Jonathan Isaac也需要快速進入狀況才行，魔術需要他大量的吃下上場時間，以填補側翼高度。",
        "上述的情況最為痛苦的是，就算Jett Howard與Caleb Houstan能繳出最佳表現，Jonathan Isaac也發揮影響力，魔術的場上戰力依舊是相當慘澹，能稍微依靠的持球者僅剩Jalen Suggs與Anthony Black，而他們也都還有許多需要證明自己的地方，現在就將球隊完全交給他們兩人支撐，是非常不現實的。",
        "所以筆者認為，Franz Wagner的回歸將是對魔術最至關重要的事，同時缺少兩位核心的魔術對上聯盟中大多的球隊都沒有一戰之力，更別提守住戰績等待Banchero回歸了，魔術要還有Franz Wagner在手上才有討論下一步的能力，幸好Franz Wagner只是生病，隨時有可能回歸，只希望近期的勉強上場代表的是他病情並不嚴重，而不會反倒造成負擔。",
        "若Franz Wagner與Tristan da Silva皆能快速回歸，魔術就還有一戰之力，而對原先目標在於追求季後賽主場優勢的魔術來說，直接宣告放棄球季顯然是不可能的，Banchero又尚未宣告整季報銷，球隊中也還有Franz Wagner帶領其他球員，固然戰力大打折扣，但依舊有且戰且走的選擇，一邊努力爭取勝場數，一邊等待4到6週後的診斷結果，再看到時Banchero的狀況究竟如何，以決定球隊的後續走向，這應是魔術最有可能走的路線。",
        "而在這期間，除了前述的Jett Howard高機率得到更多出賽空間外，Tristan da Silva能否把握機會一展長才，也將是一大看點，畢竟屆時魔術將會多出許多進攻球權，而側翼小將中最具持球能力的他將有機會得到不同於以往的大量發揮空間，選前就被看好能成為全能側翼的他，若能把握住機會，不只對他個人，對球隊來說也將是一大收穫，也能幫助魔術度過這段缺兵少將的時期。",
        "而從場上配置與戰術調整來說，魔術可能會讓Wendell Carter Jr.重回高位，並更多的與Franz Wagner等球員配合擋拆，擔綱更多戰術運轉的任務，同時球隊的外圍運轉也會更加被強調，球隊將會更多的需要外圍射手們能給予火力支援，以各種方式來盡可能減少Banchero缺陣的影響，再看教練團實際上會如何調整。",
        "總結來說，對魔術而言Banchero的缺陣肯定是不小的打擊，讓球隊原先制定好的方向被瞬間打亂，但球迷們也不必過度悲觀，Banchero尚未確定本季報銷，而在等待傷勢評估結果出來前，魔術的首要之急是讓Franz Wagner能早日回歸賽場，在有他撐住局面的情況下，魔術才有且戰且走的空間，而新秀Tristan da Silva能否把握這段球隊戰力青黃不接的時期竄起表現，也是一大關鍵。",
        "祝Banchero早日康復，傷病遠離。",
        "Pic From SI",
        "個人看法，歡迎留言討論。"
    ]
}