{
    "id": "115521",
    "title": "NBA》Nikola Jokić再演大三元  金塊延長賽險勝籃網",
    "date": "2024/10/30",
    "topic": "籃球",
    "author_name": "運動視界編輯",
    "tags": [
        "布魯克林籃網",
        "丹佛金塊",
        "Russellwestbrook",
        "NikolaJokic"
    ],
    "article-content": [
        "本季開季走的有點顛簸，金塊今天作客籃網再次面對苦戰，王牌中鋒Nikola Jokić扮演致勝功臣，先是在正規賽最後8.8秒低位單打追平戰局，延長賽再成為金塊取得領先的關鍵，全場攻下29分、18籃板、16助攻，本季第二度完成「大三元」，才辛苦幫助金塊搶下勝利。",
        "運動視界／Getty Images",
        "2023年Jokić率領金塊奪下總冠軍，上季則是近四年個人第三次拿下年度MVP，個人地位毋庸置疑，然而金塊卻在季後賽第二輪不敵灰狼，衛冕夢碎，各界紛紛認為奪冠後在季外失去重要替補Bruce Brown，以至於替補戰力下滑是最大主因，今年休賽季金塊並未大手筆補強，反而又失去先發側翼Kentavious Caldwell-Pope，固然頂替上場的Christian Braun表現不差，卻等於又削弱了原本已經被認為薄弱的替補。而抵新加入的Russell Westbrook在前兩場表現低迷，更讓外界認為金塊本季的板凳就是最大痛腳。",
        "此戰過程同樣讓人擔憂金塊，季前籃網出清Mikal Bridges，顯然是邁入重建的球隊，但金塊卻在第一節就被籃網轟炸，Dennis Schroder單節3記三分球帶動全隊極為流暢的攻勢，首節命中率近七成，傳出13次助攻，轟下本季目前全隊單節最多的40分，讓金塊首節還夠水準的五成命中率還得陷入兩位數落後。第二節籃網稍微降溫，但還是從替補的Ziaire Williams銜接回先發球員手上，Cam Johnson單節3記三分球，把Michael Porter Jr.的三記外線抵銷，只被金塊追回四分，籃網上半場以72：63領先，72分也是球隊本季半場得分最多。",
        "第三節金塊總算展開追分，Aaron Gordon、Jamal Murray和Braun連投帶罰，Westbrook也在替補登場後有所貢獻，兩度追至只差一分，卻都被籃網小將Jalen Wilson以三分球回應，靠Wilson和Nic Claxton的進帳，幫助籃網在第三節結束時還保持領先。但金塊總算在第四節一開始就靠Peyton Watson三分球追平比數，Westbrook連投帶罰取得領先，但籃網也在Schroder、Williams、Cam Thomas等人的火力挹注下再度超前，雙方一路以一個球權的差距糾纏至尾聲，最後24秒籃網領先一分，Dorian Finney-Smith站上罰球線，但他兩罰只中一，才給了金塊可以只靠Jokić單打就追平的機會，DFS槍響前的三分球出手沒進，雙方進入延長賽。",
        "延長賽Thomas先幫籃網開張，但Jokić很快自己連拿四分、又助攻給MPJ得分，自此金塊沒有再落後過，甚至一直以兩個球權的領先優勢穩穩走到最後，終場金塊144：139力克籃網，開季四場戰績2勝2敗。",
        "運動視界／Getty Images",
        "金塊除Jokić外，另有五人得分兩位數，Gordon和Murray各有24分，Westbrook則擺脫開季前三戰的低迷，攻下自今年2月2日以來單場最高的22分，MPJ和Braun各有16、12分，金塊此戰得分、團隊命中率0.517、三分球命中率0.481、13顆三分球、31次助攻都寫下本季單場最佳，總算拿出像樣的火力奪勝。籃網則以Schroder的28分、14助攻最佳，Thomas支援26分，射手Johnson以六記外線進帳20分、7籃板，Claxton替補上場也貢獻16分、12籃板，Williams得到18分，Wilson則有11分、6籃板。",
        "Jokić繼開幕戰對雷霆後，本季第二度繳出大三元，同時也是生涯第132場大三元，仍然位居史上第四，和第三的Magic Johnson只差6場，本季至今四戰Jokić表現亮眼，開幕戰和今天完成大三元，另外兩場則是得分飆破40，可見為了扛起目前球隊的戰力，這位三度MVP得主已經早早火力全開。",
        "只是，金塊本季已先續約Gordon，目標仍然是維持核心戰力、希望能在季後賽競爭，開季四戰下來團隊板凳火力完全仰賴Westbrook的發揮，其餘年輕球員尚未成長至能銜接戰力的程度，目前看起來還是會讓人擔憂在季後賽能發揮多少作用。",
        "【編輯 張正邦】"
    ]
}