{
    "id": "115534",
    "title": "《2024-25 NBA 專題》我好奇他會打怎樣的球員：西北組",
    "date": "2024/10/31",
    "topic": "籃球",
    "author_name": "AhUtopian/烏托邦/余大",
    "tags": [
        "DarioŠarić",
        "LauriMarkkanen",
        "JohnCollins",
        "西北組",
        "DeniAvdija",
        "LuguentzDort",
        "DonteDiVicenzo",
        "每隊一個會好奇他能打怎樣的球員"
    ],
    "article-content": [
        "這系列文章，我會在開季前，扣除掉芝加哥公牛隊以外的球隊，每隊選一個我對於他本季發展或表現特別好奇的球員，也希望自己會後續追蹤，將這專題做成系列文；那在選擇球員上面，我會盡量避開明星球員跟新秀，而盡量挑些，自己感受上覺得比較有意思的球員。",
        "而這系列也來到了最後一組西北組，也就是選出的 29 位球員都將被公布出來，那這系列則會持續跟蹤這 29 位球員本季的狀況，包含近況更新、也會利用這些球員跟公牛對戰的內容作些深度一些的觀察。",
        "亞特蘭大老鷹 Dyson Daniels",
        "華盛頓巫師 Corey Kispert",
        "奧蘭多魔術 Cole Anthony",
        "邁阿密熱火 Haywood Highsmith",
        "夏洛特黃蜂 Tre Mann",
        "在 2018 年首輪第 17 順位被密爾瓦基公鹿選進的 Donte DiVincenzo ，應該不太需要再補充來自於哪所大學，在生涯第三年成為公鹿整季 66 場的先發球員、也跟著公鹿拿到總冠軍，應該要成為公鹿未來重要的犄角，卻在隔季被交易到沙加緬度國王。",
        "在國王打了算挺稱職的半個球季，新人約完，成為自由球員後，雖然國王球迷蠻希望 DiVincenzo 能夠留下，但他到了剛拿下總冠軍的金州勇士，也算挺融入勇士那負責的攻防系統，還在季後賽對決跟淘汰了那季終於時隔多年重返季後賽的國王。",
        "打了一個球季後，在 Jalen Brunson 跟 Josh Hart 的邀請下，前往紐約尼克，打出生涯年以及一個讓大家牢牢記得自己的球季，然後尼克季外又交易來了 Mikal Bridges ， Villanova 校友幫看起來正要譜出新的故事篇章時，隨著未能留下 Isaiah Hartenstein 、 Mitchell Robinson 的傷勢以及沒能做出其他禁區補強，在一個沒想過的時間點， DiVincenzo 被交易到明尼蘇達灰狼。",
        "每一個 DiVincenzo 待過的球隊，即使球隊當時在他身上所需要的功能跟角色都還是略有不同，但 DiVincenzo 適應跟得到的評價都很好，特別是在尼克的後半季傷兵滿盈時，明星賽後單場可以拿下 19.3 、 4.4 籃板跟 3.1 助攻，讓 DiVincenzo 從一個好的多功能輪替球員，證明自己可以是個優秀的先發。",
        "只是， DiVincenzo 也會希望自己可以在更穩定的角色上，接續地成長跟擴大，而不是得重頭再來一次， DiVincenzo 剩餘還有三年非常物美價廉的合約來，這次會被看到的是物美價廉所以可以自用送禮兩相宜，還是因為可以繼續合作三年，讓 DiVincenzo 有機會成為跟著灰狼、 Anthony Edwards 一起走的夥伴呢？",
        "曼菲斯灰熊 Santi Aldama",
        "紐奧良鵜鶘 Javonte Green",
        "休士頓火箭 Tari Eason",
        "聖安東尼奧馬刺 Tre Jones",
        "達拉斯小牛 Quentin Grimes",
        "跟 Shai Gilgeous-Alxander 一樣，都是目前待在奧克拉荷馬雷霆最久的 Luguentz Dort ，照理說 Dort 在雷霆能做、會做的事情，好像都差不多定型了，而且 Dort 這一路自己逆練上來，跟著這隻雷霆一起成長，有什麼值得好奇的呢？",
        "因為 Alex Caruso 的到來，以及 SGA 這幾季豎立領袖的地位，還有雷霆這幾季一些新人的養成效果，將 Dort 過去許多在雷霆不可或缺的功能跟價值給分配掉，會不會讓雷霆跟 Dort 之間的關係發生變化呢？",
        "不，我並不是說 Dort 會很在意上場時間、球權，但是當 Dort 現在拿的薪水，對應到他那些被分配後剩下的上場時間跟價值，那會被用另外的標準來檢視，尤其當雷霆透過爭搶 Isaiah Hartenstein 正式進入奪冠窗口期。",
        "當然，另一個方面來說，也可能是 Dort 會不會首次從一些只有自己能做的事情中解放，讓 Dort 有更多創造新價值的餘裕跟空間呢？",
        "克里夫蘭騎士 Dean Wade",
        "底特律活塞 Paul Reed",
        "印地安納溜馬 James Wiseman",
        "密爾瓦基公鹿 Gary Trent Jr.",
        "把時間回到 2016-17 賽季，那年丹佛金塊在交易大限，把 Jusuf Nurkic 交易到波特蘭拓荒者，確立了以 Nikola Jokic 為核心建隊；而這幾年一直跟 Jokic 在 MVP 獎項互相競奪的 Joel Embiid 也正式參與 NBA 賽事，費城 76 人的 Trust The Process 也在那年新人王票選，一口氣擁有第二高票跟第三高票的新秀，彷彿來到尾聲。",
        "只是，排名第二的不是 Embiid ，是這季來到金塊的 Dario Saric ；技術上來說也算是回到娘家，怎麼說呢？",
        "當時 76 人在 2014 年選到 Saric 的選秀權，是一開始在紐約尼克手上，在 Carmelo Anthony 交易中被送到金塊。",
        "然後在那個涉及 Andre Iguodala 來到金塊、 Dwight Howard 去洛杉磯湖人、 Andre Bynum 到 76 人以及 Nikola Vucevic 到奧蘭多魔術的交易案中，被送到了魔術，再由 76 人在 2014 年選秀會上跟魔術交易過來。",
        "而回到球員身上，當你說到一個來自巴爾幹半島的歐洲禁區長人，有很好的球賽智慧，有外線、也能做禁區進攻、組織、運球，這些詞彙除了用在 Jokic 身上外，也都可以用在 Saric 身上。",
        "在跟 Embiid 配合兩個看起來希望無窮的球季後，在 2018-19 球季，為了 Jimmy Butler ， Saric 被當成籌碼交易到上季淘汰金塊的明尼蘇達灰狼；接著，為了灰狼想要選的 Jarrett Culver ， Saric 跟 Caremon Johnson 的選秀權被交易到鳳凰城太陽，到了太陽一開始也是擔任先發為主。",
        "但在 2021-22 因為受傷整季缺賽後， Saric 被定為成替補中鋒，從太陽、到了同在西北組的奧克拉荷馬雷霆，上季又到金州勇士。",
        "而跟金塊以稅後中產簽下兩年合約的 Saric ，不只是這個價碼內，很可能是全 NBA 非先發中鋒的價碼中，想像起來能夠銜接 Jokic 的進攻體系最好的人選；轉眼也來到 30 歲的 Saric ，繞了一大圈來到曾經擁有過自己選秀權的金塊，能夠利用這個機會為自己未曾真正巔峰的生涯，寫下什麼註腳呢？",
        "洛杉磯湖人 Rui Hachimura",
        "洛杉磯快艇 Kevin Porter Jr.",
        "金州勇士 Kyle Anderson",
        "鳳凰城太陽 Tyus Jones",
        "沙加緬度國王 Kevin Huerter",
        "當 John Collins 在 2018 、 2019 兩個球季都打出將近 20-10 、進攻有裡有外的身手時，以 2017 年首輪第 19 順位選進 Collins 的亞特蘭大老鷹，被認為成功地在選秀上，從 Taurean Prince 、 Collins 一直到 Trae Young 跟 Kevin Huerter ，連續透過選秀補進骨幹。",
        "然而，當老鷹在 2020-21 賽季開始認真競爭，包含交易來 Clint Capela 、簽下 Bogdan Bogdanovic 後，在那一季驚奇打進東區冠軍賽的老鷹，發現相較於可以與 Young 有穩定配合模式的 Capela ， Collins 本來的可裡可外在空間跟球權被 Capela 分去後，好像有點走樣。",
        "還沒來得及進一步驗證，就面臨 Collins 新人約到期的老鷹，先簽下了 5 年 125M 的大約，然後常常故事就是從這樣不得不的決定下走樣，在 2023 年夏天， Collins 被交易到猶他爵士，但交易包裹顯現出來對於 Collins 的評價，對老鷹來說在乎他佔去的薪資空間比起實際在場上的貢獻更多。",
        "在當下，除了兩件事，陣中已經有 Lauri Markkanen 、 Kelly Olynyk 、 Walker Kesseler 以及剛被選進的 Taylor Hendirks 這樣多禁區球員的爵士對 Collins 看不太到太多重生的希望。",
        "哪兩件事？一個是爵士的總教練 Will Hardy ；一個是總管 Danny Ainge 。",
        "前者是因為擔任總教練執教功力備受好評，所以也許有機會幫 Collins 找出使用方法；後者，則是在交易跟球隊經營上的性格，感覺怎樣也會試著較 Hardy 把 Collins 用出個交易價值。",
        "確實，在 2023-24 球季， Collins 在數據呈現上有稍微打回來，單場可以拿下 15.1 分 、 8.5 籃板，命中率也分別回到 53.2% 、 37.1% 。",
        "但考慮到這季爵士已經跟 Markkanen 提前續下大約，球季結束後， Collins 則會來到合約最後一年、但卻享有 Player Option ，而 Kessler 也將進到新人約的最後一年，在這些薪資結構因素的交錯下， Ainge 會希望 Collins 打出怎樣的成績，就是讓我好奇的地方。",
        "而對於來到生涯第 8 年、 27 歲的 Collins 來說，也將是自己球員生涯定位的一個關鍵分水嶺。",
        "波士頓塞爾提克 Sam Hauser",
        "布魯克林籃網 Cameron Johnson",
        "多倫多暴龍 Davion Mitchell",
        "費城 76 人 Guerschon Yabusele",
        "紐約尼克 Precious Achiuwa",
        "在 2020 年、那個在 LaMelo Ball 之後，所有前段順位被選上的球員，都難免曾經會以「比起第 12 順位的 Tyrese Haliburton 早幾個順位被選到」這樣方式稱呼的選秀會， Deni Avdija 以第 9 順位被華盛頓巫師選到，在當年的選秀會中，來自以色列的 Avdija 其實很常被認為是除了前三順位以外的下面一位。",
        "新人第一年，在 Russell Westbrook 跟 Bradley Beal 的衝刺下，巫師打進季後賽，然後就開始了巫師的新陳代謝，當上一季交易大限 Daniel Gafford 也被交易走時，雖然已經完成提前續約、但名義上還在新人約第四年的 Avdija ，成為了待在巫師最久的球員。",
        "而 Avdija 也對應著，拿出了生涯最佳的表現，不只是隨著上場時間跟球權增加的累積數據，在投籃命中率、三分球命中率也來到生涯最佳，這也讓 Avdija 跟巫師在 2023 年 10 月提前續約的 4 年 55M 合約，看起來成為一張超級划算的合約。",
        "也許當 Avdija 還在想著要怎麼待在巫師最資深的球員，作為領袖、以身作則帶領巫師年輕球員展開艱辛的重建成長之路時， Avdija 被交易到了波特蘭拓荒者。",
        "這支球隊，同時有著 Jerami Grant 、 Deandre Ayton 這些季後賽走到很後面過、領取高薪的，又或著 Anfernee Simons 、 Shaedon Sharpe 這些從 Damian Lillard 還在時就當作次世代來培養的，又或是 Scoot Henderson 本來以為眾望所歸、第一季卻讓人失望的曾經少主。",
        "Avdija 會怎樣去認知自己在這個球隊中扮演的角色？而拓荒者是單純地發現一筆划算的交易，先搶先贏將資產轉化，還是真的有看到 Avdija 在球隊未來的影廓？"
    ]
}