{
    "id": "115640",
    "title": "《2024-25 NBA 專題》我好奇他會打怎樣的球員：季初毒奶五人組",
    "date": "2024/11/05",
    "topic": "籃球",
    "author_name": "AhUtopian/烏托邦/余大",
    "tags": [
        "DarioŠarić",
        "QuentinGrimes",
        "JamesWiseman",
        "ColeAnthony",
        "球員定位",
        "每隊一個會好奇他能打怎樣的球員",
        "PaulReed",
        "NBA球員觀察",
        "球員交易熱門人選"
    ],
    "article-content": [
        "當初選出各隊 29 位好奇的球員，都各自有其好奇因素，那當中有些是正面期待、有些是帶著不安疑慮，在熱身賽到開季，那些期待跟不安，是不是如同當初所敘述的發酵了呢？",
        "我們先找出四個，開季迄今，那些不安因素發酵、就當作是被我毒奶到的球員，來後續追蹤，包含：",
        "印地安納溜馬 James Wiseman",
        "奧蘭多魔術 Cole Anthony",
        "達拉斯小牛 Quentin Grimes",
        "底特律活塞 Paul Reed",
        "丹佛金塊 Dario Saric",
        "如果不是溜馬這幾年的球風以及 Carlisle 的執教，應該不太會有人還期待 Wiseman 有什麼機會發揮天賦；但反過來說，如果連溜馬也無法拯救 Wiseman 的生涯，大概也想不到還有什麼地方可以了。",
        "在熱身賽表現尚可，能在 12.8 分鐘內用 70% 投籃命中率，拿下 8.5 分、 5.8 籃板，嗯，雖然罰球命中率是 0 ，攻防效率值 +9.0 的 Wiseman ，在例行賽第一場對上上季東家底特律活塞的比賽，就不幸遇到阿基里斯腱斷裂的運動傷害，整季報銷。",
        "Wiseman 與溜馬的合約是兩年，但第二年是 Team Option ；這已經是他受到第二次整季報銷的傷勢。",
        "對於溜馬來說，在本季走了 Jalen Smith 後，禁區的絕對高度在 Myles Turner 之後就是 Wiseman ，跟 Wiseman 簽下兩年合約，即使第二年是 Team Option ，但也代表仍有一絲期待。",
        "在奧蘭多魔術當中，對於他能從過去幾年後衛的競爭當中，至少在新人約之後還拿到份不錯的合約有點意外，然後幾次和芝加哥公牛的對戰，也對於在一些魔術進攻打不開膠著時刻、魔術會讓他主導進攻把球打進，感到有點突兀跟意外。",
        "畢竟，乃至於他數據上的表現來說，尤其是三分線、助攻失誤比這些後衛傳統上會被檢視的指標，並沒有特別出色，以及魔術並不是沒有其他後衛這些點來說，他能夠看起來有個被確認的地位這個結果，是挺好奇的。",
        "如果單純地看後衛線上的競爭，沒有繼續留下上季上場時間平均 21.2 分鐘的 Markelle Fultz ，季外補強也沒有特別補控球後衛的奧蘭多魔術，對於已經進入新約的 Cole Anthony 會有更多的使用空間。",
        "然而， Anthony 在熱身賽只平均上場 12.7 分鐘、例行賽也只有 14.0 分鐘，都是生涯最低，上季首輪第 6 順位選進來的另一個 Anthony － Anthony Black ，非常合理地上場時間從 16.9 分鐘上升到 25.0 分鐘，當然是個關鍵。",
        "另外一個，當Paolo Banchero 本季顯然在單打破壞力上更上一層樓，跟 Jalen Suggs 也重新從防守端、逐步建立起自己當必須單打進攻的把握度時， Anthony 前幾年在球隊進攻陷入僵局時，硬打硬解的角色跟責任就被削去了。",
        "不過，就在發文時發生了 Banchero 腹部受傷要缺賽數周的事故，這當然會讓魔術需要用很多方法，來試圖填上 Banchero 在進攻端的輸出；但反過來說，如果連這段期間，魔術都沒有打算放給 Anthony ，那 Anthony 的名字出現在交易傳聞也不是太遠的事情。",
        "塞翁失馬、焉知非福，交易價值直直落的他，在達拉斯小牛清出 Tim Hardaway Jr. 薪資的交易案中，反倒被交易到小牛，而小牛本來擔當這個角色的 Josh Green ，則被送到夏洛特黃蜂， Derrick Jones Jr. 也談約未成、跑到洛杉磯快艇。",
        "來到新人約最後一年的 Grimes ，一個蘿蔔一個坑地來到了去年的西區冠軍、剛好就有那麼個適合的位置，而回想 Grimes 打出名堂的那年，也就是一位來自這個球隊的球員，加入尼克所發生的巨大變化。",
        "在日前並沒有跟達拉斯小牛完成提前續約的 Quentin Grimes ，將會在這個球季打完後走完新人合約、成為受限制的自由球員，所以看起來應該就是要利用這個球季把身價打出來。",
        "不過，目前看起來不太妙，在熱身賽其實被給予不少上場時間、每場 20.0 分鐘的 Grimes ，卻只繳出了 38.7% 的投籃命中率跟 25.0% 的三分命中率，也因此來到例行賽後，上場時間又被減少到只有 11.2 分鐘，投籃命中率又更下滑到只有 31.3% 。",
        "當然，在對上小牛隊上季西區冠軍戰對手明尼蘇達灰狼、以 120-114 勝出的比賽中， Grimes 的三分 5 投 3 中算是蠻重要的貢獻，但似乎還不足以贏得總教練 Jason Kidd 對自己的信任。",
        "除了不可預期的傷病之外，可預期的，當逐漸確保季後賽資格的路上，小牛隊應該會讓 Klay Thompson 在球季當中有一定的休息時間，來保留體力，那屆時會有些上場時間讓 Grimes 再去爭取。",
        "但陣中還有著 Naji Marshall 、 Jaden Hardy 、 Spencer Dinwiddie 也都在等著爭取機會， Grimes 還是先必須在有限的機會內證明自己。",
        "有著龐大薪資空間的活塞，選擇用宣告承接原本 7.7M 合約的方式，讓 Reed 還沒成為自由球員就來到活塞，就是這一個很特別、來到活塞的方式，讓我選擇 Reed 來討論。",
        "生涯前四年，如果需要打上先發時， Reed 能在 25.7 分鐘的上場時間，繳出 10.4 分、 7.6 籃板 、 1.4 次火鍋，然後 53.1% 的命中率；禁區有了 Jaren Duren 、 Isaiah Stewart 的活塞，只是為了填薪資、增加便於交易的合約，還是對於 Reed 真有些想法呢？",
        "過去幾季，被認為是替補中鋒群內相對稱職的 Paul Reed ，在底特律活塞，不管從熱身賽出賽 5 場，平均上場只有 11 分鐘，然後命中率只有 26.1% ，或是例行賽開賽至今 6 場，只有 2 場出賽、而且總出賽時間只有 14 分鐘來看，都不是往好的方向發展。",
        "不過，還有些轉機。",
        "一個是活塞有可能是想先讓合約金額包含今年 4 年 60M ，比起 Reed 的 2 年 15M 多大很多的 Isaiah Stewart ，先給予上場時間打出身價，然後將 Stewart 交易掉、再來重用比較划算的 Reed 。",
        "另外一個可能，是活塞看準一定會有這個價格、等級的中鋒交易市場，而且已經有持續在接洽的球隊，因此盡量讓 Reed 保持健康，特別是轉眼看看開季前就知道已經缺乏中鋒的紐奧良鵜鶘、開季後連續倒下兩個替補中鋒的印地安那溜馬。",
        "當你說到一個來自巴爾幹半島的歐洲禁區長人，有很好的球賽智慧，有外線、也能做禁區進攻、組織、運球，這些詞彙除了用在 Jokic 身上外，也都可以用在 Saric 身上。",
        "跟金塊以稅後中產簽下兩年合約的 Saric ，不只是這個價碼內，很可能是全 NBA 非先發中鋒的價碼中，想像起來能夠銜接 Jokic 的進攻體系最好的人選；轉眼也來到 30 歲的 Saric ，繞了一大圈來到曾經擁有過自己選秀權的金塊，能夠利用這個機會為自己未曾真正巔峰的生涯，寫下什麼註腳呢？",
        "Dario Saric 在熱身賽，還能上場 15.4 分鐘，用 53.6% 的命中率拿下 8.0 分、 4.6 籃板、 2.0 助攻，雖然三分外線狀況很糟，但對於作為 Nikola Jokic 的替補中鋒，協助運作丹佛金塊的進攻，看起來有些眉目。",
        "是這樣沒錯的吧？",
        "到了開季，上場只有 8.8 分鐘、投籃命中率跌到 16.7 % ；當然也不只是 Saric ，金塊隊在開季也走得顛頗，只是在這當中， Saric 更顯得跌跌撞撞。",
        "到底 Saric 的投籃命中率怎麼如此之低？",
        "扣掉就是被放大大空檔、沒投進的三分球，那些 Saric 的切入、鉤射、單打腳步，說真的以他目前的身高、敏捷度看起來，活生生地就是低速簡配版的 Jokic ；那些我們認為 Saric 跟 Jokic 相似功能重疊之處，反而變成對手針對 Jokic 的防守策略，幾乎不太需要特別為Saric 做什麼改變。"
    ]
}