{
    "id": "115619",
    "title": "籃網主場不敵活塞 第四節低迷成致命傷",
    "date": "2024/11/04",
    "topic": "籃球",
    "author_name": "伯特",
    "tags": [
        "布魯克林籃網",
        "底特律活塞"
    ],
    "article-content": [
        "布魯克林籃網帶著3勝3負的不錯開局迎戰底特律活塞。雖然Ben Simmons順利解除傷病疑慮得以出戰，但球隊仍未能延續對灰熊和公牛的勝利態勢。季初的表現曾讓不少球迷憧憬季後賽可能，但這場比賽卻為球隊帶來當頭棒喝。",
        "比賽復盤",
        "一開場Cam Johnson就火力全開，包辦籃網前10分中的8分。但活塞很快就找到反擊方式，不僅投進4記三分回應，由於Claxton未能先發，活塞靠者更為明顯的內線身材優勢在籃板球上以13-6佔優。籃網遇到了本賽季首個在拼搶積極性上旗鼓相當的對手。每當他們撲搶地板球時，總能看到活塞球員的身影，而且對方也以同樣的強度回應籃網的壓迫防守。",
        "第二節籃網展現出不同面貌。Claxton與Schröder的擋拆配合逐漸發揮威力，製造了一些輕鬆的得分機會。防守端在鞏固籃板球方面的表現也有所提升。活塞在這一節開始近4分鐘都未能搶到籃板，籃網則靠著更積極的拚搶態度，成功以57-52的優勢進入半場。",
        "第三節成為比賽的轉捩點。Johnson的手感開始冷卻，全場19投僅9中，三分球更是12投只有3中。Thomas同樣未能找到節奏，即便獲得空位機會也未能命中。雖然Finney-Smith試圖通過造犯規和關鍵三分穩定軍心，但活塞仍打出一波25-10的攻勢，徹底改寫戰局。",
        "即便活塞主力Stewart因六次犯規被逐出場，籃網依然未能把握機會。全隊投籃持續低迷，全場命中率僅45%，三分球29%，罰球63%更是慘不忍睹。Finney-Smith在比賽結束前的三分雖然將分差縮小到11分，但為時已晚，籃網最終以92-106吞下敗仗。",
        "球員表現",
        "Cam Johnson全場貢獻26分3助攻，上半場22分是本賽季籃網球員中場最高得分。這也是他職業生涯第二次在半場得到20分以上（第一次是2022年3月4日效力鳳凰城太陽時對陣紐約尼克）。但下半場表現急轉直下，最終三分球12投僅3中。防守端有不錯發揮，但進攻端的熄火對球隊影響甚大。",
        "Johnson說：「我認為我們有很多很好的出手機會。就像我說的，下半場很多都是我的投籃，我覺得我投的那七球都應該進。我不會說是因為腿部疲勞或其他原因。有時候籃球就是這樣。這些投籃都感覺很好，只是沒進而已。我們確實有很多高質量的投籃機會，只是轉化率不夠。明天還有一場比賽，我們會重新開始並改進。」",
        "Cam Thomas拿下17分和2次助攻，但全場都未能找到進攻節奏。面對Cunningham和Ivey的防守頗為吃力，同時對裁判的判罰尺度也表達不滿：「不，他們什麼特別的事都沒做。什麼都沒做。只是我今天沒投進平常能進的球。這告訴我，雖然每場比賽都會被最好的防守者盯防，但他們一直拉扯和抓人卻沒被吹判。這讓人很沮喪，因為這些動作很明顯，但裁判卻總是吹我們的犯規。這確實很令人沮喪，很難受。」",
        "Dennis Schröder連續第二場比賽表現平平，上場33分鐘僅7次出手，進攻侵略性明顯不足。雖然防守端保持積極，在最近兩場比賽中都拿到了本賽季最高的3次抄截。這是他自2022年3月效力休士頓火箭隊以來，首次在連續比賽中完成3次或以上抄截。但球隊需要他提供更多進攻火力。",
        "Ben Simmons傳球和組織端表現不錯，但進攻端過於保守。面對Duren這樣的對手時本可以更具侵略性，但更多選擇為隊友掩護和組織進攻。Jordi Fernandez賽後說道：「我希望他能出手更多，我給他的目標是一場出手10次，他必須找到一種方法來實現這個目標，他還沒有做到但我知道他可以做到，投籃出手次數需要增加，他的能力綽綽有餘。」",
        "傷病方面，Trendon Watford的左腿筋傷持續困擾球隊，而Ben Simmons預計因背靠背賽程管理缺席下一場比賽。目前擔任替補的Claxton，教練暗示未來可能重返先發陣容。籃網將於明天迎戰曼菲斯灰熊，這將是本賽季兩隊的最後一次交手。面對失利，籃網急需一場勝利來重振士氣。",
        "參考來源："
    ]
}