{
    "id": "115729",
    "title": "《漸上軌道的體系與即將來襲的挑戰》曼斐斯灰熊週報-WEEK 3",
    "date": "2024/11/11",
    "topic": "籃球",
    "author_name": "Grindcity",
    "tags": [
        "灰熊",
        "Grizzlies",
        "曼斐斯灰熊",
        "週報",
        "JaMorant",
        "MemphisGrizziles"
    ],
    "article-content": [
        "Vs Nets 104-106 (L)",
        "Vs Lakers 131-114 (W)",
        "Vs Wizards 128-104 (W)",
        ".",
        "儘管首戰面對籃網再次吞敗，但當中的比賽內容比上週那戰合理得多了，這也延續下去讓灰熊在面對有Anthony Davis缺陣的湖人和仍在塑造體系的巫師中具大量的優勢，終以2勝1負結束本週。",
        ".",
        "灰熊本週沒有太多特別突出的進攻數據，但進攻內容卻是開季至今最穩定的一週，尤其是在本週傷兵情況嚴重、調配資源有限，且外圍投射穩定性並不好的情況下，灰熊卻仍能夠藉着良好的決策能力有效地攻擊禁區，避免出現進攻低潮。",
        "當所有球員都漸漸融入新體系，清晰了解自己在場上的工作和責任，他們的表現亦隨之提升，本週灰熊多名球員都打出優秀表現，最明顯的無疑就是在體系下得益最大的Jake LaRavia，表現開始漸入佳境，讓手下的球員能各自發揮擅長之處，教練團的擬定和球員們的融入都值得稱讚。",
        ".",
        "本週灰熊場均36.4%的三分命中率蠻不錯的，但其實這是靠湖人一戰單場34投17中拉高的，另外兩場分別只有26.7%和32.6%，接應點Santi Aldama和Jaylen Wells的投射狀態沒有很穩定，尤其是前者坐擁全隊第二高的三分出手但本週卻只有6.3%的三分命中率，讓三分投射的得分轉化率降低不少。",
        "當然 其他球員本週的三分命中率其實並不差，但在缺乏持球者創造的情況下，他們就要維持高檔的三分火力，這絕對就是灰熊下週最能影響戰局的元素。",
        "本週灰熊場均17.3個失誤，9.4個來自於對方的抄截，對手場均能藉灰熊失誤得到21.4分，雖然灰熊的場均助攻數仍處於前幾水平，高傳球次數本來就很難把失誤控制在低水平，但灰熊還是需要減少一些不必要的暴傳失誤。",
        "在面對湖人一戰Ja Morant的髖部不幸受傷，經檢查後被判定為一級骨盆肌肉拉傷，將會每週評估。缺少Ja Morant拉扯防線的影響在上賽季已經顯露無遺，不同的是現在灰熊已經擁有全新的體系，能減輕對持球者的依賴，把火力分散出去發揮深度優勢，也許這是絕佳的時機測試新體系的成效，只是下週對手強度偏高，戰績可能會迎來打擊。",
        ".",
        "持續年度最佳陣容級別水平的表現，本週場均24.7分5.7籃板2封阻、附52/43/92%的三圍命中率，三巨頭唯一健康的人。",
        "Kennard的復出其實相當合時機，能在陣容欠缺的射手和控球後衛元素上作出貢獻，至少現階段Pippen Jr拉上先發後，Kennard在維持替補火力上擔任著最重要的角色。",
        "Edey在面對籃網一戰砍下個人新高的25分，本週場均15.7分9籃板2封阻，Edey在Dunker Spot走位吃餅的時機越來越成熟，接到球也懂得在尋求碰撞同時迅速起跳終結，雖然礙於容易失誤問題仍很難大幅增加球權，但Edey場均2.9個進攻籃板亦能為自己找到更多得分機會，本週投進了2記三分球也是開始適應聯盟的好徵兆。",
        ".",
        "下週首戰會先碰上拓荒者，灰熊該先把握機會拿下比賽，後三戰的湖人勇士金塊都是強硬的對手，灰熊也許需要以120%的專注盡量建立領先優勢，對於這三支擅長應付關鍵時刻的球隊，缺乏Ja Morant的灰熊不會想持續拉鋸的，避免戰績驟降是下週的目標。",
        ".",
        "------",
        "------",
        "."
    ]
}