{
    "id": "115709",
    "title": "《2024-25奧蘭多魔術週報》W3—電梯急速向下，球迷們請站穩",
    "date": "2024/11/10",
    "topic": "籃球",
    "author_name": "業餘魔術師",
    "tags": [
        "紐奧良鵜鶘",
        "奧蘭多魔術",
        "奧克拉荷馬雷霆",
        "印第安納溜馬",
        "Dallasmavericks",
        "Orlandomagic",
        "Neworleanspelicans",
        "Indianapacers",
        "達拉斯獨行俠",
        "okalahomathunders"
    ],
    "article-content": [
        "在缺少Paolo Banchero後，魔術面對的是艱難的客場四連戰，也在客場難求一勝，經歷了一段四連敗的辛苦時期，才總算在回到主場面對鵜鶘時止敗，但對手同樣也是傷兵滿營的狀況，這一時的止敗能否成為反彈的契機？魔術的未來依舊充滿考驗。",
        "在Paolo Banchero缺席的第二場比賽中，魔術整體表現雖不算糟糕，但也存在不少問題。進攻端雖然有一些精妙的配合與空檔投籃機會，防守端球員們也都盡力而為，若不考慮最終的命中率，進攻的流暢性還算不錯。然而，整場全隊的總命中率僅為33.3%，三分球準度更是低至19.5%，這樣的表現實在令人失望。若始終無法將球投進籃框，無論團隊配合再怎麼精妙，結果依然無法令人滿意。",
        "進攻端，開賽後Franz Wagner展示了極大的影響力，多次的配合顯示出他在自主進攻、無球跑動及利用身材優勢等方面的全面能力。然而，當進攻不由Franz Wagner主導時，整體表現便顯得較為乏力，主要原因在於Franz Wagner的自主進攻能力相對突出，能靠自身能力打擊防線，若改由其他球員運行，則會因進攻能力不足，改以團隊導傳外線空檔為主，依賴外線空檔三分做進攻終結手段，而魔術目前三分球準度又十分低迷，進攻成效自然不太理想。",
        "整體低迷的命中率也主導了比賽的局勢。儘管魔術隊有多次跑出空檔的機會，但多次的失手讓對方得以頻繁發動快攻。對手擁有不僅能夠直接拔起投射外線的球星，還有極具運動能力的長人，這使得魔術在快攻與運動戰中處於極大劣勢，難以阻擋對手的快攻推進，並因此失掉了大量分數，也難以建立自身的比賽節奏。",
        "隨著分差逐漸拉大，整場比賽的基調也隨之確立。筆者認為，這場比賽的結果與Paolo Banchero的缺陣關係並不算重大，禁區的防守空缺也並非最為顯著的問題。真正的問題在於整體命中率過低，缺乏強力的持球突破點也使得魔術隊不得不更依賴外線投籃，而在如此低的命中率下，自然無法有效率的得到分數，團隊的得分因此顯得捉襟見肘。",
        "在球員方面，恭喜Tristan da Silva迎來了首次先發的機會，儘管目前看來他的持球突破能力仍顯不足，外線手感也與全隊一樣冰冷。但筆者認為，隨著比賽經驗的累積，他或許能在無球跑位上發揮更多作用，尤其當手感回升時，將可能帶來不錯的表現。然而，若期待他像Franz Wagner那樣，在新秀年就迅速嶄露頭角，著實有些強人所難。",
        "最後，WCJ再次受傷缺陣，這一情況對球迷們來說已經成為常態，球隊也應該做好長期缺少他的準備。",
        "這場比賽可謂令人失望、缺乏亮點，固然是客場背靠背挑戰西區兩支強權，但球隊的表現也難以稱之為滿意。最令人沮喪的部分，大概就是球隊並未展現出任何新的戰術或策略，尤其本場是Goga Bitadze的復出首戰，球隊理應有做出新嘗試的機會，但魔術並沒有嘗試新的調整，且未能有效運用自身的優勢。對筆者而言，這場比賽的表現讓人看不到太多希望。",
        "在進攻端，雖然球隊有做到相互導傳讓球流動，但雷霆的外圍防守並不會輕易被這種程度的進攻所突破。魔術在Paolo Banchero的缺陣期間，攻擊端表現貧弱是必然的結果但魔術需要更多的去利用其他優勢，例如利用對手禁區身材較差的劣勢，讓Goga Bitadze多去衝擊禁區，以籃下進攻和隨之而來的罰球機會，製造對手犯規麻煩的同時也建立起較適合魔術的比賽節奏。",
        "尤其是在第二節，對方場上缺乏足夠的內線高度時，筆者不理解為何魔術隊不更多利用Goga Bitadze的衝擊力，嘗試更多的擋拆和內線下滑，卻反而繼續依賴外圍傳球，讓隊上持球能力不足的球員去挑戰對方的外圍防線，結果也毫無意外的未能有效打開局面。",
        "此外，魔術也並未充分利用Moe Wagner的個人攻堅能力。與其他比賽相比，本場的進攻變化性顯得較為缺乏。至於依舊慘澹的外線準度，只希望球隊回到主場後能有所改善，避免繼續重蹈覆轍。",
        "但在防守端反而有一些可圈可點的地方。Goga Bitadze的禁區防守依舊穩定不必多言，而在快攻防守方面，魔術隊也有所表現，多次通過抄截與阻擋成功遏制對方的快攻。雖然最終比分始終無法拉近，但對方的得分並未特別高，顯示出魔術隊在防守端還是有一定的抵抗力。",
        "不過，可能是因為球隊處於連敗狀態，整體氛圍較為低落，防守端的紀律性與溝通協作上出現了較多失誤，這是需要調整的地方。",
        "儘管過程有所不同，最終結果依然無法改變。魔術隊錯失了自Paolo Banchero受傷以來，最有機會贏得的比賽。前幾場的連敗已經對團隊士氣造成了不小的打擊，這場又錯失終結連敗的機會，更加令人感到可惜。",
        "比賽開場，魔術再次陷入了進攻低潮，儘管Franz Wagner早早發力，但整體團隊的低迷狀態和隨之而來的對方快攻反擊，依舊帶給魔術很大的困難，特別是在面對溜馬這支擅長快節奏比賽的隊伍時，比分差也被迅速拉大。",
        "所幸，在第二節，魔術通過出色的防守反擊成功扳回局面。魔術透過防守不斷製造對手的失誤，並且在Goga Bitadze的精彩連續阻攻下，創造了多次簡單的快攻機會，成功將比分差距縮小。",
        "然而，在防守端，筆者認為魔術仍存在一定問題，特別是對於對方小後衛的防守，經常出現被繞出禁區後輕易得分的情況。魔術後衛群，尤其是KCP，有時會在防守中未能緊跟對手，可能是出於對隊友協防的信任，或是過於堅持預設的防守區域分配，團隊的防守溝通和協防處理必須要做的更好。",
        "比賽後半段，雙方的攻防對抗愈發激烈，溜馬隊在大部分時間內保持領先。魔術的最大調整是減少對外線投籃的依賴，更多地通過持球擋拆來創造機會，並加強球員間的配合。這一策略成功製造了持球球員與下滑長人的機會，並通過從中場就開始的擋拆來拉開場上的空間，這一改變取得了不錯的成效，幫助魔術能緊咬比分。",
        "然而，在比賽末段，溜馬幾次關鍵的外線投籃對魔術而言實在過於致命，而魔術自己也有數次失誤發生，此消彼長下，比賽的結果也就此確定。",
        "在球員表現方面，Goga Bitadze的表現值得肯定。他在禁區的防守和籃下拼搏能力不僅有效彌補了魔術隊外圍防線的身材劣勢，還在二次得分方面領先對手，爭取到不少額外的得分機會。不過，他的籃下終結有時仍顯得不夠穩定，需要進一步改進。",
        "至於Tristan da Silva，本場比賽在防守端面臨了巨大的挑戰，主要負責對抗Pascal Siakam。兩人在對抗性上存在明顯差距，也讓Tristan da Silva在比賽初段吃了不少虧，但在比賽後段，尤其是在追分階段，他竟然能夠挺身而出，成功抵擋住Pascal Siakam的背框進攻，並在對抗上不落下風。這一表現超出了筆者的預期，雖然整體防守仍需磨練，但他本場的防守表現確實展現了值得期待的潛力。",
        "終於止住連敗，本場比賽面對同樣傷兵滿營的鵜鶘隊，魔術充分利用了主場優勢，並且在球員狀態逐步回升的情況下，從比賽一開始便展現出顯著的改變，成功建立了雙位數的領先優勢，展現了不一樣的團隊氣勢。",
        "比賽一開始，魔術由Franz Wagner主導進攻，而他對對方的側翼防守者來說，可說是一大噩夢，僅從身材對比來看，Franz Wagner便占據了顯著的優勢，切入突破後一個高拋投，就能輕鬆得分。首節便以70%的命中率貢獻17分，並且命中兩顆三分球，成為魔術隊的最大優勢所在。",
        "然而，魔術能夠大幅領先的根本原因，還是防守端的表現及對手多次失誤所帶來的機會。鵜鶘在比賽前半段多次出現低級失誤，這使得魔術能夠輕鬆完成抄截並發起快攻取分，加上透過其他的強勢防守表現，迅速拉開了分差。",
        "進入第二節後，魔術隊的表現開始出現下滑。雖然早早便建立起了領先優勢，但畢竟在第一節時有Franz Wagner打滿整節，為球隊提供了大量支持，也掩蓋了球隊其他球員的實際表現，隨著比賽進行，球隊會需要更多外線出手以及其他球員的參與，這也才開始考驗魔術的整體表現。",
        "而且在防守上，即使魔術在陣容完整度與身材上普遍有優勢，但對手的小後衛速度飛快，一旦有取得空間，或是成功推快節奏，還是有一定的切入、中距離破壞力，考驗著魔術球員的防守反應，進攻上也會需要有所建樹。而魔術在進攻端的成績顯然不夠好，外線成績是11投1中，一個魔術迷再熟悉不過的慘澹數據，也讓對手能稍微追回分數，魔術這邊較為亮眼的只有團隊跑位空切依舊夠積極、Jonathan Isaac高效吃餅。",
        "另外Anthony Black的球權優先級似乎有所提高，在Franz Wagner與Jalen Suggs同場時依舊能主掌球權，只是成效暫時不太理想，由他主導的回合多半以失敗收場。",
        "隨著比賽進行，Anthony Black的表現有所回升，成功利用自己的空切與突破得到分數，而在上半場Moe Wagner沒有太多表現的情況下，他也迅速在下半場調整狀態，高效砍下17分，幫助魔術隊的替補陣容取得優勢，最終順利收下勝利。",
        "本場比賽的一大亮點是Cole Anthony的上場，場上甚至出現了四位後衛的陣容。筆者認為這並非因為人手短缺，儘管Jonathan Isaac在比賽中途傷退，隊伍的輪換並未因此受到大幅影響。更像是給予Cole Anthony一次展示的機會，而他的表現也相當出色，快速高效地貢獻得分。然而，對於魔術隊來說，這樣的表現還不足以使他回歸常規輪換，更多的是增強了他的市場價值和提升了隊伍的深度。",
        "Pic from ClutchPoints",
        "個人看法，歡迎留言討論。"
    ]
}