{
    "id": "115769",
    "title": "《2024-25 芝加哥公牛例行賽戰報》G11 兩邊灌籃都放槍克里夫蘭騎士險勝繼續保持不敗",
    "date": "2024/11/13",
    "topic": "籃球",
    "author_name": "AhUtopian/烏托邦/余大",
    "tags": [
        "Chicagobulls",
        "Nikolavucevic",
        "ZachLavine",
        "DonovanMitchell",
        "CobyWhite",
        "TyJerome",
        "TalenHortonTucker",
        "PatrickWilliams",
        "joshgiddey",
        "GeorgesNiang",
        "BullsH1T",
        "華文公牛第一寫手",
        "BullsCavs",
        "DeanWade",
        "202425芝加哥公牛例行賽戰報"
    ],
    "article-content": [
        "對於這場得到本季第一次雙十的 Patrick Williams 到底為什麼會在沒人碰他、補進進攻籃板時灌籃放槍還無從解惑時，看到這場獨得 36 分的 Donovan Mitchell ，雷霆萬鈞無禁區地殺進暴扣，但球卻非常意外地彈飛時，好像也就釋懷了點。",
        "本季 11 場僅僅只第二次首節取得領先的芝加哥公牛，有著 Zach LaVine 再次整場與 Nikola Vucevic 都沉穩地引領著公牛，跟目前聯盟首位的克里夫蘭騎士有來有往，兩人合計 21/35 拿下 46 分、70 分鐘左右的上場時間正負值高達 +30 可見一斑。",
        "不過，下半場在 Coby White 幾次關鍵的判斷失誤、 Josh Giddey 半場進攻缺點被極度放大，以及騎士的新教練 Kenny Atkinson 有效以 Dean Wade 為關鍵樞紐，靈活有效搭配騎士替補陣容的情況下，最終還是以 113-119 輸給騎士；特別是 Ty Jeorme 、不管在哪隊對上公牛一向有額外加成的 Georges Niang ，兩人合計 10/19 、拿下 24 分，猶為致命。",
        "Wade 從個人數據上來看，很難看出他對於騎士的重要性，但是在賽場上， Wade 在前場三個位置都能夠做到一定程度，包含與Jarrett Allen 或是Evan Mobley 拉高身材，又或是像這場，與第二陣容搭配、擔任中鋒，都做得有模有樣。",
        "以 Wade 這場的一球助攻跟兩球阻攻為例，看一下他展現了多少位置的技能？",
        "其中一次助攻，對位守到 Wade 的是 Giddey ，所以當 Caris LeVert 切入時，Wade 從 Dunker Spot 做些小移動接個小球，然後接著 Wade 帶球往弧頂遞手給 Darius Garland 後 pop out 到三分線，也製造了 Garland 的切入路徑。",
        "第一次阻攻， Wade 剛好在外圍對位守到 Ayo Dosunmu ， Dosunmu 打算從外圍投射轉切入、跳投，直接被守住，這是 Wade 作為外圍防守者；第二次阻攻，則是Williams 在罰球線拿到球， Wade 踩上去補防、頂住切入，蓋了火鍋。",
        "個人成績：",
        "時間｜18:41得分｜3籃板｜4助攻｜2阻攻｜2",
        "由於 Jalen Smith 受傷，這場一開始由Adama Sanogo 當替補中鋒，但下半場就由 Williams 來負責擔綱中鋒，這也是這場 Williams 籃板數比較多的原因，這樣的小球中鋒，也是我想在 Williams 的五年合約中，期待看到更多的場景－當然前提是其他鋒線位置的身高要拉高。",
        "但是這場 Williams 兩次的失誤，都發生在從球場的右半邊、左手運球往球場中間帶球、然後傳球的時候，特別是第二次似乎是跟 Vucevic 的空切路線完全沒有對到。",
        "個人成績：",
        "時間｜35:58得分｜13投籃｜5/13三分｜3/7籃板｜10助攻｜3抄截｜1阻攻｜1",
        "然後 Talen Horten-Tucker 這場雖然僅僅只有上場 59 秒，但那個 59 秒內展現的防守程度，實在太過震撼。",
        "上半場 Giddey 跟 White 投籃 8/12 ，拿下 28 分、 10 籃板、 7 助攻，也僅有 2 次失誤；下半場這數據變成投籃4/10 ，然後 10 分、 5 籃板、 4 助攻，高達 7 次失誤。",
        "Giddey 下半場有 3 次失誤是傳球目標完全被鎖定， 1 則是防守籃板搶下來過半場時粗心的失誤， Giddey 的集中力議題可能要特別留意下，那種感覺不是 Giddey 不在乎比賽，更像是那種電影想跳過前面、快轉到片尾結局，結果關鍵伏筆都在前面給錯失掉了。",
        "此外， Giddey 在下半場也出現幾次在半場運球進攻收球時，所有進攻動作都被看透的感覺，包含一些變向、換手，都沒有騙到對手；不過， Giddey 本季目前為止三分球 16/37 、 43.2% 命中率，絕對該給肯定。",
        "個人成績：",
        "時間｜31:25得分｜18投籃｜7/11三分｜2/4籃板｜8助攻｜7抄截｜1阻攻｜1失誤｜4",
        "White 第二節單節爆發 11 分，而且攻守兩端都有很棒的表現。",
        "談到 White 的第一節跟第二節落差，除了陣容輪替外，公牛開場都習慣先讓Giddey 跟Vucevic 有著較多的進攻球權，然後接著換 LaVine 接手，而第一節後或第二節初則是 White ，用這樣的順序來帶入比賽進攻節奏。",
        "但下半場在許多進攻選擇真的都非常糟糕，包含快攻Dosunmu 明顯跑在前沒給、然後 LaVine 底線大空檔沒給，在追分時期真的讓人頗為喪氣，本季也常常把自己切到死路給不出去、找不到人傳，變成失誤。",
        "個人成績：",
        "時間｜37:18得分｜20投籃｜5/13三分｜5/11籃板｜7助攻｜6抄截｜4阻攻｜1失誤｜5",
        "只要公牛明星賽前成績沒有太糟糕，LaVine 本季應該很有機會進明星賽，這場LaVine 幾次一對一守到 Garland 跟 Mitchell 都很精彩，然後這場在處理球上，又再次地有效、精準而且動靜皆宜。",
        "幾次在快攻的處理球上，LaVine 往前分送的時機都很恰當，也都得到好的結果，然後第四節該挺身而出時，切入也乾淨俐落，然後本季 LaVine 對於在低位的 Match Up ，不管是隊友的優勢、或是自己把握機會，都更加強烈地去把握住。",
        "個人成績：",
        "時間｜35:51得分｜26投籃｜12/20籃板｜6助攻｜3",
        "而這樣的 LaVine 跟 Vucevic 的搭配，應該是當初交易來想看到的，但中間參入受傷、然後 DeMar DeRozan 的加入等等因素，遲來了三個球季。",
        "雖然 Vucevic 這幾場罰球次數減少，最近五場只有得到 7 次罰球，但當 Vucevic 有著 22/47 、 46.8% 的三分命中率時，應該不會太在意；到底 Vucevic 除了手感好之外、還有什麼因素，來影響他的外線呢？",
        "對於這種進攻上技巧性多元的中鋒來說，有足夠的時間讓他去思考、製造跟發動是很重要的事情，特別是中鋒平常跑動跟投籃的機制，與鋒衛是有蠻大不同。",
        "個人成績：",
        "時間｜34:53得分｜20投籃｜9/15籃板｜8助攻｜3抄截｜1阻攻｜1"
    ]
}