{
    "id": "115864",
    "title": "NBA》為了贏球的必要改變 Nick Nurse要如何用調度讓76人擺脫困境？",
    "date": "2024/11/18",
    "topic": "籃球",
    "author_name": "運動視界編輯",
    "tags": [
        "費城76人",
        "Nick Nurse",
        "Caleb Martin",
        "Guerschon Yabusele",
        "Kelly Oubre Jr."
    ],
    "article-content": [
        "費城76人隊在2024-25賽季的開局表現十分糟糕。在過去幾週裡，球隊經歷了Joel Embiid的禁賽、Tyrese Maxey的受傷，以及賽季開始至今2勝10敗的慘淡戰績。",
        "在這個充滿兄弟情誼的城市裡，現在還不是恐慌的時候。Paul George目前正找回自己的節奏，看起來身體狀態良好。",
        "儘管Maxey遭遇腿筋受傷，但他依然日復一日地為球隊出力。Kelly Oubre Jr.本賽季表現穩定，憑藉自己持球進攻的能力，場均得分達到雙位數。Caleb Martin在對上洛杉磯快艇隊的比賽中表現穩健，而Jared McCain則可能是本屆選秀中的最佳黑馬。",
        "目前，76人隊在進攻效率和比賽關鍵時刻的得分能力上掙扎不已，或許總教練Nick Nurse應該調整先發陣容。若是要選取一人來擔任此重擔，總是激情四射的Guerschon Yabusele或許是不錯的人選。他在每場比賽中都能留下自己的印記，依靠的是他爭奪地板球和籃板的拼勁。",
        "這位6呎8吋的前鋒場均拿下8.4分、3.9個籃板和2.3次助攻，三分命中率達到37.9%。他的數據看似不起眼，但效率至關重要。這位前波士頓塞爾提克隊的球員能在無球的情況下影響比賽，並且在攻防兩端產生作用。Yabusele的力量、體型和速度為其他球隊的前場帶來了錯位威脅。他能迅速參與快攻，或者在半場進攻中從防守者身後切入。",
        "每次出手後，Yabusele都會全力衝擊籃板。一旦投籃出手，他便迅速衝向籃框，經常搶到多個進攻籃板，為球隊創造二次得分機會。除此之外，Yabusele在防守端也總是拚盡全力，並且擅長攔截傳球路線。",
        "最終，Yabusele在法國奧運表現出色，為他重返NBA鋪平了道路。不幸的是，這位28歲的球員不會像奧運會那樣頻繁持球，但他仍然會成為球隊的重要拼圖，同時也已經接受了Nurse所推行的戰術理念。",
        "照片來源：Getty Images",
        "Yabusele是個職業球員，會專注於成為完美的隊友，透過讓其他球員參與進來為球隊做出貢獻。他能適應任何陣容，這一點在未來將至關重要。",
        "如果Nurse決定調整先發陣容並加入Yabusele，他會移除誰呢？Caleb Martin或Oubre Jr.可能是兩個潛在的候選人，因為他們在之前的球隊中都曾從板凳上提供過重要貢獻。",
        "Oubre Jr.場均17分、4.1個籃板和1.1次助攻，投籃命中率為43.3%，三分命中率則是糟糕的30%。儘管如此，他能夠創造自己的投籃機會，用雙手完成籃下終結，並且參與快攻。這位堪薩斯大學出身的球員總能找到為球隊得分的方法，或者用一個猛烈的扣籃改變比賽勢頭。由於他表現穩定，最好讓他留在首發陣容中。",
        "Martin在邁阿密熱火隊時是關鍵的替補球員，但本賽季他為76人隊先發了六場比賽。在賽季初期，他一直難以找到節奏，目前三分命中率僅為20%。這位6尺5吋的小前鋒場均10.7分、6.6個籃板和2.7次助攻，但投籃命中率僅為職業生涯最低的33.8%，若將他調回第二陣容可能會減輕他的壓力。",
        "一些球員在板凳上能表現得更好，因為這樣他們可以讓先發球員得到休息，進攻創造的自由度更高，並且能更舒適地發揮。",
        "從得分的角度來看，減少Martin的出場對球隊影響不大（僅下降2.3分），但76人需要注入新的活力。Martin原本被引進是為了成為3D型球員，但目前看來，他的表現還需努力。",
        "再次強調，現在還不是恐慌的時候，嘗試調整陣容並無壞處。",
        "【特約編輯 林昌毅／責任編輯 謝一謙】",
        "🔥更多最新 NBA 精選好文："
    ]
}