{
    "id": "115881",
    "title": "NBA 各球隊的年輕梯隊 - 東南區",
    "date": "2024/11/24",
    "topic": "籃球",
    "author_name": "體育情報觀察室",
    "tags": [
        "Paolo Banchero",
        "Alex Sarr",
        "LaMelo Ball"
    ],
    "article-content": [
        "Atlanta Hawks",
        "老鷹隊陣中有不少才華橫溢的年輕人，其中今年的狀元秀 Zaccharie Risacher 雖然進攻端還是略微不穩定，但已經展現出不錯的防守潛力。全能鋒線 Jalen Johnson 繼續有準全明星級別的表現，場均貢獻 19.1分、10.2籃板、5.3助攻、1.5搶斷以及1.1封蓋 ；而 24歲的中鋒 Onyeka Okongwu 則能夠穩定交出場均 10.9分、6.5籃板的數據。最值得一提的是，從鵜鶘交易過來的最佳防守陣容的熱門人選 Dyson Daniels。Daniels 的加盟很好地彌補老鷹上賽季後衛線上防守薄弱的問題，他能場均得到 14.6分、4.9籃板、3.1助攻、3.1搶斷以及1.0封蓋。而像 David Roddy 和 Vit Krejci 等年輕球員也在新賽季有不錯的發揮。",
        "Charlotte Hornets",
        "黃蜂僅僅靠 LaMelo Ball 一人就能讓他們的年輕梯隊擠進聯盟前10的水平，這位全明星後衛本賽季場均貢獻 28.4分、4.8籃板、6.6助攻，唯一的瑕疵就是他場均高達  4.4次的失誤。Brandon Miller 也逐漸成長為球隊的二當家，場均交出 16.7分；另外 23歲的 Tre Mann（場均 14.8分 3.3助攻）、23歲的 Moussa Diabaté（場均 3.8分 7.3籃板） 以及 24歲的Josh Green（場均 6.2分） 都是球隊的主要輪換。今年的首輪秀 Tidjane Salaün 暫時還在尋找在 NBA 的比賽節奏，筆者認為 19歲的 Salaün 應該還需要 1-2個賽季的時間，慢慢成長。",
        "Miami Heat",
        "熱火在年輕球員的儲備屬於聯盟的中游水平，主要有Jaime Jaquez Jr.（場均 8.9分 6.0籃板）和塞爾維亞鋒線 Nikola Jović（場均 8.3分 3.9籃板）。隨著賽季的深入，估計兩位新秀 Kel'el Ware 和 Pelle Larsson 都會有更穩定的出場時間。",
        "Orlando Magic",
        "魔術隊的青年球員陣容毫無疑問是聯盟的第一梯隊，不僅有巨星潛質的球員 - Paolo Banchero，還有不少足以進入球隊輪換的實力新秀。由於 Banchero 的缺陣，魔術需要其他年輕球員站出來以競爭季後賽的席位。當中屬 Franz Wagner（場均 22.3分 5.6籃板 5.1助攻）和 Jalen Suggs（場均 15分 4.6籃板 3.7助攻） 的貢獻尤為突出，而大齡新秀 Tristan Da Silva 和 雙能衛 Anthony Black 的表現也可圈可點。由於隊中雄厚的陣容深度，像 Jett Howard 和 Cole Anthony 等年輕球員都無法取得穩定的出場機會。",
        "Washington Wizards",
        "巫師本賽季還是處於重建階段，因此培養年輕球員是他們的首要任務。20歲的法國鋒線 Bilal Coulibaly 在本賽季成功蛻變，以 55.4% 的總體命中率 和 37.1% 的三分命中率，場均貢獻 14.8分、5.8籃板、2.6助攻以及 1.3搶斷。今年選中的3位新秀都有超過場均 25分鐘的出場時間，並且交出亮眼的成績單：2號秀 Alex Sarr 場均取得 9.8分、5.5籃板以及 2.1封蓋；14號秀 Carlton Carrington 場均取得 10.4分、4.4籃板、5助攻以及 1.2搶斷； 24號秀 Kyshawn George 場均取得 8.6分、4.2籃板以及 3助攻。此外，隊中的 Johnny Davis 和 Jared Butler 也獲得了一些零星的比賽機會。",
        "*球員數據截止至2024年11月22日"
    ]
}