{
    "id": "115841",
    "title": "雷霆隊史第一次收集三位身高7呎球員在隊上｜雷霆工事中#26",
    "date": "2024/11/17",
    "topic": "籃球",
    "author_name": "小枚",
    "tags": [
        "傷兵",
        "奧克拉荷馬雷霆",
        "五小陣容",
        "Chet Holmgren",
        "NBA Cup"
    ],
    "article-content": [
        "補充一段小插曲：在那個進攻回合中「造成」事情發生的另一位球員，Andrew Wiggins，已經去過醫院探視Holmgren，而Holmgren除了短文中有引述的獨白，也在社群上發過類似「可惡，那球竟然被他X的攻進了！」之類的話－",
        "補充這段小插曲是想表達：那絕對不是Wiggins的錯。那是一個正常的進攻籃框的動作，也是Wiggins這樣體能絕佳的球員，才有本事在空中與Holmgren對抗後還能將球放進，而Holmgren怎麼落地，不需要責怪動作乾淨的Wiggins。沒有人想看到球員受傷，球員也接受了受傷的事實，接下來重要的就是復健、努力重返球場、努力準備球賽。",
        "回到雷霆隊，Holmgren休戰後雖然有Kenrich Williams傷後回歸，但仍然以先發陣容最高6呎6吋的「極致五小」打了3場球賽。雖然都贏球，但相信大家都看得出來這樣硬撐不是辦法，再搞到往上一個位置硬扛的球員接著受傷，就真的是陷入惡性循環了…",
        "因此管理層也有所動作：裁掉運動能力出色、但身材終究只是大型側翼的Malevy Leons，簽下2024年NBA選秀會落選後，目前在多倫多暴龍隊G league隊伍905打球的25歲7呎中鋒Branden Carlson。",
        "Carlson應該不會是什麼禁區救星，小枚相信管理層簽下他的目的也不是在他身上看到能影響戰局的能力，而是引進一位身材合格的大中鋒，能在需要時檔個5到10分鐘時間，別讓更多位置往上扛的側翼球員接著受傷。",
        "而比當作「會動的六次犯規」更好的期待是，說不定GM Sam Presti有跟從雷霆體系在NBA出道的暴龍隊總教練Darko Rajakovic，打聽過Carlson的技能包與球風適合雷霆隊XD",
        "近期球賽筆記：",
        "第一節防守Andrew Wiggins的切入，Chet Holmgren起跳後重摔在地無法起身。勇士隊打得很好，雷霆隊球員在情緒受到Holmgren傷退影響到仍然很努力，但是禁區完全空洞、調度突然大亂，這場球賽的勝負變得不太重要。",
        "賽後經由ESPN Shams Charania報導揭露，令人擔心的想法以很糟糕的形式成為事實：Holmgren右髖部骨折，將會缺賽數個月時間，球團可能在8到10周後再評估具體的回歸時間表。",
        "--",
        "能夠贏下得知Chet Holmgren會長期缺戰的消息後的第一場球賽，對心理受到打擊的雷霆隊來說很重要。Shai Gilgeous-Alexander帶頭攻下生涯單場最高45分，加上9助攻5抄截2阻攻，帶隊從第二節中段開始維持領先，終場贏下本季第9勝。",
        "*完全沒有大個子的第一場球賽，總教練Mark Daigneault排出SGA、Jalen Williams、Luguentz Dort，加上Isaiah Joe與Aaron Wiggins的最高6呎6吋小球陣容，企圖以活動力克服身材劣勢。開賽時獲得不錯的效果，取得領先，讓調度大亂後的首戰至少能從領先開始打。",
        "*團隊16次抄截、創造對手23次失誤，一定程度的彌補了籃板輸18顆的差距。",
        "*Jalen Williams也打出本季較佳的單場表現，與SGA聯手彌補了Holmgren的得分配額。",
        "*Kenrich Williams在這場復出，雖然只打5分鐘角色不多，但是對急需人手的雷霆隊來說，無疑也增加了一些心理上的安定感。",
        "*整體來說，快艇隊命中率高、籃板也多，是敗在失誤太多。對雷霆隊來說，贏球很好，但只要對手進攻紀律更好，對手贏球的機會就很大。",
        "--",
        "雷霆隊主場連戰迎戰傷兵滿營的鵜鶘隊，一開賽打得相當悶，第一節打不到一半就陷入超過10分落後，總教練Mark Daigneault神調度換上Kenrich Williams與Aaron Wiggins，肯拚肯纏成功翻轉球賽風向！雷霆隊從第一節後段逆轉領先後，就從小幅領先到拉開差距到終場，贏得球季第10勝。",
        "*團隊籃板31:58巨幅落後的情況下，雷霆隊發揮小陣容所能夠取得的所有優勢，團隊抄截16:3、團隊失誤5:23(!)，創造出34:2的快攻得分、29:4的失誤轉換得分。又是一場靠著對手主將幾乎全部缺席、進攻鏈易斷的驚險贏球！",
        "*雖然驚險，但認真防守克服致命缺陷，贏球絕不僥倖。",
        "*以往中鋒J.Williams搞不清楚是Jaylin還是Jalen，Chet Holmgren傷退後的這兩場球賽，Jalen Williams真的打上五號中鋒位置了... 籃板劣勢是必定的，但J-Dub充分發揮了自己綜合體型與運動能力的球技特色，近期表現亮眼。但身為雷霆迷，看著他這樣打還是不免捏把冷汗。",
        "*其實這場球賽，最強的不是雷霆隊，不是鵜鶘隊，是傷兵隊！兩隊加起來10位傷兵，Holmgren + Isaiah Hartenstein + Zion Williamson + CJ McCollum + Dejounte Murray的先發陣容，加上另5位傷兵也都是夠水準的輪替，這個陣容怎麼看都有季後賽水準吧...祝兩隊的傷兵都能順利康復、早日回歸。",
        "--",
        "雷霆隊在主場迎接NBA Cup小組賽首戰，全新的地板、陌生的對手－Kevin Durant與Bradley Beal都沒打，只靠Devin Booker與Jusuf Nurkic撐場。雷霆隊除了開賽時短暫0:4落後外，全場壓制太陽隊進攻，保持15到20分的領先直到終場，在NBA Cup旗開得勝。",
        "*短兵缺將的太陽團隊總投籃命中率僅29%、三分球命中率僅24%，分不清楚是雷霆團隊帶侵略性的積極防守奏效，還是集體投籃當機... 即使罰球數40:18，也彌補不回過低的投籃錯過的分數。",
        "*整體而言，雷霆對Booker與Nurkic的針對夾擊非常成功，Booker直到第三節才投進球，球賽中還有控制不住怒氣，在裁判面前直接把Luguentz Dort推倒的場面；Nurkic總是被一群比他矮的雷霆隊側翼包圍，下手不斷，讓他無法好好地發動攻擊。鎖住了對手進攻重心，也決定了球賽進行的基調。",
        "*Jalen Williams從一號打到五號，持續被總教練Mark Daigneault當作OKC版本的Magic Johnson使用XD",
        "*Ajay Mitchell能守能投能組織的穩健表現持續令人驚艷，基本上已經是調度中不能缺少、下不去G league的狀態。",
        "*值得一提的是，Isaiah Hartenstein賽前在場上跟訓練師一起做了簡單的攻守模擬訓練。距離球團預定要評估他的回歸時間表還有10天左右，應該可以假定為恢復進度正常吧！",
        "--",
        "繼續加油 #ThunderUp"
    ]
}