{
    "id": "115962",
    "title": "滴水之恩，湧泉相報！這是勇士和Andrew Wiggins的溫馨故事！",
    "date": "2024/11/23",
    "topic": "籃球",
    "author_name": "sherloockyan1117",
    "tags": [
        "Nba",
        "勇士",
        "懂個看"
    ],
    "article-content": [
        "有的人，你在他落難的時候幫他一把，他在未來會加倍奉還；有的人，即使你在他落難的時候幫他一把，他在未來也未必會感恩，甚至有可能會在背後中傷你。",
        "Andrew Wiggins顯然是前者，而並不是後者。",
        "上賽季，Wiggins的父親患上重病，因此Wiggins缺席了多場比賽，對此勇士並沒有抱怨太多，而是選擇尊重Wiggins的決定和保護Wiggins的隱私。",
        "面對這份滴水之恩，Wiggins也在本賽季湧泉相報，用非常出色的表現，再次讓勇士成為了爭冠級別的球隊。",
        "在勇士112-108戰勝鵜鶘的比賽中，Wiggins轟進全場最高的30分，在攻守兩端的無處不在，毫無疑問是勇士可以贏下這場比賽，並提前鎖定NBA季中賽八強的頭號功臣。",
        "勇士真的是NBA這個商業聯盟少有會跟球員說人情味的球隊了。",
        "勇士和Wiggins，兩者之間的關係當然還比不過勇士與Draymond Green和Stephen Curry，但絕對不會遜色太多。",
        "事實上，勇士對於Wiggins也是有知遇之恩的。",
        "作為一位狀元，Wiggins被騎士選中後立刻就被交易去灰狼，這在NBA歷史上是很罕見的，多多少少肯定會影響Wiggins的信心。",
        "在灰狼時期，Wiggins一直也是發揮平平，要知道，Wiggins是具備成為聯盟牌面的頂級天賦，但最終卻淪為一名普通的球員。",
        "直到來了勇士，Wiggins終於重新進入球迷們的視野，不僅成為全明星首發，還贏得了總冠軍。",
        "本賽季，Wiggins的表現回暖很多，他能否再次幫助勇士贏得另一座總冠軍？",
        "拭目以待！"
    ]
}