{
    "id": "115949",
    "title": "《2024-25 芝加哥公牛例行賽戰報》G15 活塞籃板優勢未能抵擋公牛火燙手感",
    "date": "2024/11/22",
    "topic": "籃球",
    "author_name": "AhUtopian/烏托邦/余大",
    "tags": [
        "Chicagobulls",
        "Nikolavucevic",
        "Detroitpistons",
        "Billydonovan",
        "ZachLavine",
        "CobyWhite",
        "joshgiddey",
        "每天公牛撞一下",
        "BullsH1T",
        "華文公牛第一寫手",
        "AyoDosunmu",
        "JalenDuren",
        "BullsPistons",
        "202425芝加哥公牛例行賽戰報"
    ],
    "article-content": [
        "前一場被休士頓火箭打悶的芝加哥公牛，雖然是背靠背出戰本季開始將天賦逐步兌現成戰績的底特律活塞，但前一場比數早早拉開後的養精蓄銳加上輸球怨氣，在第一節徹底展現出來，單節三分球 10 投 8 中，早早就取得領先優勢，而且單節也傳出 11 次助攻。",
        "第一節特別是 Nikola Vucevic 單節投 6 中 5 、三個三分全部命中，拿下13 分，而本季在第一節 Vucevic 的得分效率非常高，命中率 64.8% 、三分命中率 59.1% 。",
        "兩隊在第二節跟第三節有來有往，公牛第二節因應活塞對於外線的忌憚、防線外推，更多地利用切入製造傳球空檔，即便三分表現不若首節，也單節傳出 10 次助攻；第三節則再次回到 Vucevic 身上，單節三分投 4 中 3、拿下 11 分。",
        "而活塞的第二節，板凳的外線火力加持下，單節三分也投 11 中 6 ，其中五記來自於板凳；第三節則是靠 Jalen Duren 一節內 10 個籃板、包含 5 個進攻籃板。",
        "第四節，雖然 Duren 也靠著單節 5 個進攻籃板持續幫助活塞創造額外的進攻機會，但 Zach LaVine 單節－精準來說，應該是在第四節當中的 4 分鐘之內突然爆發－的 6 記三分球直接讓活塞無法縮短第一節留下的比賽差距，最終以 122-112 公牛勝出；只是 Josh Giddey 雖然單場有 11 分、 8 籃板跟 10 助攻接近大三元的表現，在關鍵時刻還是被 Ayo Dosunmu 替下決勝陣容。",
        "LaVine 前三節雖然投籃不佳，只有 11 中 3 ，但是也有 5 籃板跟 5 助攻，而且那些投籃不進的球也多半是些微之差，第四節活塞對他的防守策略並沒有太多的不同，就單純只是投籃的狀態找到。",
        "本季LaVine 跟 Vucevic 的 USG% 分別是 24.2% 跟 21.5% ，如果扣掉 LaVine上季僅僅上場 25 場的數據後， LaVine 是來到公牛以後最低、而 Vucevic 更是在 2013-14 球季後最低，卻都繳出生涯最高的 EFG% 。",
        "雖然還沒有辦法在前 15 場比賽，找到該怎麼以 Giddey 建立進攻體系的方法，但至少 Giddey 幫忙分攤球權，加上 Billy Donovan 導入的新球風，是有助於 LaVine 跟 Vucevic 的進攻效益。",
        "時間｜34:45得分｜25投籃｜9/19三分｜7/14籃板｜6助攻｜5",
        "最理想的版本，是在交易大限前，能夠由 Giddey 引領 Vucevic 跟 LaVine ，在進攻上打出非常能夠展現兩位球員優勢的表現，再加上年輕小將在防守上投入，公牛的戰績跟表現維持競爭力，然後因此在季中交易前，接到對這兩位球員表達興趣的電話、也完成不至於吃虧的交易。",
        "雖然目前公牛的進攻體系並沒有辦法說是由 Giddey 來引領或推動，但至少 Giddey 共同參與分擔部分責任，確實讓 Vucevic 、 LaVine 繳出如前所述，比起休賽季來說、大大提升他隊交易興趣的數據。",
        "甚至於 Coby White ，本季也在比較沒人注意的情況下，上場時間比起上季減少，卻在單場得分、命中率、三分命中率、每場出手及投中數、罰球命中率、每場罰球出手及投中數、抄截、火鍋等多項數據目前寫下生涯新高。",
        "因此，除了設法再幫年輕側翼找些上場時間跟穩定場上發揮外，在近期的比賽，除非 Giddey 能夠再靠自力突破瓶頸，不然公牛在決勝期還是會像本場比賽一樣，回到 LaVine 身上尋求進攻發動。"
    ]
}