{
    "id": "115947",
    "title": "NBA》不同心境的「坦克」 暴龍的未來值得期待嗎？",
    "date": "2024/11/25",
    "topic": "籃球",
    "author_name": "運動視界編輯",
    "tags": [
        "多倫多暴龍",
        "RJ Barrett",
        "Immanuel Quickley",
        "Scottie Barnes"
    ],
    "article-content": [
        "這裡有一則壞消息和好消息：壞消息是多倫多暴龍隊目前的戰績為 4 勝 12 敗。好消息是，這可能是史上最令人高興的 4 勝 12 敗戰績。",
        "讓我們先來回顧一下暴龍隊上次以差不多的戰績開季時的情況，那是 2020-2021 賽季泡泡園區的賽事剛結束，暴龍隊改以坦帕灣作為替代主場。那時球隊剛選中了 Malachi Flynn 和 Jalen Harris，他們在飯店的舞廳練習，疫情中的多倫多處處積滿了灰塵，而大多數人則因封城而在困在家中。",
        "疫情時很多人都過得不太好，暴龍隊也不例外。在一個距離主場球迷非常遙遠的城市打球，基本上就等同把每場比賽都變成了客場比賽，而球迷們只能在另一個國家透過電視觀戰，這樣的情形真的非常糟糕。",
        "當時的暴龍隊也剛經歷了一個東區領先、具有爭冠潛力的賽季。那時的 2019 和 2020 年就像是一場狂歡派對，而在坦帕灣的賽季則像是一場痛苦漫長的宿醉。",
        "簡而言之，坦克策略（tanking）真的很痛苦，不過球隊最終從這一切中得到了 Scottie Barnes，儘管那段經歷還是很難熬。之後，暴龍隊經歷了幾個慘澹的賽季，直到他們決定全力以赴地支持 Barnes，並逐漸擺脫 2019 年之後除了 Chris Boucher 之外的老將們。",
        "圖片來源：Getty Images",
        "現在，我們又回到了重建的起點。本賽季已經進行了超過 15場比賽，而今年看起來已經像另一個坦克年了，但這也無妨，畢竟 2025 選秀看來十分有前景，暴龍隊擁有他們的選秀權，選中狀元熱門人選 Cooper Flagg 也不是夢。",
        "也許是因為現在球隊在多倫多，又或者是因為球迷們不再為 Kyle Lowry 的離去感到悲傷，這個賽季的坦克竟感覺有點有趣。",
        "實際上，暴龍的比賽內容並不像一支目前 4 勝 12 敗的球隊，大多數比賽都很刺激、非常接近，即便是對上像金塊、快艇或七六人這樣的強隊。許多比賽的結果都是幾分之差，即使輸掉比賽，年輕球員們的表現仍然令人興奮。",
        "我們也知道這並不是這支球隊的天花板，2021年時，暴龍正面臨重建的現實，但現在則是幾乎已經可以看到未來的曙光。Scottie Barnes、Quickley 和 Barrett 的表現已經穩定下來，Gradey Dick 才剛進入他的第二個賽季，而新秀們也展現出很大的潛力。",
        "但可惜的是，球隊開季以來傷病頻傳。我們甚至還沒看過 Barnes、Barrett 和 Quickley 三人同場。",
        "然而，此刻球隊的氛圍與 2021 年時截然不同。當時球隊知道勝利的滋味，但感覺像是有人來到他們的派對來砸場。而現在的球隊則是一群年輕人正在追夢，他們擁有年輕的天真和無限的可能性。",
        "無論如何，就像世界歷經 2020 年疫情肆虐又逐漸復甦一樣，暴龍隊似乎也正朝著最終能取得勝利的方向邁進。當然，這可能不是明天就會實現，畢竟我們也同樣掙扎著才從疫情重站起來。",
        "現在，就讓我們享受 Gradey Dick 突破防守的精彩瞬間，並坐在這台坦克上輝煌地迎接夕陽吧！",
        "【特約編輯 林宜／責任編輯 謝一謙】",
        "🔥更多最新 NBA 精選好文："
    ]
}