{
    "id": "115943",
    "title": "NBA》超越期待的表現 Jared McCain的爆發與未來",
    "date": "2024/11/24",
    "topic": "籃球",
    "author_name": "運動視界編輯",
    "tags": [
        "費城76人",
        "Tyrese Maxey",
        "Jared McCain"
    ],
    "article-content": [
        "因為右腿筋傷勢的原因，Tyrese Maxey前陣子連續缺席了76人隊的六場比賽，但好消息是Maxey已經恢復球場的工作，並且在對戰灰熊的比賽上場了。",
        "臺灣時間11月7日76人隊以98:110輸給洛杉磯快艇的比賽中，24歲的Maxey在第三節傷退後就一直沒有上場比賽。而在那場比賽之後，他們的戰績便跌到谷底。",
        "本季他們新的三巨頭Joel Embiid、Paul George和Maxey到現在僅在灰熊的比賽一起出場過。Embiid因為左膝的傷勢還有推記者事件而被停賽，錯過了本賽季的前9場比賽，George也因為左膝骨挫傷而錯過賽季前五場比賽，在合體對上灰熊的比賽後則又再度進入了傷兵名單。",
        "如果Maxey回歸後，加上Embiid和George沒問題的話，大多數人相當期待三巨頭組合在一起的表現。不過值得注意的是，在Maxey缺席的情況下，新秀後衛Jared McCain挺身而出，也展示很優秀的傳球技巧，這或許是76人本季的糟糕開局中的一個希望。",
        "Jared McCain是2024年選秀的第16順位，在11日對上夏洛特黃蜂的比賽中，全場18投10中得到27分，其中的23分都集中在下半場跟延長賽，幫助球隊以107:105拿下勝利。13日對上紐約尼克的比賽，他又以16投7中得到23分。隔天對上克里夫蘭騎士隊，他全場26投12中、拿下34分10助攻，在這三場比賽中，他的外線命中率來到42%。",
        "圖片來源：Getty Images",
        "對於76人來說，McCain的爆發是完全出乎意料的事情，在賽季剛開始時，他還不是輪換陣容中的球員，現在他看起來甚至有機會競爭新人王。然而，如果他真的要競爭年度新人王的話，他需要持續獲得上場時間，但可能很困難，因為Maxey的回歸有很大機率壓縮他的空間。",
        "然而，不論誰可以上場，McCain都應該要是費城的主力輪換球員，因為他不需要持球也能做有效的進攻，畢竟在無球時，他就是一個危險的射手，這個賽季McCain的投籃命中率高達47.7%。",
        "不過，現在比較大的問題是，他和Maxey應該要如何搭配，以及在什麼情況下要如何安排兩人的時間。McCain是否重要到能讓教練Nick Nurse考慮啟動兩個小後衛，就像他當年在多倫多暴龍安排Kyle Lowry和Fred VanVleet那樣？或者讓McCain成為球隊的第六人？",
        "對於76人來說，他們這個賽季的人手嚴重不足，但相信很快的，他們就能收穫比他們預期中還要更多的火力。",
        "【特約編輯郭程霖／責任編輯 謝一謙】",
        "🔥更多最新 NBA 精選好文："
    ]
}