{
    "id": "115908",
    "title": "斬斷騎士不敗金身 塞爾提克攻防逐漸步上正軌",
    "date": "2024/11/20",
    "topic": "籃球",
    "author_name": "Ubuntu",
    "tags": [
        "克里夫蘭騎士",
        "波士頓塞爾提克",
        "Jayson Tatum",
        "Jaylen Brown",
        "Derrick White",
        "Donovan Mitchell",
        "Darius Garland",
        "Evan Mobley"
    ],
    "article-content": [
        "眾所期待不敗金身的克里夫蘭騎士來到波士頓挑戰塞爾提克，在前一次NBA Cup一分輸球後，還想保有晉級機會這場是一定要拿下的比賽，無論攻防都會是不小的考驗，騎士禁區雙塔坐鎮，搭配強大的外線火力，如果塞爾提克還是沒辦法在防守端展現拼勁，那很難擋下騎士的火燙手感。",
        "——",
        "Game recap：",
        "First quarter 》 今天騎士缺少Okoro、Wade和Strus等側翼防守者，因此在先發頂替上的是射手Sam Merrill，讓塞爾提克在外圍球員的身材上佔據優勢。開賽由Brown主防Mitchell，Tatum和Horford分別對位Allen和Mobley，當面對騎士後場的擋拆進攻時，Tatum作為第三線協防，補足Horford沉退防守的空隙，也是因為Allen沒有外線投射的能力，同時在他作為掩護者時，Tatum也能直接換防。",
        "進攻上策略很簡單，面對騎士後場只要有錯位Tatum跟Brown就突破，利用掩護換防或是短擋拆下滑，不過裁判開賽允許很多身體對抗，在籃下有許多機會都逃不到便宜。但是錯位進攻遲早會找到機會，面對騎士長人Tatum有速度優勢突破，同時Horford的外線也能牽制對手，在Tatum有耐心地串聯下，很快取得領先優勢。",
        "本場板凳只使用三個球員，Queta在防守端受到很大的考驗，不確定Kornet是否有傷病或是單純DNP。而騎士短暫拿出區域防守來對位塞爾提克的射手，同時靠Niang、Jerome和Porter Jr.的板凳奇兵追分，很大程度就是利用Queta在防守上的缺陷，同時在上中接球的判斷能力不足，導致攻防都不在節奏內，而防守籃板鞏固的能力也是他急須改善的一大問題。",
        "Second quarter 》",
        "到了第二節，一如往常換Brown帶隊第二陣容，騎士持續攻擊Queta的防守弱點，尤其是Porter Jr.內外攻勢。防守端時不時端出區域防守，進攻上Brown過多打爛仗買犯規，還得仰賴Pritchard的外線救援。在換上Horford之後，場上進攻空間好了許多，Pritchard拿出最佳第六人的火燙手感，逐漸拉開比數。",
        "防守上，Mitchell從開局莫名地快投三分開始掌握撕裂禁區的拋投，Niang也發揮爛仗打法追分，但Garland回到場上後，依舊找不到進攻節奏，尤其是面對Horford最後一道協防時，拋投手感非常差，甚至上籃也被封阻，視覺上有種Mitchell想讓Garland發揮的感覺，加上騎士的外線沒有發揮，讓塞爾提克更大膽的內縮防線。",
        "先發回到場上後，球隊貫徹Drive & kick的策略，連續三分開火拉開比數，騎士的防守也開始混亂，接連讓Tatum在熱區左側45度角大空檔出手，將分差拉開到17分領先。騎士方面，Mitchell找不到進攻狀態，Garland開始失去信心，要自己投或是傳球都很猶豫，讓騎士攻防都陷入困境。",
        "Third quarter 》",
        "下半場開始，Garland持續在進攻端掙扎，而塞爾提克則是妥善利用Horford高位策應的價值製造外線空檔，同時把握轉換快攻的機會。不過騎士靠著Merrill外線追分，還有Mobley在禁區掌握少數的機會，把握塞爾提克外線熄火的時候追分。不過在Queta上場後，防守的問題依舊，隊友開始過度協防，逐漸擴大防守端的問題。",
        "進攻端除了Tatum有幾波空檔沒有把握，Holiday今天在處理球的選擇都不好，Queta也完全把握不住籃下出手。反觀騎士越打越強勢，Niang用他的拼勁製造身體對抗，搞得Tatum打得很浮躁，Mobley趁機在籃下佔盡優勢，裁判持續給予很大的肢體碰撞空間，一瞬間只剩下六分差距。",
        "然而要突破攻守當機的窘境，還是要仰賴Tatum的進攻影響力，White從旁輔助，搶攻籃下、壓哨三分拉回氣勢。當然我也不理解Mazzulla為何放任Queta在場上持續被單點爆破，除非Kornet、Tillman一分鐘都上不了場，否則我認為這樣的調度反而讓球隊陷入困境，也不會讓Queta學習到太多東西。",
        "Fourth quarter 》",
        "第四節首先由Brown帶領二陣，但Horford提早上場避免騎士持續提升士氣。Brown的切入更果決，同時創造Horford的空檔，但Mitchell也開啟他的主宰模式，有人掌握騎士的進攻。但Queta很快回到場上調節Horford的體力，但只短短一分鐘就回到場上。",
        "關鍵時刻Tatum和Brown都更強勢突破禁區，迫使騎士雙塔得要離開禁區防守，擾亂防守佈陣，自然就會有好的出手空間。而Mitchell和Garland雖然掌握大量出手，但今天合計50投16中相當低效，反而在第四節沒有讓Mobley得到太多出手機會。",
        "但第四節有很多糟糕的吹判，Tony Brothers混亂的尺度miss掉許多基本的哨音，但沒有減少Tatum的侵略性，看到Niang盡全力攻擊，多次挑戰禁區，騎士也捨棄Allen在的雙塔陣容，靠著後衛去發動攻勢。但同時也減少護框的能力，讓塞爾提克可以靠禁區得分維持領先優勢。",
        "最後兩分鐘，雖然Mitchell力挽狂瀾，靠著不停轉身突破禁區與大號三分球追分，但塞爾提克穩紮穩打，把握罰球與保護球權，成功斬斷騎士的不敗金身，也是對團隊的一大鼓舞，加上Porznigs復原進度上的好消息，塞爾提克的磨合與調整也逐漸步上正軌。",
        "——",
        "-Ubuntu🦖"
    ]
}