{
    "id": "116011",
    "title": "NBA》不該被忽視的競爭力 騎士如何進化成爭冠競爭者？",
    "date": "2024/11/26",
    "topic": "籃球",
    "author_name": "運動視界編輯",
    "tags": [
        "克里夫蘭騎士",
        "Donovan Mitchell",
        "Jarrett Allen",
        "Darius Garland",
        "Evan Mobley",
        "Kenny Atkinson"
    ],
    "article-content": [
        "克里夫蘭騎士隊本賽季才剛進行不到1/3，但有一點已經很明顯了：這支球隊非常出色。這並不是說他們只會贏下50場比賽，且僅僅有機會突破首輪；而是說，如果情勢發展順利，他們有能力衝出東區。",
        "目前，四支球隊在賽季初期已經脫穎而出：騎士、雷霆、塞爾提克以及勇士。",
        "雖然我們可以對樣本數保持懷疑，但賽季初的表現往往比其他小樣本更能反映例行賽和季後賽的成功趨勢。這是因為大多數球隊在賽季初幾乎沒有傷病困擾，且球員的努力程度在賽程磨耗之前更高。",
        "舉例來說，上賽季前七場比賽淨效率排名前四的球隊中，有三支至少打進了季後賽第二輪，塞爾提克和灰狼甚至走得更遠。唯一未能達成的是費城76人隊，他們因傷病而表現受挫。在過去五個賽季中，有四次冠軍球隊在賽季前七場的淨效率排名中名列前五。",
        "騎士隊能夠取得這樣的熱身表現，關鍵在於他們能以兩種截然不同的比賽風格應戰，讓對手難以應付。",
        "總教練Atkinson將球隊區分為「大」與「擴散」，他將這兩套陣容描述為「兩種截然不同的戰術體系」，並指出這兩種陣容需要場上球員不同的配合模式。值得注意的是，這兩套體系都取得了不錯的成效。",
        "圖片來源：Getty Images",
        "讓Allen和Mobley的雙塔陣容在進攻端奏效是Atkinson上任以來的重要課題之一，而他顯然已經找到了答案。就前17場比賽來看，雙塔陣容的淨效率為+12，進攻效率高達121.9。這主要得益於他們高效的快攻，他們在轉換進攻中得分效率在聯盟前二，同時能夠籃下終結也避免進攻陷入半場的泥淖。",
        "至於「擴散」陣容，則與塞爾提克和雷霆的風格更為相似。他們利用場上空間創造空擋三分和突破機會，並由一名中鋒負責威脅籃底。這在Mobley負責擔任中鋒時表現得尤為突出。這種組合有超過四成的出手是三分球，而更好的場上空間讓他們在半場進攻中的效率顯著提升，進攻效率高達132.2。",
        "這兩種陣容在不同層面達到成功，使得騎士隊成為本賽季至今第三好的進攻球隊。我們在上賽季就看過「擴散」陣容的成功，例如他們在賽季中段拿到18勝2負的那波佳績。而雙塔陣容的進步則讓騎士隊能在整場比賽中保持穩定的優勢，這是上賽季所欠缺的。",
        "防守仍然是這支球隊的招牌，他們的進攻變化並未削弱防守端的表現，騎士隊目前依舊擁有聯盟第三好的防守。與進攻端一樣，他們的防守配置讓球隊可以根據對手的不同進行調整。例如，他們曾讓Wade主防成功限制了Brunson和LeBron James，而在對上密爾瓦基公鹿時，Okoro則被安排主防Lillard。擁有頂級的側翼與後衛防守者，配合堅固的內線防守，這是大多數球隊所無法企及的。",
        "這種防守端的靈活性，讓雙塔和單中鋒陣容都能在防守上維持頂尖表現。",
        "頂級的季後賽球隊往往需要多種方式擊敗對手，而騎士隊如今的不同戰術選項和陣容搭配，是過去幾個賽季所欠缺的。在過去兩個賽季中，雙塔陣容的慢節奏、糟糕的空間感和欠缺無球跑動，使得球隊幾乎完全依賴Mitchell和Garland的個人表現來贏得比賽。如今，他們的攻防更加多元化。",
        "無論是進攻還是防守數據，都顯示騎士隊已經進入了總冠軍競爭者的行列。雖然他們可能就東區的競爭力而言仍落後於塞爾提克，但與上賽季季後賽相比，雙方的差距已經縮小。",
        "Atkinson的新體系已經在場上顯現成果，且比他預期的更快。然而，他也坦言球隊仍在成長之中。",
        "「我們還有很長的路要走。」總教練在戰勝洛杉磯湖人後表示。「我們還在成長，還在彼此了解。今晚有幾次我們沒有在同個共識上，我還在了解他們，更了解他們的個性。我們還在進步中，但我們正朝著正確的方向邁進。」",
        "【特約編輯 陳子皓／責任編輯 謝一謙】",
        "🔥更多最新 NBA 精選好文："
    ]
}