{
    "id": "116079",
    "title": "NBA》耐心還是當機？ 76人能再度翻轉賽季嗎？",
    "date": "2024/11/30",
    "topic": "籃球",
    "author_name": "運動視界編輯",
    "tags": [
        "費城76人",
        "Joel Embiid",
        "Paul George",
        "Nick Nurse",
        "Tyrese Maxey"
    ],
    "article-content": [
        "76 人在 季中錦標賽對上奧蘭多魔術，開啟他們三場客場之旅的第一戰；接著，他們於週二迎戰熱火，並於週四對陣灰熊，為這段客場之旅畫下句點。",
        "76 人本賽季的第一個月過得相當辛苦；現在已是 11 月下旬，而他們在整個11月幾乎很少贏球。",
        "事實擺在眼前，76 人在沒有 Joel Embiid、Tyrese Maxey 和 Paul George 的情況下，與目前 NBA 狀態最火熱的騎士正面交鋒並沒有居下風。此外，值得注意的是，騎士與 76 人本賽季面臨的處境完全不同。Donovan Mitchell 和 Darius Garland 已經出戰了季初所有 14 場比賽；球員間建立的化學反應很可能是騎士開局表現如此出色的關鍵原因。",
        "儘管如此，騎士對 76 人最多僅領先 10 分。上週的東部最佳球員 Garland 拿下全隊最高的 25 分，但他仍被 76 人的 Jared McCain 以 34 分壓制。法國球員 Guerschon Yabusele 表現強勢，貢獻了 5 次助攻，且僅差一個籃板就能達成賽季首次雙十。Caleb Martin 和 Kelly Oubre 皆得分上雙，打出高效表現，而 Reggie Jackson 則從板凳出發拿下 13 分。",
        "圖片來源：Getty Images",
        "76 人開局的表現之所以如此糟糕，很大一部份都該歸咎於管理層與教練團。他們早已知道 Embiid 在季初的上場時間會受限，而 George 也在季前賽受傷；即使 Maxey 的腿筋拉傷有些出乎意料，但角色球員仍花了太長時間才展現出凝聚力。不過，既然事已至此，現在的任務就是讓 Nick Nurse 和他的教練團確保球隊在接下來的比賽中能延續對陣騎士的表現。",
        "目前誰都無從得知球隊能如何安排 Embiid 和 George 例行賽的上場時間。不過，76 人直到 12 月 3 日和 4 日才會再有背靠背比賽；而他們背靠背的第二場比賽將再次對陣魔術，這場比賽會是 76 人本季第 20 場比賽，也意味著賽季已經過了四分之一。",
        "考慮到 76 人的賽程在接下來 15 至 20 天內都有足夠的休息時間，在未來大部分比賽中，Embiid 和 George 兩人之間應該至少會有一人出賽。好消息是，Maxey 已傷癒復出，短期內大概不會再發生像對陣騎士一樣三位明星同時缺陣的情況。",
        "而對陣騎士的比賽可能會成為 76 人未來邁向更多勝利的轉折點；即使最終輸球，角色球員似乎從中得到一定自信。隨著 Embiid 和 George 的回歸，這些角色球員不需要再承擔大量責任，應能獲得更多信心。",
        "每位球迷心中對於 76 人應何時重振旗鼓都有自己的底線。悲觀的球迷可能已經對這個賽季失去興趣，因為球隊在開季的第一個月就面臨許多負面消息。樂觀的球迷則會指出，除了騎士和塞爾提克外，其餘東部球隊開局勝率都徘徊在五成左右甚至更差，並認為暫且無須擔心。而現實情況可能介於兩者之間，也正因如此，76 人本賽季接下來第 11 至第 20 場比賽比往年更為關鍵。",
        "【特約編輯 鄭以涵／責任編輯 謝一謙】",
        "🔥更多最新 NBA 精選好文："
    ]
}