{
    "id": "116095",
    "title": "加速起跑——騎士原班人馬的新風貌",
    "date": "2024/11/30",
    "topic": "籃球",
    "author_name": "arenasis",
    "tags": [
        "Nba",
        "克里夫蘭騎士",
        "Cleveland Cavaliers"
    ],
    "article-content": [
        "休賽季Mitchell率先簽下延長合約，使球團無須擔心當家主力跑掉的風險。對其他幾名年輕核心起了帶頭效應，Mobley、Allen、Okoro都完成續約。冠軍固然重要，但金錢無疑也是球員奮戰的目標，一份好合約通常建立在好數據之上，在過程中難免有人會有意無意地把個人鋒頭放到團隊之前。完成各種續約後，騎士主要輪值球員裡明年會成為自由身的，僅有Merrill與LeVert（開季時Jerome當然不算主要球員），這兩位也屬於配合度高的個性。全員回流的騎士加上帶過陣中好幾人的教練，騎士的休息室以極高的安定性迎接開季。",
        "所有騎士輪值球員都衝出比上季更快的節奏（pace），上季全隊僅有Mobley一人場均節奏高過100，他100.58的數字拿到本季，只能排全隊第6快。Pace值並非唯一且絕對象徵球隊風格快或慢的數據，出手投籃的時間點，騎士分佈在進攻時間倒數22-18秒的「非常早」（very early）、18-15秒的「早」（early）兩種比率全都上升，後者甚至佔了總出手量的五分之一。",
        "節奏加快是Atkinson進攻體系最顯而易見的改變，任何對手立足未穩之時的空檔空檔，幾乎都准許球員出手攻擊。騎士以壓倒性的3分火力擊敗勇士後，宿將Draymond Green在比賽中對Curry說道「騎士正用我們這幾年橫掃別隊的方法回敬我們」。賽後他接著提到「騎士重視有目的性的額外傳球，切入 / 分球 / 轉移是勇士不斷標榜的，而今天騎士用這招重擊我們」。奇妙的是，單看傳球次數、肘位觸球數、禁區觸球數、場均進攻端跑動距離等數據，騎士全都做的比上季少，但進攻效率卻超標甚多。",
        "2023-24球季季中騎士的17勝1負，Mitchell有12場得分全隊最高，其中又有3場超過40分，每場要出手9.6次3分球。本季的15連勝，只有5場是Mitchell場得分領銜全隊。當中騎士有5場比賽得分超過130分，追平自己的隊史單季紀錄，而且Mitchell場均只上陣29.9分鐘。Atkinson教練固然在攻防兩端都有不同前任的調整，但看來看去最有感的還是Mitchell不用再一肩扛全隊。",
        "背靠背情況下Ben Simmons因為健康管理而休息，Fernandez教練巧妙地運用Noah Clowney與來自灰熊的Ziaire Williams等替補，配上一個先發Dennis Schroder帶隊咬住不被騎士拉開。側翼線的Dorian Finney-Smith是騎士夏天補強的主目標之一，另外中鋒Nic Claxton整體天分雖不如Mobley，可是單論防守積極度與防守範圍覆蓋率，兩者差距有限。",
        "同時Allen手感超級糟糕使騎士陷入苦戰，一些五五波的play並未得到裁判青睞，籃網長人的干擾來得即時，加上Allen自己各種奶油手。Fernandez教練應該算一口氣維持領先差距，讓Cam Thomas第3節完全打滿。大致上狀態也如他期待地，最多將比分拉到14分差，這或許是騎士本季打最糟的一節。",
        "不過Atkinson在第4節完全棄用Allen、Okoro，將開節組織大權交給Ty Jerome，讓Garland稍做休息。騎士小追6分後，Fernandez教練將先發5人中的4位都投入戰局。騎士只換上Garland跟原本就在的Mobley組配，另3位仍是替補。接著Atkinson使出大膽的一招，連Mobley都下去休息，用Garland-Niang-Merrill-Jerome，由Wade站中鋒，這關鍵的1分半鐘並未造成戰局翻盤，但這個陣容與籃網先發相互僵持，已經足夠給Mitchell、Mobley喘口氣。",
        "最後的6分鐘騎士讓LeVert守死Thomas，此時Claxton、Schroder都已經連打整節毫無休息。唯一的風險只有Jerome也連打整節，但Garland適時與他分擔著接管比賽，在最後幾分鐘裡，Mitchell甚至除了讀秒階段以外都沒有碰球，交給這兩位發揮，收到了好的回報。",
        "兩天後騎士面對公牛，第3節末段在9分落後下，Atkinson直接拔掉先發，排出Niang-Jerome-Merrill-Levert-Wade的全替補。騎士4分鐘內拉出19比4的反擊，直到終場公牛再也無法超前。Atkinson說道「就是純粹嘗試，直到試出一個產生火花的陣容」。從把不佔球權又有身高的Wade放進先發，將雙塔/雙衛兩兩互拆使用，到LeVert-Jerome-Garland的多持球者，Wade與Niang扛禁區的小球……等等陣容的操作，Atkinson將導師之一Steve Kerr瘋狂實驗家的本色發揮的淋漓盡致。往昔騎士的難點是：教練團可以輕易的比賽中保持「一塔+一衛」在場，問題是雙塔雙衛齊上的場合綜效有限，而且進攻空間卡頓很嚴重。目前，要說Atkinson百分之百解決這個狀態，言之過早，但他研究出的雙塔+雙衛+Okoro陣型，淨效率值已經原超J. B. Bickerstaff教練時期的任何一種組合。",
        "有多支強權隊伍尚未與騎士交手，Paolo Banchero剛受傷就遭遇騎士的魔術，與戰術體系始終穩固的勇士，再下一次對戰騎士未必能佔上風。板凳的效率也不可能整季都保持高檔。這波開季累積的連勝，將是騎士爭取東區前二種子的有利資本。",
        "另外，制服組也必須趁著球隊健康狀況（還算）良好的時間，斟酌是否以這套陣容走到季末，特別是前述的LeVert、Merrill與Jerome三位後場，以現行CBA制度，要全部留隊是頗困難的。"
    ]
}