{
    "id": "116039",
    "title": "《2024-25 芝加哥公牛例行賽戰報》G18 輕裝化灰熊與公牛名將二代攜手獲勝",
    "date": "2024/11/26",
    "topic": "籃球",
    "author_name": "AhUtopian/烏托邦/余大",
    "tags": [
        "Nikolavucevic",
        "ZachLavine",
        "LukeKennard",
        "JarenJacksonJr",
        "CobyWhite",
        "TaylorJenkins",
        "DesmondBane",
        "joshgiddey",
        "每天公牛撞一下",
        "BullsH1T",
        "華文公牛第一寫手",
        "BullsGrizzlies",
        "MatasBuzelis",
        "202425芝加哥公牛例行賽戰報",
        "ScottyPippenJr",
        "JaylenWells",
        "JayHuff"
    ],
    "article-content": [
        "兩隊上次交戰是由芝加哥公牛在客場取勝，不過相較於上一次交手，曼菲斯灰熊是排上 Jaren Jackson Jr. 、 Santi Aldama 以及 Zach Edey 的三塔，近來則一方面是 Edey 有些受傷，也讓 Aldama 從板凳出發，而由 Jaylen Wells 、 Brandon Clarke 上場，板凳上也多了 Vince Williams Jr. 。",
        "不過最近幾場比賽，灰熊的三分命中率表現不佳，最近五場平均每場 39 球的出手、卻只有 30.8% 的命中率，在兩軍上次對陣手感火燙的 Desmond Bane 近來進攻狀態也不佳。。",
        "公牛這方除了沒有 Lonzo Ball 外，鋒線上 Patrick Williams 受傷，頂替的 Torrey Craig 可能也未必能健康上場，加上 Josh Giddey 也在近幾場遇到撞牆期，會更需要仰賴 Dalen Terry 、 Julian Phillips 跟 Matas Buzelis 在鋒線上來對抗灰熊。",
        "在批評公牛的防守不好之前，我想先給Taylor Jenkins 非常高的評價，這場對灰熊的比賽，灰熊進攻每個球員執行、判斷的能力，給我直接的聯想就是那個 2014 年奪冠的聖安東尼奧馬刺的流暢感，整場 38 次助攻的數據，不只是來自於外線一場兩場的手感。",
        "怎麼說？",
        "雖然整場灰熊的三分是 19/42 、 45.2% 的命中率，但其實第一節灰熊的三分球只有 4/13 ，但是兩分球是 9/12 、高達 10 次助攻，先利用往禁區攻擊的優勢打開後，製造外圍空檔，才在第二節、第三節製造出更大的三分空檔，單節分別 5/9 、 6/11 ，將公牛的防守打垮。",
        "公牛整場其實進攻表現水準也很高，三分跟灰熊一樣，投籃命中率也是50.5% ，但是禁區整個失守，整場灰熊多搶了公牛14 個籃板、兩分球命中率是36/54 、高達 66.7% 。",
        "那灰熊怎麼將公牛防守打垮的呢？",
        "我還記得有一球， Josh Giddey 守到 Luke Kennard ，然後那個我們熟悉的外圍射手 Kennard ，背對籃框、下了兩次球，用力地頂開 Giddey 、在禁區邊緣跳投得分；所以雖然 Giddey 帳面上拿下 12 分、 7 助攻、 8 籃板，也確實 Giddey 在場上時公牛的進攻是更好的，但只上場 21 分鐘。",
        "把 Clarke 拉上先發，讓 Jackson 跟 Aldama 可以分別各自擔任大範圍掃蕩、也可以換防出去的防守中樞，然後看公牛場上配置的陣容，來決定單一高個、還是搭配 Jay Huff 或 Clarke ，在能夠把 Giddey 逼退不在陣容的情況下，在防守上收到的效果挺不錯。",
        "其實公牛在第二節靠著 Nikola Vucevic 以及 Buzelis 單節分別拿下 13 分跟 12 分的精采表現，其實中場打完相差不多，而上半場僅得3 分的 Zach LaVine 、 2 分的 Coby White ，似乎也決定要加把勁逆轉佔據，在第三節分別拿下 17 分跟 9 分、想要迎頭趕上。",
        "然而，前公牛名將 Scottie Pippen 的兒子 Scotty Pipper Jr. ，在父親以及父親效力過的球隊面前，單節 6 投全進，加上單節 12 次助攻，硬是在這節以 45-38 、灰熊在把領先拉大，自己單場 30 分的表現也是生涯新高，決定了比賽勝負。",
        "Aldama 被移到板凳後，上場時間還是有維持住，甚至還有著更高的 USG% 跟 EFG% 、這就要順帶提一下，即便有傷勢影響，本季灰熊的上場時間真的非常平均，而這反映陣容的多變性，真的很容易被忽視。",
        "在進攻技巧上頗為多元的 Aldama ，這場從板凳出發，所展現出來的是傳球技巧，不只是 5 次助攻的數字，這 5 次助攻產生的方式都很不禁區球員，包含了外圍接球、三脅切入後的分球，還有快攻自己帶球傳球，以及在外圍導傳後。",
        "時間｜23:36得分｜10投籃｜4/10籃板｜10助攻｜5抄截｜2",
        "而這一場是兩隊的本季新秀各自本季代表作。",
        "在灰熊端，大放異彩的則是第二輪的 Wells ，近期被拉上先發，這一場Wells 跟 Pippen 是灰熊由上而下狠狠地把牛頭巴在地上的一對熊掌， Wells 投 14 中 10 、包含 6 個三分，拿下 26 分也跟 Pippen 一樣是寫下生涯新高，而6 次助攻也是他的生涯新高。",
        "板凳還有一個 Huff ，這場也是投 6 中 5 、加上三投全進的三分，當灰熊能在Bane 跟 Jackson 都健康正常出賽，還可以靠著 Pippen 、 Wells 跟 Huff ，三個人加起來 28/36 、拿下 70 分，這真的不只是公牛的防守、灰熊的手感，也一定是球隊有在比賽中善用跟執行。",
        "公牛端自然就是 Buzelis ， Buzelis 在第二節投 7 中 5 拿下 12 分，然後當我看到有幾球 Buzelis 跟 Aldama 剛好互相對上時，越看越覺得兩個人的技能組合還真是相像。",
        "這幾場看下來，特別是看到灰熊這場，我覺得比起 Buzelis 做外圍防守、拉下來讓他做 2-4 號的大型側翼，也許另外一條路，我自己甚至覺得更適合的，是讓Buzelis 可以在特定的對戰組合中打單中鋒、活動他的補防跟封阻能力，這場對面的灰熊不管是 Jackson 或是 Aldama 都有很多用法可以參考。",
        "這場是 Buzelis 本季上場時間最多的一場，Billy Donovan 也說會逐漸多使用他，這件事情應該是公牛迷都非常期待發生的。",
        "時間｜29:24得分｜14投籃｜6/13三分｜2/5籃板｜3"
    ]
}