{
    "id": "116017",
    "title": "從逆境中崛起的射手 - Max Strus人物誌",
    "date": "2024/11/26",
    "topic": "籃球",
    "author_name": "BT",
    "tags": [
        "騎士",
        "Nba",
        "熱火",
        "籃球",
        "Max Strus",
        "#賽爾提克"
    ],
    "article-content": [
        "去年夏天騎士與熱火、馬刺達成三分交易，以四年6300萬的價碼簽下Max Strus，大大提升了騎士在外圍的威脅，為雙衛帶來不可或缺的三分投射能力。而在此之前，Max的籃球生涯並不是打從一開始就這麼順利。",
        "「我從來沒有想過我會在NBA打球」",
        "Max Strus在與Micheal Scotto的採訪中提到。",
        "圖片來源：The Wes Side - Substact",
        "那時是Max剛轉學到DePaul後的沒幾天，教練問了Max他之後的職籃生涯怎麼規劃？「我跟他說我以後應該會去歐洲各國打球，想辦法餬口飯吃。」然而在幾次的練習後，總教練Dave Leitao把Max叫到了辦公室說到「你要改變你的目標，你是有辦法在NBA打球的球員，你是那塊料。」而這句話也完全改變了Max，造就了現在的他。起初Max Strus的身高一直到高二時都還只有5呎9吋，這讓他放棄了原本想打美式足球的想法並打算改打棒球，結果沒料到的是，在接下來的兩年中他的身高暴漲來到6呎5吋，加上日漸增長的球技，讓Max決定往籃球的方向發展。儘管個人不屈不饒的努力，Max在高中時的表現卻沒有獲得太多的認可和注意，提供給他獎學金的學校寥寥無幾，但不氣餒的他決定前往D2的Lewis University打磨球技，而新人年的他馬上就有所表現站穩先發，第二年則是完全的屠宰賽場，以場均20.2分8.4籃板3.5助攻入選D2的全美第一隊。這樣的表現總算讓一些D1的強權學校看到了他，但Max卻選擇了他母親曾經效力過且離家較近的DePaul大學。在DePaul Max不但沒有因為層級上升而適應不良，相反的他不但站穩先發還拿下全隊最高場均16.8分，第二年甚至入選該區年度第二隊。在大學賽場大放異彩的他決定投入2019年選秀，然而，進入NBA的路並不平坦。在漫長的選秀夜中，Max沒有聽到自己名字被唸到，但隨後塞爾提克馬上找上了他，並表示願意以雙向合約簽下Max。「我知道我有可能會在二輪末被選到或是落選，但塞爾提克在選秀結束後馬上就來找我了，所以我想我在選秀夜中是成功的，畢竟我得到了證明自己的機會。」",
        "圖片來源：Masslive.com",
        "塞爾提克最後並沒有久留Max，被釋出後公牛很快的就找上了他，然而傷病卻也在這個時候找上門來。在一場發展聯盟的比賽中Max Strus的左膝十字韌帶斷裂，讓他的賽季提前結束整季報銷。",
        "「那是一段很艱難的時光，但我知道消極和懊悔並不會使我更好的渡過難關。」「我不知道我是否還會有機會挑戰NBA，因為在我還沒受傷前其實就沒有多少機會了。」「我很幸運熱火給了我機會，那是我的唯一的機會了。」「所以我比任何人都更清楚，我把握住並利用它站穩腳步。」",
        "Max Strus也確實如他所說抓住了這個機會，出色的投籃和防守能力給教練團留下了深刻的印象。不屈不饒的精神，關鍵時刻的投籃和拼勁都讓他在熱火隊成為了至關重要的戰力之一。Max Strus的籃球生涯是一段在逆境中的堅持與勝利，也證明了努力與決心的力量，而他的故事還遠未結束，繼續在騎士隊寫著他的傳奇生涯。",
        "-BT"
    ]
}