{
    "id": "116119",
    "title": "《2024-25 芝加哥公牛例行賽戰報》G19 巫師首節優勢遭公牛後勢踐踏",
    "date": "2024/12/01",
    "topic": "籃球",
    "author_name": "AhUtopian/烏托邦/余大",
    "tags": [
        "KyleKuzma",
        "CobyWhite",
        "TalenHortonTucker",
        "JalenSmith",
        "CoreyKispert",
        "joshgiddey",
        "每天公牛撞一下",
        "BullsH1T",
        "華文公牛第一寫手",
        "DalenTerry",
        "JulianPhillips",
        "AlexSarr",
        "MatasBuzelis",
        "202425芝加哥公牛例行賽戰報",
        "BullsWizards"
    ],
    "article-content": [
        "第一節華盛頓巫師在芝加哥公牛投籃9/29 、三分 1/13 的糟糕投籃手感，還有 Kyle Kuzma 單節拿下 15 分的帶領下取得領先，然而第二節公牛一方面防守上開始變陣為帶有區域防守，單節製造巫師 6 次失誤、還有 8/22 的命中率，自己進攻也在Coby White 單節10 分、板凳球員單節合計 18 分，這節直接把比賽倒打回來。",
        "Kuzma 在第一節 6/11 的投籃表現後，後續三節只有 1/7 ，除了新秀 Alex Sarr 單場三分 4/5 拿下 20 分，沒有其他進攻點，公牛也就在下半場的兩節都保持穩定的領先，最後以本季最大勝分差 19 分，以 127-108 打贏巫師；在公牛其實對於外線沒有特別嚴防的情況下，Corey Kispert 本季低迷的三分，本場也僅僅 8 投 1 中，會不會是本季巫師後衛都比較偏向雙能衛，所導致的結果呢？",
        "對於公牛來說，在經過了幾場 Josh Giddey 防守端被打點的狀況後，這場開始用更多的區域防守來試圖填補，看接下去幾場會不會也有類似的應用，而 Giddey 在進攻端，一方面比起前幾場有更敢於碰撞，製造了 8 次罰球，但是他左手單手、穿越整個半場的大角傳球，也被巫師預判倒幾次。",
        "而在前一場曼菲斯灰熊戰，替補上陣、表現不差的 Talen Horten-Tucker ，這場持續繳出不錯的表現，有點稍微替代 Dalen Terry 在輪替中的時間；替補陣容整場拿下 46 分，特別是 Jalen Smith 這場在三分四投盡墨的情況下，還能拿下12 分、板凳最高分，算是他本季比較特別的貢獻方式。",
        "雖然是在本季發揮相當好的 Jordan Poole 缺陣情況下得到的勝利，但算是公牛本季第一場給人比較游刃有餘的勝利，板凳有5 個人上場超過 15 分鐘的 10 人輪替也驗證這點，這當中年輕側翼的 Matas Buzelis 、Julian Phillips 跟 Terry 三個人都有拿到不少的上場時間，也是好跡象。"
    ]
}