{
    "id": "116180",
    "title": "連3年首月MVP，成為聯盟第一人的「六邊形戰士」：Jayson Tatum",
    "date": "2024/12/04",
    "topic": "籃球",
    "author_name": "JGT",
    "tags": [
        "Nba",
        "Mvp",
        "波士頓塞爾提克",
        "Jayson Tatum",
        "Jaylen Brown",
        "Boston Celtics",
        "Shai Gilgeous-Alexander"
    ],
    "article-content": [
        "NBA官方在台灣時間12月4日時，公布了2024-25賽季10月、11月的單月MVP，最終是由塞爾提克的Jayson Tatum、雷霆的Shai Gilgeous-Alexander雀屏中選。不論是從個人數據或球隊戰績來看，2人這次得獎都稱得上實至名歸，但其中最值得注意的是，Tatum自2022年起已連3年抱走首月MVP，成為NBA名符其實的歷史第一人。",
        "2024年對Tatum來說非常重要，他與Michael Jordan、LeBron James一樣，在生涯第7個賽季率領球隊拿到總冠軍。不過，即使他在季後賽承受著對手的重兵看防、捨棄了過去秉持的英雄主義，在進攻端積極為隊友製造機會，但最終他的搭檔Jaylen Brown卻成了雙料FMVP。此外，本該挾帶著奪冠氣勢衝擊巴黎奧運的他，又被美國隊總教練Steve Kerr凍在板凳上，讓各界相當期待Tatum有沒有可能在新賽季爆發？",
        "「Tatum將在下個賽季成為MVP，大家等著看吧！」過去曾在塞爾提克效力3年，並留下許多熱血時刻的Isaiah Thomas，在看到Tatum被Kerr冷凍後發文寫道。",
        "隨著賽季進行了1個多月，Tatum似乎真的身體力行回應了各界的質疑，若以NBA官方的年度MVP追蹤排行榜來看，他在最新一期也高居第2名，僅次於已經稱得上是「bug」的Nikola Jokic。",
        "如果只看10月、11月的數據，Tatum場均可以攻下28.7分8.5籃板5.8助攻1.4抄截，成為球隊的得分王、籃板王、助攻王、抄截王。如果單就帳面數據來看，Tatum攻守兩端的表現，的確很符合台灣PTT球迷給予的「六邊形戰士」封號。",
        "就目前的情況來看，Jokic無疑是Tatum在競逐年度MVP之路中的最大勁敵，但在金塊本季表現不如預期的情況下，綠衫軍與騎士在東區獨居一檔次的宰制力，或許能夠為他加不少分，因此如果把戰績也考慮進去的話，即使SGA在最新一期的MVP排行榜僅名列第5，但首月繳出場均29.8分5.3籃板6.6助攻1.7抄截的他，加上雷霆再度衝上西區第一的氣勢，似乎更能夠與Tatum一較高下。",
        "不過，開季命中率暴跌的Brown有可能會隨著賽季進行逐漸找回準心，加上Kristaps Porzingis傷癒歸隊，Tatum的場均數據很可能會開始下修。此外，若以過去2季的趨勢來看，Tatum雖然擺脫生涯前期「慢熱」的毛病，但反而有了「開高走低」的趨勢，這對一心想要拿到MVP來證明身價的他來說，或許也是一個很大的不利條件。",
        "以數據來看，Tatum在2022-23賽季首月的場均成績為31.6分7.8籃板4.5助攻，並保有48.8%、36.6%、87.3%的三圍命中率，然而在進入季後賽後，他的上場時間雖然增加，但數據卻下修至27.2分10.5籃板5.3助攻，投籃命中率及三分球命中率更掉至45.8%、32.3%。",
        "2023-24奪冠年也是如此，Tatum首月繳出27.7分8.8籃板4.1助攻、三圍命中率49.4%、36.1%、80.7%的成績單，但季後賽反而只有25分9.7籃板6.3助攻，更別提大幅暴跌的42.7%投籃命中率、28.3%三分球命中率。",
        "Tatum日前在接受美媒《富比士》專訪時，談到了他對於未來生涯的憧憬，其中他再次以偶像Kobe Bryant舉例，認為不能因為一座冠軍而自滿，必須把一切奉獻給籃球，讓自己能夠在離開籃球場時不留遺憾。另外，他也坦言自己還有很多目標尚未完成，像是更多的總冠軍、年度MVP，以及與自己擦肩而過的FMVP。",
        "筆者個人也很支持Tatum盡全力追求更高的歷史地位，畢竟每一名NBA球員，甚至是世上所有人都希望能不斷往高處爬。不過，如果以一名塞爾提克球迷的角度出發，筆者更希望看到Tatum去追求FMVP獎盃，因為總冠軍帶給波士頓球迷的感動，絕對勝過個人殊榮。",
        "Tatum在上季總冠軍賽雖然帳面數據不如Brown，但他在攻守兩端全心全意只為求勝、扛起所有大小事情的打法，更符合筆者心中FMVP應該要有的樣子。相較於開季回到大量運球丟炸彈、打英雄球的Tatum，筆者更喜歡上季季後賽雖然投不進，但存在感極度強大的Tatum，只願他不會為了追求數據及個人榮譽，而遺失上季好不容易培養出來的團隊意識與大局觀。"
    ]
}