{
    "id": "116155",
    "title": "《2024-25 芝加哥公牛例行賽戰報》G22 籃網傷兵陣不敵公牛新秀突破表現",
    "date": "2024/12/03",
    "topic": "籃球",
    "author_name": "AhUtopian/烏托邦/余大",
    "tags": [
        "Chicagobulls",
        "Nikolavucevic",
        "Brooklynnets",
        "ZachLavine",
        "TalenHortonTucker",
        "ShakeMilton",
        "joshgiddey",
        "KeonJohnson",
        "ZiaireWilliams",
        "每天公牛撞一下",
        "BullsH1T",
        "華文公牛第一寫手",
        "AyoDosunmu",
        "TrendonWatford",
        "JulianPhillips",
        "MatasBuzelis",
        "BullsNets",
        "202425芝加哥公牛例行賽戰報",
        "JordiFernandez"
    ],
    "article-content": [
        "即便過去五場比賽中，得分主力 Dennis Schroder 跟 Cam Thomas ，以及蠻重要的角色球員 Dorian Finney-Smith 各自都有因傷缺陣，但布魯克林籃網拿下 3 勝，而且對手是沙加緬度國王、金州勇士跟鳳凰城太陽。",
        "教練 Jordi Fernandez 的帶隊功力，在這五場中呈現出來的是球隊本來的後段人選都能紛紛補位上陣，這五場都有健康出賽的除了先發主力 Cam Johnson 外，包含 Keon Johnson 、 Shake Milton 、 Trendon Watford 跟 Ziaire Williams ，這四位球員都有挺身而出。",
        "本季的籃網在三分出手上，命中率 39.2% 排第二，每場出手 40.2 排第六、進球 15.8 則排第五，但是進攻回合數 96.4 卻排在聯盟最後一名，讓對手的 EFG% 56.5% 也是聯盟最後。",
        "包含 DFS 、 Thomas 跟 Cam Johnson 三個先發主力因傷，還有 Ben Simmons 日常缺陣的籃網，這場先發陣容讓人感到有點陌生，卻反而在第一節讓公牛有些措手不及，特別是進攻端上蠻積極製造公牛的犯規、還有防守端的執行能力，第一節就創造 11 次罰球機會，若非公牛第一節有奇兵殺出，籃網其實在整個局面上是更佔優勢的。",
        "這個奇兵就是 Matas Buzelis ，由於 Coby White 本場缺陣、Julian Phillips 拉上先發，整個板凳的輪替次序跟時間有些調整，而 Buzelis 第一節上場就拿下單節全隊最高的 8 分。",
        "而當公牛回過神，好好看清楚對手活力有餘、但進攻創造力不足的傷兵殘陣後，第二節從防守做起，單節讓籃網投 25 中 9 ，即使自身投籃表現也沒有特別出色、還有 Josh Giddey 有些離譜的失誤，但單節也以27-21 開始取得優勢。",
        "到了下半場，人手不足的籃網進攻端仍舊被公牛鎖死在單節只有22 分，而公牛本季得分穩定的 Zach LaVine 跟 Nikola Vucevic 出來各自單節 10 分，加上 Buzelis 整場好調，以及 Giddey 調整後、單節傳出 6 次助攻，這節 36-22 公牛直接拉開比數，也把比賽勝負定調。",
        "前一場忘記寫到， LaVine 在前一場成為在公牛投進最多三分的紀錄保持人，超越了 Kirk Hinrich ；然後 Vucevic 本季的後仰跳投有點神奇。",
        "最後一節，即便公牛後續防守有些放鬆，但悶了好一陣子的 Giddey 以及最近火燙的 Talen Horten-Tucker 持續在進攻端斬獲，前者完成大三元、而後者單節雙位數得分，讓這場比賽公牛以本季自己最大 26 分勝分差， 128-102 取得勝利， 102 分也是公牛本季讓對手得分第二低的一次。",
        "這場是 Buzelis 本季的代表作，首先是 Buzelis 在防守端目前展現出來的影響力非常值得留意，雖然在第一線對位上還是會因為經驗因素有所吃鱉，但他的第二線補防可以說是公牛隊最有嚇阻力的，如果Patrick Williams 歸隊後，我很想讓Buzelis 能以中鋒身分搭配 Williams 看看。",
        "在進攻端，教練團給 Buzelis 的課題清楚、但是自由度也蠻大的。",
        "他的課題就是快攻跟空檔三分，近來在三分出手的果斷度有比熱身賽跟夏季聯盟提升非常多，若是 Buzelis 偶爾想做些下球切入，雖然目前在運球、收球的空間掌握與身體對抗上，確實還要適應，但教練團也不會因此禁止。",
        "時間｜21:48得分｜20投籃｜7/10三分｜4/5籃板｜5火鍋｜2",
        "此外， Giddey 也拿下自己在公牛的第一次大三元，但這並不是如同成績上看起來那麼一帆風順，Giddey 在十一月的進攻很明顯遇到瓶頸，投籃跟三分命中率從 10 月份的 48.2%-58.8% －對， Giddey 十月份的三分比兩分準很多－雪崩到 11 月份的 42.1%-29.1% 。",
        "這場比賽、特別是在第二節一開始， Giddey 其實蠻多無腦的失誤，加上三分也投不太進，但公牛開始找出 Giddey 新的使用方法，這看起來是針對魔術的防守策略。",
        "當 Vucevic 在拉出來三分線外，會先讓 Giddey 在三分線 45 度角，這時候對方通常會對 Giddey 守比較鬆失去注意力，而同時公牛剛好有球員繞底到同一邊，這場通常是 Ayo Dosunmu 或 Buzelis ，原來盯防 Giddey 的球員失去注意力，這時候 Giddey 空手走位拿到球，可以有利用身材單打的機會。",
        "當利用這個方式打開後，Giddey 下半場就打得順多了，看得出來下半場 Giddey 也發現自己進攻難得找到感覺，因此在要球、快攻的主導性上非常強烈。",
        "時間｜31:54得分｜20投籃｜9/17三分｜1/8籃板｜13助攻｜11抄截｜1火鍋｜1失誤｜5"
    ]
}