{
    "id": "116133",
    "title": "快艇126-122險勝金塊！不敢想像Leonard歸隊後的快艇會是何等可怕！",
    "date": "2024/12/02",
    "topic": "籃球",
    "author_name": "sherloockyan1117",
    "tags": [
        "Nba",
        "快艇",
        "金塊"
    ],
    "article-content": [
        "快艇126-122擊敗了金塊，其中James Harden飆進39分9板11助的華麗數據，其中命中了6顆三分球，職業生涯的總三分已經突破3000大關，是NBA歷史上第二位完成這一壯舉的球員，第一名是誰不用說也知道。",
        "賽季初，哈登曾經說過，自從離開火箭後，哈登的身體狀況一直有問題，在籃網時期更是多次帶傷出戰。直到本賽季，哈登的身體狀況才終於回到百分之百的狀態。",
        "從目前來看，哈登並沒有說謊。",
        "當然，依靠哈登一人是不可能擊敗擁有Nikola Jokic的金塊的。Normam Powell多次在關鍵時刻挺身而出，這場比賽Powell也得到了28分，同樣也是快艇贏球的功臣。",
        "金塊這邊，Jokic也是砍下28分14板11助的大三元數據，可惜快艇的外線手感實在是太火燙了，快艇全隊一共投進了18顆三分球，命中率更是接近五成，簡直可怕。",
        "金塊並不是沒有贏球的機會，但每當即將扳平或者反超的時候，哈登和Powell都會跳出來穩住局面…… 再加上金塊全隊的罰球是糟糕的19罰10中，一共投丟了9顆罰球，這也是輸球的原因之一。",
        "贏下金塊後，快艇的戰績來到13勝9負，這在競爭慘烈的西區，其實非常不容易。",
        "或許大家都忘了，這支快艇的頭號球星，其實不是哈登也不是Powell，而是目前仍在養傷且歸期未定的Kawhi Leonard，大家還記得他嗎？哈哈！",
        "不要求Leonard可以重拾馬刺後期和暴龍時期那攻防一體的狀態，如果Leonard可以成為像馬刺生涯初期那樣的防守大鎖，那對於快艇來說，無疑是如虎添翼。",
        "快艇這支球隊雖然已經雷聲大雨點小很多年，每當球迷認為他們即將有所作為的時候，傷病往往都會找上門。",
        "希望快艇可以遠離傷病吧！"
    ]
}