{
    "id": "116131",
    "title": "籃網的未來：從逆境中蛻變的堅韌之路",
    "date": "2024/12/02",
    "topic": "籃球",
    "author_name": "伯特",
    "tags": [
        "防守",
        "籃網",
        "魔術",
        "重建",
        "傷病"
    ],
    "article-content": [
        "2024年的感恩節後，NBA的節奏迅速從假期的慵懶轉回競爭的激烈。而對於布魯克林籃網來說，這個週末的兩場對決，不僅僅是例行賽程中的一部分，更是一場精神和戰術上的洗禮。連續兩晚主場迎戰奧蘭多魔術，這支正處於重建階段的年輕球隊，用行動和韌性，書寫了一段關於成長的故事。",
        "第一夜的教訓：殘陣中的努力",
        "在NBA盃錦標賽小組賽的最後一場比賽中，籃網遭遇了一場令人遺憾的失利，以123比100大比分敗給了魔術。然而，這場比賽的意義遠不止於比分的懸殊。它像一面鏡子，映照出籃網重建的現實，也展現了球隊現階段所面臨的挑戰與希望。",
        "傷病與陣容挑戰",
        "Dennis Schroder和Cam Thomas這兩位關鍵球員的缺陣，讓籃網的進攻體系幾乎癱瘓。缺乏穩定的控場和得分手段，導致球隊在場上顯得零散且乏力。上一場對太陽砍下生涯新高30分的Tyrese Martin被迫以先發後衛出場，這對於一名生涯總得分僅33分的雙向球員來說，是一個巨大的挑戰。但Schroder、Thomas、Dorian Finney-Smith、Noah Clowney全數缺陣，讓上一場爆發的Martin擔任奇兵是個合理的選擇。",
        "Martin在比賽中拿下了8分，但更重要的是，他展現出的努力和拼搏精神為整支球隊注入了一絲活力。在巴克萊中心的觀眾面前，他的每一次爭搶籃板和防守對抗，都讓人看到這支年輕球隊的韌性。8分表現或許算不上出色，但展現出了籃網「下一個人站出來」的球隊文化。",
        "魔術的成熟與強大",
        "與籃網形成鮮明對比的是，魔術的年輕核心Franz Wagner展現出了驚人的成熟。他在比賽中貢獻了29分、8籃板和8助攻，幾乎一手主宰了比賽。他的球場視野、運球節奏和得分手段，不禁讓人聯想到未來聯盟中的頂級側翼。",
        "此外，Kentavious Cardwell-Pope 的三分表現更是無懈可擊。魔術全場三分球35投18中，這樣的命中率加上原本就很會在禁區得分的進攻破壞力對籃網防守體系的是一次毀滅性的打擊。",
        "第二夜的反擊：尊嚴之戰",
        "在第二場比賽中，儘管籃網最終仍以100比92不敵魔術，但球隊展現出的精神和鬥志，讓整個比賽過程充滿了看點。這不再是一場懸殊的對決，而是一場泥濘中的抗爭。",
        "身體對抗與防守拉鋸",
        "比賽一開始，雙方就陷入了一場以防守為核心的對決。裁判哨聲頻繁響起，身體對抗成為場上的主旋律。主持人Ryan Ruocco打趣地說：「如果你喜歡犯規，這絕對是你的比賽。」這句話道出了比賽的激烈程度。",
        "Keon Johnson成為了這場比賽的亮點之一。他的防守不僅令人驚嘆，還多次在快攻中拿下關鍵分數。他的拼勁和速度彷彿在宣告：這是一支正在成長的球隊，而他將是這個過程中的中流砥柱。",
        "核心球員的起伏",
        "Cam Johnson則在比賽中貢獻了全場最高的26分。作為一名有經驗的側翼球員，他在進攻端的表現為籃網注入了急需的火力。然而，在比賽中他再次扭傷了腳踝，這不禁讓人為他的未來健康擔憂。Nic Claxton的傷病狀態繼續令人擔憂。他的背部傷病限制了他的運動能力，也影響了他在內線的影響力。在比賽中，他的表現顯得掙扎且不穩定，最終因犯規過多被罰下場。Ben Simmons全場僅出手一次，膝蓋疼痛、背傷與心理壓力似乎已經將他變成一個謹慎的傳球手，而非進攻的威脅。",
        "總結來說，籃網本賽季對陣魔術三場全敗，最主要的原因就是整體身材不足導致禁區防守崩潰，畢竟連Goga Bitadze、Wendell Carter Jr.、Moritz Wagner面對ＮNic Claxton都能用身材打進，甚至連Franz Wagner面對籃網所有側翼都有身材優勢。內縮禁區的防守策略是正常的。只是第一場籃網沒有一個合格的控衛好好指揮，加上魔術外線大暴走在第二節短暫拉鋸之後就一去不復返。第二場魔術外線校正回歸後就繼續用身材霸凌籃網禁區屢試不爽。",
        "對鎮西區三連勝最主要的還是因為這三支球隊的進攻核心都還是搖擺人和後衛為主，對上魔術陣型相剋只能遺憾吞敗。",
        "文化與戰術的萌芽",
        "Jordi Fernandez的執教風格，是籃網這支年輕球隊的一大亮點：善於鼓勵球員，激發他們的潛力，並從每一次失敗中汲取教訓。他像是一位耐心的園丁，知道現在播種的種子，或許在未來會開出絢麗的花朵。",
        "在第二場比賽中，籃網的防守策略雖然未能完全奏效，但他們成功逼迫魔術出現21次失誤。這在一定程度上彌補了在體能和身體對抗上的劣勢。",
        "更令人印象深刻的是這支球隊的文化。「下一個人站出來」不再只是一句口號，而是真實地體現在每位球員的行動中。Tyrese Martin和Keon Johnson的努力，成為了這支球隊未來的希望。",
        "重建的啟示：籃網的下一步",
        "對於球迷來說，這可能看起來很艱難。連續兩場輸給同一支球隊，而且比分都相當懸殊。但真正的籃球智慧在於看穿表象，理解成長的過程。每一次失利都是一次學習的機會，每一個殘陣都是考驗球隊韌性的試金石。",
        "籃網的重建是一條漫長而充滿挑戰的道路。他們既不是聯盟頂級球隊，也不是徹底的重建之旅。他們的現狀像是一片模糊的灰色地帶，既充滿了不確定性，又蘊藏著無限的可能性。",
        "薪資帽的靈活運用、選秀權的策略性交換、年輕球員的培養，這些都是籃網需要解決的問題。然而，在這些數據和策略背後，更重要的是他們正在塑造的球隊文化。對面的魔術正是現在重建球隊的表率：以高球商的大型側翼Franz Wagner和Paolo Bancheror及頂級POA Jalen Suggs為建隊核心；靠著Jamahl Mosley為球隊重新打造符合現代潮流的攻防體系；善於利用傷病潮培養原先不如預期的首輪新秀Wendell Carter Jr.、Moritz Wagner、Goga Bitadze成為這兩個賽季的重要輪替。",
        "在NBA的舞台上，成功從來不是一蹴而就的。每一支偉大的球隊，都需要經歷成長的陣痛。對於布魯克林籃網來說，這兩場比賽或許不會成為賽季中的轉折點，但它們卻深刻地刻畫了這支球隊的精神與韌性。",
        "當賽季結束，人們或許不會記得這兩場具體的比分，但他們會記住這支籃網隊從不輕言放棄的精神。在NBA這個殘酷的叢林中，唯有堅韌者才能生存，唯有勇於嘗試者才能成長。",
        "布魯克林籃網，正在用自己的方式，為未來書寫一段屬於自己的篇章。"
    ]
}