{
    "id": "116161",
    "title": "NBA》交織的競逐 在Curry時代下的另一名MVP - James Harden",
    "date": "2024/12/06",
    "topic": "籃球",
    "author_name": "運動視界編輯",
    "tags": [
        "Mvp",
        "三分球",
        "金州勇士",
        "洛杉磯快艇",
        "Stephen Curry",
        "James Harden"
    ],
    "article-content": [
        "美東時間 11 月 18 日晚上，Stephen Curry 與 James Harden 站上球場，他們分別走向兩端，獨自靜靜等待比賽開始：兩名 NBA 史上成就最輝煌的三分射手，正準備為他們驚人的職業生涯數據再增添一筆。",
        "賽前，快艇主場仍瀰漫著開場表演後的煙霧餘燼，同時也掀起了關於歷史的討論，因為 Harden 前一天才剛達成一項重要里程碑。",
        "2975 顆：這是 Harden 職業生涯歷經無數輝煌時刻後（包括全明星賽、得分王頭銜、一座 MVP 獎盃等）所命中的三分球總數。他在前一天超越了 Ray Allen，躍居歷史三分榜的第二名。",
        "排在他前面的是 Curry，擁有和其天賦一樣驚人的數據：3782 顆。這比排名第二的 Harden 足足多了 807 顆三分。而站在比賽場上面對著 Harden 的正是這名球員。",
        "作為 NBA 史上兩名頂尖三分射手，這種比較關係似乎成了整場比賽的焦點。當記者問到勇士總教練 Steve Kerr 對 Harden 達成紀錄的看法時，Kerr 提到，Harden 的三分能力結合製造犯規的技巧讓他更加難以防守。",
        "「這就是面對 Harden 會遇到的挑戰。」 Kerr 說道。 「他能夠得分，並且非常出色，毫無疑問是名人堂等級的球員。不過，如果讓他在比賽中獲得 12 到 13 次罰球機會，對手將很難贏下比賽。」",
        "記者向快艇總教練 Tyronn Lue 提出疑問：「隨著 Harden 創下新的里程碑，人們是否真的會將他視為三分射手？」",
        "Lue 說道：「我並不這麼認為。大家會想到他的後撤步和得分能力，但不會想到他是史上三分球命中數第二多的球員。」",
        "記者追問道：「我們應該將他視為三分射手嗎？」",
        "Lue 笑著說道：「我想現在是時候了吧。好比最初大家都視 LeBron 為傳球優先的球員，如今他卻成了歷史得分王；這和 Harden 現在的情況差不多。」",
        "回到比賽場上，Harden 和 Curry 在歷史三分榜中佔有難以撼動的地位。這場比賽也象徵了歷史相互交織的時刻：Harden 在締造紀錄的隔天，再次與 Curry 正面交鋒。",
        "好比劇本安排好一般，Harden 率先得分。比賽僅開始 130 秒，他便在三分線外出手，再次將自己的三分命中數增加為 2975 顆。",
        "Curry 微微點頭，隨即走向球場另一端，幾秒後也以三分還以顏色：3783 顆。",
        "儘管 Curry 和勇士頑強反撲，最終 Harden 仍帶領快艇拿下這場比賽的勝利，以 102 比 99 擊敗勇士。Harden 送出 16 次助攻，但僅得 12 分，投籃 15 中 4，三分 6 中 2。Curry 則以 26 分成為全場得分最高的球員，三分 15 中 6。",
        "圖片來源：Getty Images",
        "然而，作為歷史上兩名最偉大的三分射手（至少以命中數來說），兩人之間仍有明顯差距。儘管 Harden 的新里程碑貌似拉近了他和 Curry 的地位，但實際與 Curry 相比卻更凸顯出兩者的距離──遠比他們三分命中數的差距更大（當時相差 811 顆）。",
        "諷刺的是，Harden 在締造個人非凡記錄的隔天，便與 Curry 交手。這就是歷史最偉大球員（GOAT）的特點：他們的光芒過於耀眼，甚至能讓周圍其他球星黯然失色。",
        "儘管 Harden 的偉大無庸置疑，但他至今還沒拿過冠軍。他不是歷史前十的球員；即使他付出許多努力且進攻技巧絲滑，本季更一肩扛起快艇，幫助球隊取得超過五成的勝率，他仍無法展現出像 Curry 一樣令人敬畏的統治力。",
        "然而，在 Curry 崛起之初，有些人認為 Harden 的光芒會壓過 Curry。",
        "Harden 比 Curry 更早成為全明星球員。他在雷霆效力時贏得了最佳第六人，而當時 Curry 尚未獲得過任何 MVP 選票。Harden 也比金州勇士率先打進 NBA 總決賽；當時的勇士可以說是美國體育界最缺乏競爭力的球隊，沒人會相信他們能踏入總決賽。",
        "當 Curry 終於在 2014-15 賽季有所突破時，許多人（包括聯盟其他球員）對於 Curry 比 Harden 更為出色的觀點嗤之以鼻。很多人現在可能已經忘了，但當時有些NBA 球員對 Curry 獲得 2015 年 MVP 感到相當不滿，以至於球員工會（NBPA）設立了自己的 MVP 獎項，以抗衡由媒體票選出來的結果。",
        "而球員工會當年選出的首屆短命 MVP 是誰？答案就是James Harden。",
        "大約十年前，Curry 的時代在質疑聲浪中展開，在 Curry 覺醒的幾年前，一名記者與當時正在崛起的 NBA 球員（如今已是巨星）在休假日共進晚餐，他們在一家運動酒吧觀看勇士對尼克的比賽。",
        "當時，年輕的 Curry 在麥迪遜花園拿下 54 分，那名球員喝著啤酒讚嘆道：「這傢伙將來一定會成就非凡。」",
        "然而幾年後，當 Curry 真的成為巨星時，那名球員卻不願再提及那天晚上的事，也對於 Curry 的相關問題顯得相當反感；接下來數年也頻頻出現類似情況，當時一些頂尖球員的經紀人和朋友會試圖向他人暗示 Curry 被高估了。",
        "但如今這些非議已不復存在，Curry 的偉大早已不言而喻；正如同 LeBron 加盟熱火的第一年，人們對他的嫉妒與怨恨達到高峰，卻也隨著他取得的成就逐漸消逝；也好比 Michael Jordan 當初場上的對手從敵人變成了朋友，抑或對他產生了欽佩之情。",
        "勝利是躋身史上最偉大球員之列的關鍵，這種偉大不但能締造歷史，更能改變人們的看法。",
        "Harden 也擁有屬於他的偉大，他的好友 Kevin Durant 在他躍升歷史三分榜第二名後，用社群媒體發文讚美道： 「恭喜你，JH，達成一項了不起的成就。你所付出的努力都得到了回報，你的比賽激勵全世界許多人，你一直是個很好的隊友和朋友。」",
        "然而，Harden 在那名他永遠無法追上的三分射手面前，光芒終究黯淡許多。",
        "在 Harden 創下里程碑慶祝之餘，這仍然是屬於 Curry 的時代。",
        "【特約編輯 鄭以涵／責任編輯 謝一謙】",
        "🔥更多最新 NBA 精選好文："
    ]
}