{
    "id": "116194",
    "title": "《再次逆襲的灰熊次輪秀！》本月西區最佳新秀-Jaylen Wells",
    "date": "2024/12/05",
    "topic": "籃球",
    "author_name": "Grindcity",
    "tags": [
        "灰熊",
        "最佳新秀",
        "Grizzlies",
        "Jaylen Wells"
    ],
    "article-content": [
        "早前NBA官方宣佈了十月份和十一月份東西區的單月最佳新秀，而灰熊的選秀眼光再次得到認證，只不過獲此殊榮的並不是第九順位的Zach Edey、而是來自次輪的Jaylen Wells。",
        "Jaylen Wells是灰熊於次輪第39順位選入的側翼，鑒於Vince Williams Jr和GG Jackson缺席開季、後衛群也有一波傷病潮，Wells在季初就立即得到上陣的機會。",
        "Wells的最大賣點無疑是其優秀的投射手感，大學時41.7%的三分命中率迅速就轉換上NBA，作為等球射手 Wells的三分出手果斷且快速，只要對位稍為離開自己去協防，Wells就會得到良好的出手機會。",
        "截至目前Wells在場均三分出手高達5.1次的情況下命中率仍達38.9%，可謂是質量兼備，過去數年灰熊期望Jake LaRavia和David Roddy做到的射手角色Wells只花了半個月就做到，光是這一點就贏得總教練Taylor Jenkins的信任了。",
        "更何況Wells的接應進攻亦持續發展，下球運球急停和切入終結都尚未成熟，但卻也是Wells偶然能做的能力範圍。",
        "Wells的投射表現放眼聯盟也不遜色，在新秀榜上更是名列前茅，在場均三分出手排名前20的新秀當中，Wells的命中率只僅次於Jamison Battle和Dalton Knecht。",
        ".",
        "但要講到Wells能擁有全隊第五高的上場時間、更有17場先發登場，則有著防守端的功勞。",
        "Wells在大學時防守端其實並不亮眼，至少他的疑慮是比亮點更多，算是屬於探索期的那階段(甚至不是開發期)，但Jenkins卻開季就讓Wells去守到對方的主力進攻點，結果Wells就跟當初的Ziaire Williams一樣，海綿般地吸收經驗並逐漸建立良好的防守紀律性，只是Wells比起沒怎樣打大學比賽的Z更快適應(當然Z的防守上限也相對地高)。",
        "運動能力優良是Wells在防守端的亮點，從比賽中的橫移、反應、撲防等都彰顯出他的優勢，Wells在外圍的壓迫和繞掩護常造成持球者的麻煩，而大學時被觀察出的疑慮也藉着不斷犯錯汲取經驗而改善，現在就算是擔任Chaser的角色也不會輕易被甩開，是一個對球和無球都蠻煩的「黏人精」。",
        "Wells至今能降低對方3%總命中率、包括在三分線上降低5.3%，雖在面對LeBron James、Luka Doncic、Dennis Schroder等人仍是被上了一課，但卻也在防守Damian Lillard、Tyrese Maxey、Jordan Poole等人時讓對方記得Jaylen Wells這名字。",
        "Wells至今繳出的防守表現甚至讓他成為了新秀當中其中一名最好的防守者，這無疑難以預想到的一環。",
        ".",
        "此外Wells在大學期間彰顯的投射手感其實是源於他的中距離投射，Wells各種高難度出手命中且效率不錯，而搬到NBA上他亦非沒有嘗試，偶然會有些Pull-up 和跑動投射，雖然整體效率遠遠不及大學時期，但自走炮的角色本就是Wells的上限，倒也是不可能立即轉換上來。",
        "做好能立即貢獻的定位(3D側翼)贏得上場時間，Wells已經跟隨了兩名次輪前輩Vince Williams Jr和GG Jackson的步伐，至於能否跨過第二道門檻穩住輪替位置、甚至去到最後一關挑戰自己的上限，則是Wells在未來的課題。",
        "Jaylen Wells至今場均12.1分(新秀2nd)、1.9助攻(新秀10th)、3.4籃板(新秀14th)，45.8%總命中率、38.9%三分命中率，又一個逆襲爆發的次輪秀，再次證明了灰熊在次輪選秀上出眾的眼光，先有Vince Williams Jr和GG Jackson的先例，現在又有Jaylen Wells的崛起，看起來灰熊在次輪選秀上確實存在一股魔力。",
        ".",
        "------",
        "------",
        "."
    ]
}