{
    "id": "116158",
    "title": "重生：Dariq Whitehead的籃球逆襲之旅",
    "date": "2024/12/03",
    "topic": "籃球",
    "author_name": "伯特",
    "tags": [
        "Nba",
        "籃網",
        "傷病",
        "Whitehead",
        "G聯盟"
    ],
    "article-content": [
        "在職業運動員的職業生涯中，傷病往往是最殘酷的考驗。對於剛剛進入NBA的年輕球員來說，接連不斷的手術和康復過程，不僅是身體上的磨難，更是心理上的巨大挑戰。Dariq Whitehead的故事，正是這種堅韌不拔的寫照。",
        "以全美第二高中生（僅次於Dereck Lively II）進入籃球名門杜克大學，Whitehead本應享有高中明星被眾多媒體簇擁的待遇。無奈在進入大學前就因為應力性骨折缺賽，看似傷癒復出後卻完全消失了高中時期的切入爆發力。不過即便如此他依舊擁有超過四成的三分命中率，讓他儘管傷勢成迷卻依然一直都有首輪身價。",
        "在當年的選秀前我也認為Whitehead這個擁有標準搖擺人身材且保底3D球員的Whitehead是值得籃網賭賭看的。畢竟帶傷打都確信至少有養成3D的前景，更何況籃網僅需花費首輪第22順位這種八成新秀約走完消失在聯盟的代價，就可以賭身材體能都在水準之上、健康時有樂透身價的Whitehead。",
        "當然Whitehead本身就與籃網有許多連結：首先他的主治醫師是籃網醫療團的成員，再來Whitehead是紐澤西本地人算是半個家鄉子弟。在NBA選秀中被Brooklyn Nets以第22順位選中並不意外。",
        "這本應是Whitehead職業生涯的光輝時刻，但命運卻給了他一個艱難的開始。自2023年NBA選秀以來，他經歷了三次足部和腿部手術。剛踏入職業聯盟的他，不僅新秀賽季的夏季聯賽完全沒打，復出後在長島籃網也表現不佳。今年夏季聯賽有上場但投射完全消失，連簡單的快攻上籃都可以放槍，最後甚至直接被冰起來，荒腔走板的表現讓他籃球夢想的大門正在緩緩關閉。",
        "賽季開始後，管理層決定將Whitehead降至發展聯盟的長島籃網，這裡成了他重振旗鼓的關鍵舞台。G-League不僅是職業生涯的一個新起點，也是重獲新生的機會。球員有時會加入G-League以從傷病中復原並找回最佳狀態。這裡不只是等待上場機會的中繼站，更是年輕球員技術鍛煉、信心建立的搖籃。",
        "隨著發展聯盟開打，Whitehead找回狀態的速度比想像中來得快。在對陣暴龍905時繳出了令人矚目的成績：36分鐘比賽中，他攻下包括6個三分球在內的26分，投籃命中率達到50%。這場比賽是他重拾信心的轉捩點。",
        "同時，這也是Whitehead自從被選中以來感到最好的時刻：「能夠發揮我所能達到的最高水平，我覺得我終於做到了，因為我的身體狀況與去年相比有了很大的改善，我感到非常自信。」",
        "Whitehead帶著全新的視角加入長島籃網：「我來這裡不是為了得到30分，我是那種可以提升隊友表現的球員。這不關乎我個人，而是關於做出正確的選擇，在球隊需要時得分，並完成必須做的事情。」「老實說，去年我剛被選中時，我的心態並不正確。我沒有以正確的態度對待在G-League的比賽。今年，我帶著更明確的心態來到這裡，希望能夠發展我的領導能力。」這種自我反思和成長的態度，正是職業運動員脫穎而出的關鍵。他不再執著於個人得分，而是更關注如何讓隊友變得更好，如何在球隊中發揮更大的作用。",
        "在傷病困擾的陰霾籠罩著籃網時，Whitehead被召回球隊。在對陣芝加哥公牛的比賽中，他徹底點燃了賽場：三分球投10中6次，拿下全隊最高的18分，以20歲123天的年齡，他成為籃網隊史上最年輕的單場6記三分球球員，同時也是首位在職業生涯前五場比賽中單場命中4個或更多三分球的球員。Whitehead不僅寫下了隊史紀錄，更是向世界宣告：他回來了！",
        "這些數據背後，是無數個不眠之夜的堅持，是被手術和康復折磨卻從未放棄夢想的意志。在賽後採訪中，Whitehead談到了長島籃網幫助他找回信心：「在G-League中拿下26分是一個巨大的幫助，這讓我重拾了兩年來一直遺失的信心。」",
        "Whitehead能夠重新找回NBA職業生涯軌道的一大原因，是長島籃網隊總教練Mfon Udofia。Udofia對人才的培養非常有一套，同為二年級生的Noah Clowney在去年下半季對比他大學時飛躍的進步可以清楚地看出這一點。",
        "Udofia希望Whitehead能像Clowney一樣成長：「我們在長島的目標是培養下一個輪替球員，對於Dariq，我們照這個標準對待他。我們希望培養他，讓他最終能在NBA獲得機會並上場比賽。他的習慣、作為職業球員的態度，以及他在球場上的技能水平，都是我們希望在這裡培養的。」",
        "儘管在Clowney身上取得成功，但Udofia不要求Whitehead成為下一個Clowney。對他來說，最重要的是Whitehead來到長島時準備好努力工作：「他知道我們的理念，他理解自己的下一步以及成為一個真正的NBA球員需要具備的條件。」",
        "長島籃網隊總經理Matt MacDonald也認同Udofia的說法。「無論是Dariq還是其他來到長島打球的球員，最重要的是每天都全身心投入，就像Noah去年一樣，任何年輕球員都需要時間。從第一天開始，他都會告訴你，這是一個需要每天努力的過程，直到達到現在的水平。無論是Dariq還是其他年輕球員，我們都在這裡幫助他們進步。」",
        "當然，一場比賽的出色表現，還不足以定義一個職業生涯的成功。但對於剛剛經歷兩年傷勢困擾的Whitehead來說，這無疑是一個令人振奮的開始。",
        "雖然籃網目前的戰績並不理想，但球員的個人成長才是最重要的。在「蓄意輸球」和「支持好的籃球」之間，Whitehead的進步給了球迷一個值得期待的理由。",
        "在NBA這個殘酷而精彩的舞台上，Dariq Whitehead用堅韌和天賦，正徐徐揭開屬於自己的篇章。無論未來如何，這個20歲的年輕人，已經用行動證明：夢想，從未被擱置。",
        "歷經磨難，必將重生。"
    ]
}