{
    "id": "116205",
    "title": "NBA》Nikola Jokić大三元無助於事  騎士外線轟垮金塊",
    "date": "2024/12/06",
    "topic": "籃球",
    "author_name": "運動視界編輯",
    "tags": [
        "克里夫蘭騎士",
        "丹佛金塊",
        "CarisLeVert",
        "DonovanMitchell",
        "DariusGarland",
        "NikolaJokic"
    ],
    "article-content": [
        "一邊是2023年的NBA總冠軍，一邊是2024-25球季開季至今最大的驚奇，兩邊同樣都有堅強的先發陣容，但最終仍是第二陣容的差距決定了勝負。",
        "金塊王牌中鋒Nikola Jokić依然勇冠三軍，日前對快艇之戰完成生涯第138次「大三元」，追平傳奇球星Magic Johnson並列生涯大三元榜上第三位，今天再以27分、20籃板、11助攻的誇張數據完成大三元，正式超越Magic Johnson獨居第三位。",
        "但本季攻守皆穩定輸出的騎士並沒有打算在主場給客人好臉色看，首節就以長程火炮迎賓，來訪的金塊第一波進攻由Jokić補進Jamal Murray沒進的上籃，然而騎士從Darius Garland的開砲為始，銜接Donovan Mitchell、Evan Mobley、Isaiah Okoro連續在外線得手，騎士單節飆進9記三分線，其中替補上場的Caris LeVert一個人就四投全進，幫助騎士在首節就取得10分領先，第二節騎士Sam Merrill和Mitchell持續開火，金塊在一度落後達16分的情況下把先發球員換回場上，才由先發五虎齊力追分，差點完全消除兩位數的落後，騎士靠Mitchell再以一記三分球收尾，在上半場結束時保有66：62的領先。",
        "第三節騎士的第一波進攻由Garland拋投得分，他也成為騎士在第三節的攻堅主力，Garland單節投六中五獨得14分，尤其三度當金塊看起來要縮小差距時，都是Garland的進攻把領先拉開至10分，直到Garland在第三節尾聲退場休息，騎士的替補球員LeVert、Georges Niang、Merrill又連番貢獻，即使LeVert第三節最後的大號三分球是在時間終了後才出手而進球不算，騎士還是帶著15分領先進入末節，在第四節前段Jokić暫時休息的時間裡，騎士始終以外線火力阻止金塊追近比分的努力，Jokić雖然回到球場後帶領金塊努力追分，一度以一波11：2的攻勢把落後差距縮小為個位數，其中助攻給Michael Porter Jr.的三分球更讓他完成大三元，但LeVert和Mitchell又是連續兩記三分重砲，在比賽最後兩分鐘把領先拉回至13分，勝負就此底定。終場騎士以126：114力退金塊，拿下近期的三連勝。",
        "騎士全場轟進22記三分球，寫下團隊本季單場新高，首節就投15中9，比金塊整場比賽的6顆三分球還多，共四人得分破20，Mitchell投進6記三分球攻下28分最高，Garland也進帳24分，Mobley在內線支援20分、9籃板，替補上場的LeVert則有21分、6助攻，中鋒Jarrett Allen雖得分未上雙，但抓下15籃板、也有6助攻。",
        "金塊表現最傑出的還是完成大三元的Jokić，其實團隊命中率0.479也不差，有六人得分兩位數，但外線火力實在不足，一對先發前鋒MPJ和Aaron Gordon各有24分7籃板和18分7籃板，Murray有19分，Christian Braun和Russell Westbrook各10分，但金塊的板凳僅得16分，反觀騎士替補貢獻了43分，每次都看見金塊讓先發調節體力時就被騎士的替補把比分拉開，成了比賽勝負關鍵。",
        "騎士本季Off Rtg排聯盟第三、Def Rtg排聯盟第八，平均得分則是聯盟第一，和目前同樣是聯盟頂尖強權的塞爾提克、雷霆同為三項表現都在聯盟排前十的球隊，說明了本季他們狀況有多出色，騎士本季三分球是聯盟最準，每場進球數則排第五，板凳得分也是聯盟第七，此戰同樣發揮了三分球與板凳火力的強項，而三分球的量雖不多、但原本命中率也名列前茅的金塊，此戰並未發揮外線水準，本就貧瘠的板凳火力依舊，也讓Jokić的精彩表現成了空響。",
        "金塊雖上一場擊敗勇士，但今天吞下最近十場的第六敗，目前11勝9敗只排在西區第八，還要非常努力才能重返競爭者的行列。",
        "延伸閱讀：",
        "【編輯 張正邦】"
    ]
}