{
    "id": "116282",
    "title": "NBA》走投無路還是急中生智？ 拓荒者的區域聯防目的",
    "date": "2024/12/12",
    "topic": "籃球",
    "author_name": "運動視界編輯",
    "tags": [
        "波特蘭拓荒者",
        "Chauncey Billups"
    ],
    "article-content": [
        "波特蘭拓荒者隊本季終於稍微有復甦的跡象，至少暫時脫離搶狀元的狀況，目前以8勝16敗暫居西區第13。這個球季，他們在防守端的提升成為了復活的象徵，不過，他們能變得更好嗎？",
        "其實與過去Chauncey Billups主導的幾個球季相比，本季拓荒者使用區域聯防的比例並沒有高出很多，過往他們會選擇區域聯防，原因是他們陣容上可用的選擇不多，用缺乏經驗的球員來做人盯人防守，很容易被對方撕裂防線，Billups為了防守的完整性，才選擇使用區域聯防。",
        "但今年不一樣，拓荒者本季擁有更多的防守者、陣容也更加一致，這些球員的身高沒有相差太多，這讓他們更常選擇人盯人、而不是區域防守。但即便如此，仍然有理由在特定時候選擇採取區域的防守策略。",
        "其中一個原因很簡單，就是多樣性，沒有一支NBA球隊會在48分鐘的比賽使用相同的戰術，一個賽季有82場例行賽，對手也很容易去閱讀防守、提前做出解決方法。儘管拓荒者喜歡換防，但有時他們只是在掩護的上放跟下方切換，只是為了讓對手思考對位的人選。同樣的原則也套用在他們的區域聯防，他們會在幾個回合切換成區域聯防，讓對手調整他們的進攻戰術，通常他們會在對上對手替補控球上場時這麼做，希望能用比較低的風險來讓他們從差錯中恢復。",
        "圖片來源：Getty Images",
        "只有當隊上五個人都可以參與在防守時，人盯人的換防才會有效果，有時候拓荒者會發現自己面臨到一場不利的對位，尤其是他們的控球後衛還有中鋒，因為就算對手缺乏身高、速度或防守能力，都能利用擋拆來輕鬆突破。當這種情況太頻繁發生時，區域聯防就顯得相當重要，至少能讓中鋒待在禁區裡。另外，拓荒者運動能力很好的後衛群也能很快填補防線缺口，與過往幾年相比，本季他們的區域聯防似乎成效來的更好。",
        "籃板通常是區域聯防的弱點，但拓荒者隊利用身高還有強大的中樞來彌補這個問題，與歷年相比，他們更不用擔心在場上只留下一個中鋒來保護籃板。區域聯防也能給予承受過多防守壓力的球員喘息，他允許側翼、或是外圍的後衛在在一兩個回合內得到喘息空間，而不是永遠在場上跑來跑去，當球隊人手不足時，這能在比賽中最大化場上球員的效益。",
        "在那些時刻，拓荒者被迫要用年輕的陣容去比賽，特別是一些沒什麼經驗的年輕新秀，比起一對一的防守，區域聯防更簡單、也相對降低溝通成本。因為這些原因，少量的使用區域聯防並不是壞事，雖然他們今年開季戰績仍然不好，但拓荒者在外線防守進步肉眼可見，儘管還是有偶爾的區域聯防，但排名聯盟第12名的外線防守排名，大約是平均的水準。如果能保持健康，隨著比賽的進行，這個數據還有機會往上提升。",
        "如果拓荒者有外線的問題，那會是投籃而不是防守，他們本季在外圍出手命中率只有32.2%，這讓他們陷入一個難以翻出的空間泥沼中，他們還是有成長的空間，但現在來說，防守已經算是很不錯了。",
        "【特約編輯 郭程霖／責任編輯 謝一謙】",
        "🔥更多最新 NBA 精選好文："
    ]
}