{
    "id": "116298",
    "title": "NBA Cup》雷霆SGA飆39分完成復仇之戰　「我整天都在想」",
    "date": "2024/12/11",
    "topic": "籃球",
    "author_name": "EJ母湯",
    "tags": [
        "Nba",
        "小牛",
        "雷霆",
        "Sga",
        "錦標賽",
        "獨行俠",
        "doncic"
    ],
    "article-content": [
        "季中錦標賽「NBA Cup」11日進行八強賽，頭號種子奧克拉荷馬雷霆靠著得分機器「SGA」Shai Gilgeous-Alexander下半場21分、全場39分，終場以118：104力克達拉斯獨行俠，取得前進賭城的門票，同時報了上季季後賽的一箭之仇。",
        "賽前雷霆本季以18勝5負暫居西區榜首，SGA場均維持29.8分、命中率50.8%的高水準，今天對獨行俠單場23投15中，包括外線9中5，攻下39分、8籃板、5助攻、3抄截，搭配Isaiah Hartenstein「雙十」10分、13籃板，克服下半場罰球掛蛋的劣勢。",
        "雷霆總教練Mark Daigneault賽後的發言耐人尋味，「在一場這麼多身體對抗的比賽中，還能半場0次罰球，實在也是滿難的。」此役他們全場僅7次罰球，對手則是19次。",
        "獨行俠主將Luka Doncic拚戰全場最高40分鐘，繳出16分、11籃板、5助攻、4抄截，不過外線8投僅中2，Naji Marshall、Klay Thompson各貢獻19分，後衛Kyrie Irving得17分。",
        "「我整天都在想上次的敗仗。」雷霆上季季後賽第二輪6戰不敵獨行俠，該系列賽SGA場均32.2分，三分球命中率高達55%，依然不敵Doncic與Irving的「雙星合體」，今天總算完成甜蜜復仇，不過他賽後歸功於防守。",
        "「Luguentz Dort跟Cason Wallace真是天殺的棒，比起我得到39分，限制獨行俠的表現是更困難的事，他們給了球隊贏球的機會，讓我們主導這場比賽。」Gilgeous-Alexander說。",
        "Doncic賽後很有風度地坦承敗仗，他表示：「這就是為什麼他們是聯盟第一的防守勁旅，他們擁有了不起的防守球員，全隊對他們也很有信心。我認真覺得他們今天守得非常、非常、非常好。」",
        "四強賽將於15日登場，比賽地點移師「賭城」拉斯維加斯的T-Mobile體育館，雷霆對手將是休士頓火箭與金州勇士的勝方，至於東區目前第一支四強球隊是密爾瓦基公鹿。"
    ]
}