{
    "id": "116231",
    "title": "Tatum末節主宰比賽 塞爾提克本季橫掃公鹿",
    "date": "2024/12/07",
    "topic": "籃球",
    "author_name": "Ubuntu",
    "tags": [
        "塞爾提克",
        "Lillard",
        "公鹿",
        "Antetokounmpo",
        "Horford",
        "Tatum",
        "Brown",
        "Holiday"
    ],
    "article-content": [
        "今天是個特別的日子，是Deuce跟Antetokounmpo的生日，公鹿也迎來面對塞爾提克專武Middleton復出，塞爾提克則是Porzingis輪休，前兩次對決都獲勝，近期狀態回溫的公鹿勢必想要扳回一城，而這也是本季兩隊最後一次交手，如果季後賽再次交手，屆時的狀況如何便會難以預測。",
        "——",
        "Game report :",
        "First quarter",
        "開局的禁區對位由Tatum防守Lopez，Horford對位Antetokounmpo，因此Tatum等其他人需要內縮保護籃板。Brown則是主要對位Lillard，開局就展現企圖心，壓低重心去追防，從前場就開始壓迫，即使換防到Antetokounmpo也給予十足身體對抗。進攻端跟前幾次交手類似，針對Lillard的錯位單打與攻擊Lopez離開禁區的防守。",
        "不過公鹿近況升溫最大的關鍵還是Lillard-Antetokounmpo的雙人組合，尤其是弧頂的擋拆配合，Lillard的擋拆後長距離跳投，給予Antetokounmpo十足的空間加速切入。而面對老東家，Holiday開場的表現延續近期的低迷，防守容易失去防守位置，出手偏差非常多。當Horford採取沉退時，很難對於Lillard的跳投產生干擾。",
        "但很快Holiday找回狀態，連續的三分命中，搭配Hauser從板凳上來貢獻火力，Mazzulla回他設置不少底線繞出來接球的戰術，反倒是Pritchard打得過於保守，Brown的手感也逐漸降溫。而公鹿在Middleton回歸後，能夠在板凳提供分數，同時塞爾提克防守漏掉許多外線空檔給公鹿，讓分差始終維持在一波球權的差距。",
        "Second quarter",
        "首節打滿的Horford下場後，今日進入輪換的是Queta，考量到Lopez也是速度緩慢的類型，這是合理的選擇。進攻端，首節是Brown打滿，因此Tatum由第二節帶隊，但防守上仍由Queta對位出去防守Portis，面對Lillard擋拆跳投沒有什麼辦法阻擋，讓公鹿打出一波攻勢，同時也造成進攻籃板被Portis衝搶，讓Mazzulla提早喊出暫停。",
        "進攻上，Tatum連續挑Lopez錯位單打，除了利用速度突破，在外線也有好的出手選擇，但籃框就像加蓋一樣，誰出手外線都無法命中，加上White本場完全不在狀況內，有很多不合理的大號三分出手，也導致團隊進攻無法有效發揮。防守端，塞爾提克對公鹿的限制不差，Portis無法把握外線空檔，錯失很多籃下的機會。",
        "但回到先發陣容後，公鹿的外線開始回溫，角色球員像是Lopez跟Trent Jr.投進外線，Antetokounmpo在禁區強攻，讓公鹿超前比分。進攻上，受限於外線失靈，Tatum跟Brown更多的切入嘗試，攻擊Lopez來不及退防的問題，維持在四分的落後進入下半場。",
        "Third quarter",
        "下半場開始，比賽的節奏開始改變，Brown連續Crossover突破Antetokounmpo得分，給了他Too small的手勢，但Antetokounmpo的手肘嘗試隔開Brown讓Brown相當不開心，並且用手指著對方得到了技術犯規。這一個小摩擦讓兩隊開始增加更多身體對抗，尤其是Horford跟Antetokounmpo的對決。",
        "儘管有開節的摩擦，Brown沒有被情緒沖昏頭，切入突破還是冷靜分球給隊友，Horford跟Holiday打破三分的低迷，開始跟公鹿對轟，但今天Pritchard跟White的低迷是比分無法拉開的關鍵，同時公鹿雙人組持續火力輸出，慶幸的是板凳還有Hauser跳出，但也能夠磨練球隊在僵持不下的比賽中，如何調整自己的節奏與策略。",
        "Fourth quarter",
        "第四節一樣由Tatum帶隊，一記記三分球加上四分打，成功扭轉局面，就是利用Lopez沉退的弱點攻擊，加上Hauser把握公鹿退防沒有對位的情況下投進外線。接著Tatum在持球上持續主宰比賽，無論對手是單防或是包夾，他都能做出正確決策，從無球掩護繞出來接球，掩護後錯位到分球時機，所有細節都做得相當到位。",
        "雖然公鹿還是靠著Antetokounmpo禁區強攻維持一波球權的領先，但隊友開始回應Tatum的組織，再次用左手傳出妙傳給Holiday切入得手，加上快攻一條龍殺到禁區，成功將比分反超。而公鹿接下來的進攻反而失去冷靜，Lillard很多單打獨鬥都以打鐵收場，Antetokounmpo更是在快攻選擇三分出手，一轉身就被Horford投進懲罰的三分球，塞爾提克領先四分。關鍵時刻Antetokounmpo兩罰一中，Lillard搶攻追平三分球被White干擾直接麵包，反觀Tatum持續冷靜處理每一球，找到Brown的底角三分，突破外傳給Holiday的致勝拋投，也許是本季最精彩的收官表現，成功在末節掀翻公鹿，鞏固住主場優勢給了Deuce跟Antetokounmpo最棒的生日禮物。",
        "——",
        "-Ubuntu🦖"
    ]
}