{
    "id": "116210",
    "title": "《2024-25 芝加哥公牛例行賽戰報》G23 斑馬不在馬刺不刺  公牛Ayo Dosunmu首次大三元打敗馬刺",
    "date": "2024/12/06",
    "topic": "籃球",
    "author_name": "AhUtopian/烏托邦/余大",
    "tags": [
        "Nikolavucevic",
        "Chrispaul",
        "ZachLavine",
        "KeldonJohnson",
        "TalenHortonTucker",
        "DevinVassell",
        "每天公牛撞一下",
        "BullsH1T",
        "華文公牛第一寫手",
        "AyoDosunmu",
        "JeremySochan",
        "DalenTerry",
        "JulianPhillips",
        "BullsSpurs",
        "MatasBuzelis",
        "202425芝加哥公牛例行賽戰報"
    ],
    "article-content": [
        "你有幾種方式來看這場芝加哥公牛對聖安東尼奧馬刺，由公牛以 139-124 獲勝的比賽。",
        "第一個簡單看的方式，就是在 Victor Wenbanyama 沒有上場的比賽中，雖然頂替先發中鋒的 Jeremy Sochan 很努力地拚到 6 個進攻籃板，但身材劣勢還是被公牛在禁區拿下 68 分、搶下比起馬刺多 9 個的 50 次籃板，特別是 Nikola Vucevic 僅僅出手 22 次就拿下 39 分的表現。",
        "單場 39 分，也是 Vucevic 被交易到公牛以來、單場得分第二高的比賽，僅次於在 2023/1/15 對上金州勇士，所拿下的43 分。",
        "只是這場裁判真的吹判很有事情，特別是有一球 Sochan 疑似走步、結果吹 Vucevic 阻擋犯規，然後 Vucevic 抱怨被吹技術犯規，接著 Billy Donovan 馬上挑戰，結果挑戰成功、證明那是個 Bad Call 。",
        "時間｜34:58得分｜39投籃｜16/22籃板｜8助攻｜5",
        "第二種方式， Ayo Dosunmu 拿下生涯第一次的大三元，而且是非常全面的個人表現，這其實跟第一點也有關係，沒有 Wenbanyama 作為防守支柱的馬刺，在外圍防守的崩盤也很能理解，只是想到對位 Dosunmu 的是 Chris Paul 。",
        "有意思的小插曲，一開始宣布 Dosunmu 大三元之後，後來有一個籃板被取消了，還有還有時間補救回來，於是在一波防守、馬刺沒進之後， Dosunmu 較所有人讓開、自己搶下籃板，結果在這個過程當中， Matas Buzelis 不小心鼻子被 Zach LaVine 的手肘給拐到了，流血下場。",
        "時間｜35:14得分｜27投籃｜9/13三分｜3/3籃板｜10助攻｜11抄截｜3",
        "前兩個比較直覺看待這場比賽的方式之後，轉頭一看，我們會看到公牛隊有三個板凳球員得分雙位數、而馬刺得分最高的兩個球員都在板凳， Devin Vassell 跟 Keldon Johnson 分別拿下 17 分、 28 分。",
        "馬刺那兩個球員怎麼會被壓在板凳是一個話題，而在公牛這端，考慮到其實包含 Coby White 、 Patrick Williams 還有 Lonzo Ball 都沒有出場，在球員深度缺少三個主要球員、板凳卻還能有這樣的表現，挺值得花些篇幅來解讀。",
        "第一種解讀方式， Julian Phillips 、 Dalen Terry 跟 Buzelis 這三個年輕側翼，本場合計上場 74 分鐘左右，用 12/21 、包含 6 記三分球，拿下 32 分，如果公牛能由鋒線、側翼得到這樣的火力支援，那不只對於當前賽事幫助很大，對於未來養成的前景也讓人有些欣慰。",
        "此外， Talen Horten-Tucker 連續第 6 場比賽得分雙位數，而且除了這一場之外，前面 5 場上場時間都不到 20 分鐘，只是這 6 場三分 13/21 的手感，應該也沒有人預期是能夠長期維持的。",
        "最後一個容易被忽視的事情，其實除了生涯首次拿下大三元的 Dosunmu 之外， LaVine 也差點拿下大三元，整場比賽 LaVine 都很著重於充分利用 Vucevic ，這也是 LaVine 本季第 7 次單場傳出五次以上助攻，Dosunmu 在場上能夠盡情地發揮，也跟 LaVine 願意轉到吸引馬刺防守能量、製造他人空檔有關。",
        "時間｜33:08得分｜11投籃｜4/11籃板｜9助攻｜9"
    ]
}