{
    "id": "116390",
    "title": "《2024-25 芝加哥公牛例行賽戰報》G26 上場的是黃蜂的 67 號",
    "date": "2024/12/17",
    "topic": "籃球",
    "author_name": "AhUtopian/烏托邦/余大",
    "tags": [
        "Charlottehornets",
        "TajGibson",
        "MilesBridges",
        "JalenSmith",
        "PatrickWilliams",
        "每天公牛撞一下",
        "BullsH1T",
        "華文公牛第一寫手",
        "VasilijeMicic",
        "BullsHornets",
        "MatasBuzelis",
        "202425芝加哥公牛例行賽戰報",
        "Patrick"
    ],
    "article-content": [
        "芝加哥公牛本季三分球命中率低於 30% 的其他四場比賽全敗，唯獨這場與夏洛特黃蜂共同寫下兩隊合計 75 記三分出手沒進的比賽獲勝，因為投 51 中 14 的公牛棋逢敵手，遇到一個投46 中 8 的對手。",
        "雖然這場 Miles Bridges 跟 Mark Williams 、Nick Richards 都健康在場，但是少掉 LaMelo Ball 跟 Tre Mann 的黃蜂進攻毫無創造力可言，就連上季自己留下不錯印象的Vasilije Micic ，都感覺遲鈍起來，跟熱身賽的黃蜂差異好大。",
        "公牛這邊雖然 Nikola Vucevic 本季第一次缺陣，Zach LaVine 也算是本季進攻參與感最低的一場比賽，加上 Matas Buzelis 也投 11 中 1 ，但 Jalen Smith 跟 Buzelis 為首，團隊送出本季最高的 11 次火鍋，還有雖然沒有人得分超過 20 分、卻有六個人得分雙位數的表現，帶走了這場比賽。",
        "特別要說一下 Smith ，這場頂替 Vucevic 先發上陣，雖然公牛迷所習慣他的得分方式三分球，本場只有 1/5 ，整體投籃命中率 3/10 也看得出來 Smith 跟 Vucevic 在進攻端影響力的差距。",
        "但 Smith 防守端的五次火鍋，包含籃下一對一、補防、亦步亦趨地貼著切入球員，展現出 Smith 本身在防守端機動性的特質，提供這支球隊另一種球風上的想像，也是本季第一次雙十的表現。",
        "時間｜28:46得分｜11投籃｜3/10籃板｜11助攻｜2火鍋｜5",
        "Patrick Williams 傷癒歸隊，對於 Buzelis 的上場時間會有何影響，由於這場 Vucevic 受傷、加上 Williams 也有上場時間限制，暫且還看不出來，但公牛的上場時間會如何做安排，特別是因應到這幾場 Buzelis 不論進攻手感好壞，防守端卻時都能帶來很大的作用的趨勢。",
        "這場比賽最精華的時刻，應該是在比賽剩下 1 分鐘時，比賽進入死球，而場邊觀眾大喊著「 We want Taj 」，沒多久，穿著黃蜂球衣、背號 67 號的 Taj Gibson 走上場、全場球迷為他歡呼的那一刻。",
        "於 2009 年、首輪第 24 順位被公牛選進的 Gibson ，其實因為是 24 歲投入選秀、再加上被認為身高比較尷尬，受矚目度不如同年第16 順位的 James Johnson ，但紮實勤奮任憑差遣的態度，堆積了球賽理解，加上較中鋒矮但是機動性高的特質也接得住後續的球風轉變，很快就成為輪替重要球員。",
        "而當 Tom Thibodeau 接掌後，Gibson 更成為 Thibodeau 的愛將，包含 Thibodeau 後續到明尼蘇達灰狼跟紐約尼克也都有多次再與 Gibson 合作；在公牛的八年，Gibson 從能擔當責任的新人、經過球隊陣容變化，成為球隊中具備領袖氣質的宿將，更讓人讚賞的是，早被認為有先發實力的他，在球隊找來 Carlos Boozer 、Pau Gasol 或是Nikola Mirotic 擔任先發球員時， Gibson 也都毫無怨言、稱職地扮演好教練給予的角色。",
        "這也是為何被公牛交易到奧克拉荷馬雷霆多年之後，這名個人成績上看起來毫無獨特之處的球員，每次回到公牛主場，都會受到愛戴跟歡迎的緣故；唯一略有遺憾的是，對面的公牛球員，已經沒有人有跟 Gibson 有同隊過的經驗的人了。"
    ]
}