{
    "id": "116342",
    "title": "灰狼球員速寫──在不同定位發光的Jaden McDaniels",
    "date": "2024/12/14",
    "topic": "籃球",
    "author_name": "yen76wolfherd",
    "tags": [
        "Nba",
        "明尼蘇達灰狼隊",
        "Jaden McDaniels"
    ],
    "article-content": [
        "被賦予不同角色定位的Big-Mac 打出令人驚艷的表現 來源：GettyImages",
        "然而，在今天面對湖人的比賽中，由於Redick並沒有擺上須長期盤球的Russell做為先發，灰狼這方POA防守的需求明顯就減少許多。因此Finch改變Big-Mac長期以來的防守定位，讓他嘗試擔任更多的二道防線或弱邊協防的Low Man角色。",
        "結果便是繳出18分9籃板5抄截2阻攻的優異表現，在這場所有球員都找不到進攻節奏、甚至只能依賴Randle單打取分的比賽當中，打出本季最好的一場比賽。",
        "Big-Mac高挑的身形與長臂，本就有擔綱優秀協防點的身體條件，雖然相對倚賴原始天賦，但成功的防守確實是點燃Big-Mac比賽熱情的關鍵因素。灰狼和上一戰面對Inverted P&R 採取Show & Recover 的防守策略，讓Big-Mac在二線伺機而動，讓Gobert盡量維持在Davis面前干擾出手，而由Big-Mac利用長臂干擾策應動線，完全封鎖以無球跑動為啟動方式的Reaves。可以說，這樣的策略帶動些許灰狼疲弱的攻守轉換機會，得到較為簡單的分數進帳。",
        "調整防守定位的結果，也讓Big-Mac有更多保護籃板的機會──畢竟對位的Reaves是一名非常喜歡衝搶進攻籃板的球員。過去幾個賽季被詬病的籃板保護問題，本季其實有著非常不錯的進步，選位比起以前優秀、抓球也相較過往穩健，本場也有展現防守卡位的回合。事實上，在如今四號僅有Randle、Reid可以分別擔綱的情況下，讓Big-Mac吃下些許的四號時間，是Finch值得好好考量的事情。",
        "進攻上，雖然不穩定的三分球依舊，但融入更多對球掩護與假掩護下滑的戰術定位，讓Big-Mac成為一個越來越成熟的掩護者，也能在繞到底角以後伺機空切攻擊。從數據上來看，本季1.2次的進攻籃板平生涯最高，同時Attack Close Out的意願與能力也有增加。畢竟天生的長臂就比許多輪轉的Low Man還要出色，過去經常發生的進攻犯規，本季也有在踩煞車面相有些進步。",
        "對於Big-Mac的角色調整，Gobert認為他的防守存在感非常有威脅性，幾乎全場的所有動作都會被他干擾，也讓灰狼擁有更多元的防守策略選擇；Finch則是提及Big-Mac一直都是全隊最好的Low Man與護框者之一，透過調整對位優先級別，也讓Big-Mac在籃板端能夠表現更為出色；Big-Mac本人也表達自己對於這個角色定位的享受。",
        "灰狼雖然是一支單核的隊伍，但在頭牌球星進攻組織力並不頂尖的情況下，其他球員必須在無球與接應端給予Ant更多幫助，才能讓團隊的進攻維持在正常的水準。Big-Mac已經再次證明了自己在防守端的多功性，他必須要找回22-23賽季的那種進攻企圖心，才能繼續成為這支球隊不可或缺的一塊拼圖。"
    ]
}