{
    "id": "116399",
    "title": "NBA》Giannis Antetokounmpo繳大三元成績 率公鹿擊退雷霆全勝奪NBA Cup冠軍",
    "date": "2024/12/18",
    "topic": "籃球",
    "author_name": "運動視界編輯",
    "tags": [
        "雷霆",
        "公鹿",
        "Damianlillard",
        "ShaiGilgeousAlexander",
        "GiannisAntetokoumpo",
        "NBA盃",
        "NBA Cup"
    ],
    "article-content": [
        "美國職籃NBA Cup今天在拉斯維加斯進行冠軍戰，密爾瓦基公鹿隊在兩大主將Giannis Antetokounmpo與Damian Lillard聯手下，在第三節拉開領先優勢，最終以97比81擊潰西區霸主奧克拉荷馬雷霆隊。",
        "這場比賽由雷霆主將Shai Gilgeous-Alexander率先開張，此後雙方分數緊咬，第一節比賽終了時，雷霆以28比27領先1分。雷霆原本的禁區主力Chet Holmgren現階段因傷缺陣，由Isaiah Hartenstein力扛禁區，在這節攻下10分支撐全隊；公鹿則是在Lillard與Antetokounmpo聯手下，給雷霆的防守造成相當大的壓力。",
        "第二節比賽開打後，Lillard先以三分球壓制對手，同時Antetokounmpo的助攻也讓公鹿分數接連進帳；雷霆除了Hartenstein在禁區不斷攪和外，Shai Gilgeous-Alexander也有建樹，讓雙方打起來勢均力敵。",
        "上半場結束時，公鹿以51比50領先1分，其中Antetokounmpo送出5次助攻，個人獨拿14分；Lillard三分球投4中2共得12分，雷霆除了Hartenstein與Shai Gilgeous-Alexander合拿24分之外，Jalen Williams也有11分進帳。",
        "下半場比賽開打後，Antetokounmpo的助攻將公鹿優勢逐步擴大，他個人第三節獨拿12分，全隊可說是壓著對手打，雷霆顯然對Antetokounmpo與Lillard的連線無解，僅靠著Shai Gilgeous-Alexander的零星砲火支援，也因為這樣，第三節比賽結束時，公鹿以77比64握有13分領先。",
        "來到第四節，公鹿更開始以三分外線轟炸對手，3顆三分球可說是擊潰雷霆防線，此時雙方比數已經來到20分差距，最終公鹿隊就以97比81擊退西區戰績第一的雷霆隊，以7戰全勝之姿、收下NBA Cup的最終冠軍。",
        "Antetokounmpo全場攻下26分、19籃板、10次助攻，繳出兇猛的大三元成績，另外Lillard也提供5顆三分彈與23分的火力挹注。雷霆隊方面則以Shai Gilgeous-Alexander攻下全隊最多的21分表現最佳，Hartenstein則有16分、12籃板進帳。",
        "Getty Images",
        "NBA Cup除了冠軍賽以外，其他各場比賽都會算進例行賽成績。雷霆目前在西區排名第1，過去10戰中繳出9勝1敗、同時他們也正處在5連勝狀態；公鹿今年開季成績並不算好，但是過去10場也贏了8場並且連拿3勝，目前公鹿在東區排名已經回升至第5名的位置。",
        "NBA Cup的冠軍隊伍，只要球員有標準合約在身，每名都可獲得51萬4971的美元（約新台幣1688萬元）獎金，這對高薪球員雖然並不算多，但Antetokounmpo先前受訪時表示，這個做法值得肯定，也表明這筆獎金對年輕球員們「意義重大」。",
        "延伸閱讀："
    ]
}