{
    "id": "116376",
    "title": "未必能解放Curry 卻是拯救Podziemski的重要一筆？三個問題看Dennis Schröder交易案",
    "date": "2024/12/16",
    "topic": "籃球",
    "author_name": "EdotTdot_4",
    "tags": [
        "布魯克林籃網",
        "金洲勇士",
        "Stephen Curry",
        "Brandin Podziemski",
        "Cam Johnson",
        "Dennis Schröder"
    ],
    "article-content": [
        "果不其然，在消息傳出不久後，雙方便達成協議，勇士以因左膝十字韌帶手術賽季提前報銷的De'Anthony Melton、雙向合約球員Reece Beekman以及三支次輪籤（2026老鷹、2028老鷹、2029勇士），向籃網盤來後衛Dennis Schröder與一枚次輪籤（2025熱火）。",
        "從進階數據看來，在聯盟所有固定輪替名單的後衛中，Schröder不僅傳球創造隊友出手機會的能力排名PR94，其餘像是單打、C&S三分、無持球狀態下的吸引力、場上進攻穩定性等指標，都勝過聯盟八成以上的後衛。",
        "同時，由於前拓荒者教頭Terry Stotts加入教練團，勇士本季的戰術版上充斥大量過去拓荒者雙槍Damian Lillard與CJ McCollum時期的經典戰術，或許可以幫助Curry、Schröder與Podziemski的合作產生更良好的化學效應",
        "首先是球權分配問題，Schröder極吃球權，本季所有出賽至少250分鐘的球員中，Schröder的進攻持球時間比率（ball dominance%）高居第四，甚至比Damian Lillard、LaMelo Ball還高。到底該如何和Curry間分配球權，可能需要教練團審慎思考，而且先發陣容中擔任發牌手的Draymond Green，同樣也是無球狀態下威脅性不高，勢必也將產生排擠效應，去年Chris Paul的案例還歷歷在目，Green基本上很難和需要一球在手的後衛配合。",
        "防守則是雙衛搭檔的另一大罩門，就像過去的拓荒者雙槍，Curry和Schröder也是兩名矮後衛搭檔，都容易因身材劣勢成為打點對象，雖然像是外圍單防、協防的有效性方面，Schröder的評價都不錯，但整體的D-LEBRON評分只有F，顯然會成為團隊防守的負擔。再者，勇士動不動就擺出「死亡五小」的先發組合，如果禁區缺少護框者，團隊防守將面臨更大挑戰。",
        "綜合攻守兩端的特性，還不如讓較不占球權、防守能力也更優異的Podziemski先發，和Curry搭配，Schröder則回歸熟悉的板凳砍分手。",
        "※本文所有數據截至台灣時間2024年12月16日晚上八點",
        "🥇推薦閱讀："
    ]
}