{
    "id": "116412",
    "title": "NBA 年末回顧：2024 十大話題人物",
    "date": "2024/12/27",
    "topic": "籃球",
    "author_name": "阿准",
    "tags": [
        "Nba",
        "Mvp",
        "籃球",
        "球星",
        "賽季回顧"
    ],
    "article-content": [
        "轉眼間，2024年即將步入尾聲。",
        "回顧這一年，NBA 可謂熱鬧非凡：從年中的總冠軍賽到巴黎奧運，再到緊湊激烈的選秀；十月新賽季揭幕，隨後歲末的季中錦標賽落下帷幕，一件件大事接連上演。",
        "現在，就讓我們一同回顧，盤點這充滿變化的2024年裡，我心目中的十大話題人物吧！",
        "我會想先談 Tatum，是因為私心覺得他應該受到更多關注。",
        "作為 2024 年 NBA 總冠軍賽爾提克的絕對核心，Tatum 毫無疑問是當代最全能的鋒線之一。然而，無論是東區冠軍賽還是總冠軍賽的最有價值球員評選，他都沒能獲得太多注目。甚至在夏季的奧運會上，這位五屆全明星、四次入選年度第一隊的球員，還有好幾場在板凳上坐好坐滿。",
        "「看看 Magic Johnson，看看Jordan，看看 Kobe。」「看看他們的個性、態度和氣場，以及他們展現自己的方式。」「Tatum 缺乏那種鮮明的個人標籤。」",
        "NFL 名將 Chad Johnson 曾在節目中提到 Tatum 難以獲得更多關注的原因。他認為，儘管 Tatum 的技巧全面，但缺乏特別突出的亮點。他不像 Zion Williamson 有雷霆萬鈞的劈扣，也不像 Ja Morant 那樣以秀味十足的絲滑上籃吸引目光，他更像是一名補足團隊弱點的黏著劑，球隊哪邊需要他，他就能立刻補上，這讓團隊堅不可摧，卻也使得大眾對他的技術缺乏鮮明的印象點。",
        "另一方面，相較於其他球員個人風格明顯的態度，他在球場的個性上也不夠張揚，相較於 Anthony Edwards 那樣對求勝瘋狂追求的外顯性格，Tatum 更像是一名謙虛內斂的紳士，這雖然讓他很少被媒體炒作新聞，自然也就少了很多曝光。",
        "「我感覺聯盟看板球星會是屬於我的。」",
        "但對於目前是否受到關注，Tatum 並不太在意。他相信只要持續專注於做好該做的事，用成績來證明自己，終有一天聯盟會不得不將焦點放在他身上。而在 2024 年成功奪冠後，他的下一個目標，就是為波士頓帶回隊史第 19 座冠軍獎盃。",
        "既然說到下一個聯盟門面的人選，那就不得不提 Wembanyama。",
        "隨著上一代的聯盟看板球星 LeBron James 和 Stephen Curry 漸漸步入生涯後期，中生代的 Tatum 又因被認為「缺乏個人魅力」而難以接下吸引全球球迷的重任，新生代的 Wembanyama 似乎正展現出接棒的強大潛力。",
        "從身體條件來看，Wemby 幾乎就是「NBA 是籃球最高殿堂」的最佳代名詞。他擁有 7 呎 5 吋的中鋒身高，卻展現出媲美前鋒甚至後衛的協調性。憑藉這樣的天賦，他在 2024 年踏上 NBA 的第一個賽季便展現出「神獸」般的表現，不僅榮膺最佳新人，還以場均 3.6 次阻攻拿下聯盟阻攻王，在年度防守球員的票選中更高居第二。",
        "進入 2024 年下半年，Wemby 的進化仍未停歇。雖然在賽季初的投射表現曾經歷起伏，但 12 月的一場比賽中，他繳出 30 分、10 阻攻的驚人成績，並命中 4 記三分球，成為歷史上第二位單場拿下 25 分以上、10 次阻攻，並至少命中兩記三分球的球員。",
        "更令人驚訝的是，這項紀錄的首次締造者，正是他自己在今年 2 月創下的——當時他砍下 27 分、14 籃板、10 阻攻，外加兩記三分。這不僅顯示 Wemby 在同一年中持續進步，也表明他不僅能在禁區肆虐，外線能力也在不斷提升，近期還在聖誕大賽狂砍42分。如果他能維持這樣的進步幅度，他真的有可能成為那位徹底顛覆籃球數據的偉大球員。",
        "即便再過幾天就要迎接 40 歲生日，LeBron 依然以強大的影響力證明自己是 2024 年最具話題的十大人物之一。",
        "確實，自從湖人於 2023 年奪下首屆季中錦標賽冠軍後，球隊的戰力便如同雲霄飛車般急轉直下。然而，圍繞 LeBron 的新聞卻從未減少。先是在季末成為自由球員，隨後與湖人簽下兩年 1.04 億美元的頂級合約；接著，他擔任奧運總召，成功召集 Curry 和 Kevin Durant 這兩位 NBA 超級巨星為美國隊效力。這三位傳奇球星首次聯手便帶領美國隊奪下巴黎奧運金牌，而 LeBron 與 Curry 的合作無間更讓人開始幻想，這兩位巨星是否有機會在生涯晚年攜手效力同一支球隊，再度奪冠後功成身退。",
        "此外，湖人在選秀會上選中了 LeBron 的兒子 Bronny James，讓湖人成為 NBA 歷史上首支擁有「父子檔」同場打球的球隊。",
        "然而，自從在 2023 年刷新 NBA 歷史總得分紀錄後，LeBron 在 2024 年下半段的表現確實顯露出明顯的下滑跡象。他的投籃手感與穩定性大幅下降，顯示出「時間」這位無情的對手終於追上了即將邁入不惑之年的 LeBron。然而，他顯然並不打算輕易服老。日前，他以 28 分、11 籃板、11 助攻的精彩大三元再次向世人證明自己的實力。",
        "即便 LeBron 在 11 月時曾公開表示可能再打一兩季，但他的表現顯然告訴所有人，他並不準備讓自己的籃球生涯這麼快畫下句點，歷史的書頁還遠未翻過。",
        "既然提到季中錦標賽，就不得不提到在2024年剛結束的季中錦標賽中榮膺最有價值球員的 Antetokounmpo。",
        "自 2020-21 賽季奪冠後，公鹿隊經歷了一波重組。球隊先後兩次更換主帥，陣中核心球員也發生變動，但始終無法再創輝煌，甚至連次輪都難以突破。",
        "2024 年季後賽中，公鹿更以東區第三的身份被東區第六的溜馬「下剋上」淘汰，止步首輪。",
        "休賽季看似全面的補強卻因開季接連的傷病拖累，導致球隊僅以 2 勝 8 敗的成績開局，位列東區倒數第二。這糟糕的表現也引發外界揣測，曾公開表示「想待在有競爭力球隊」的 Giannis 是否會萌生去意。",
        "然而，Giannis 很快用一波七連勝的表現回應了所有質疑，不僅打破外界的傳聞，也將公鹿重新帶回冠軍競爭行列，而年末的季中錦標賽 MVP 則再次證明了他的領袖價值與超凡實力。",
        "或許2024年對於 Giannis 來說並不是一個好年，但或許年末的這座 MVP 可以幫助他「拐氣」，在接下來的2025年帶領傷兵歸隊的公鹿再創佳績。",
        "如果要說2024年流年不順，PG 絕對比 Giannis 更有資格排在前面。",
        "這一年，快艇可說是星光熠熠。過去飽受傷病困擾的 PG，本季出賽 74 場，繳出場均 22.6 分、5.2 籃板、3.5 助攻的亮眼數據；另一名球星 Kawhi Leonard 也打了 68 場比賽，創下近七年的最高出賽紀錄。",
        "此外，球隊還引進了 James Harden，再加上陣中原有的 Ivica Zubac 與 Russell Westbrook，快艇陣容確實稱得上「眾星雲集」。",
        "然而，隨著 Leonard 再次在季後賽倒下，PG 孤掌難鳴，快艇最終以雷聲大雨點小的方式止步首輪。更雪上加霜的是，PG 與球隊的續約談判也陷入僵局。PG 希望獲得比照 Leonard 的長約，但球隊則傾向壓低價碼與年限，為未來的引援與續約預留空間。",
        "「我從沒想過要離開洛杉磯，那裡是我的家。」「但快艇給的續約價碼，讓人感覺有點不尊重。」",
        "最終，在雙方無法達成共識的情況下，PG 決定離開快艇，成為2024年自由市場上最炙手可熱的球星之一。他最終選擇加盟費城七六人，攜手全明星中鋒 Joel Embiid 和後場新星 Tyrese Maxey，力圖填補球隊最欠缺的側翼戰力，將七六人打造成一支無死角的豪華勁旅。",
        "然而，開季的接連傷病卻打亂了七六人的計劃，這支看似強大的三巨頭幾乎無法同場合作。球隊前20場比賽僅取得5勝15負的戰績，淪為東區墊底。",
        "即使隨後傷兵陸續歸隊，球隊的戰績逐漸回穩，但前期過多的失利使得追趕排名變得極為艱難。對於原本充滿期待的2024年，PG 和七六人都不得不接受這份不盡如人意的結果。",
        "只要三巨頭能保持健康並順利完成磨合，七六人依然具備衝擊總冠軍的實力。希望在即將到來的2025年，這個目標能夠如願實現。",
        "要說2024年的討論度，PG 的新隊友 Joel Embiid 絕對不遜色。",
        "作為曾經的年度 MVP 得主，Embiid 是當今 NBA 最具主宰力的中鋒之一。他敢言直率、與網友互嗆的個性，更讓他成為媒體與球迷熱議的焦點。",
        "在 2023 年剛摘下年度 MVP 後，許多人對 Embiid 寄予厚望，期待他在接下來的賽季能成功連莊 MVP，並帶領七六人更上一層樓。然而，進入 2023-24 賽季，Embiid 因傷僅出賽 39 場，並在二月接受手術。雖然趕上了季後賽，但表現大不如前，命中率低迷的他無力挽救球隊，七六人也在首輪慘遭淘汰。",
        "隨後的巴黎奧運，Embiid 又因歸化問題成為輿論焦點，並遭到法國球迷的猛烈噓聲。2022 年，由於 Embiid 擁有喀麥隆、法國和美國的多重國籍，他理論上可以選擇為任一國家隊效力。而法國政府更是在這一年授予他法國公民身份，不少法國球迷期待他披上國家隊戰袍。然而，直到奧運開賽前，Embiid 才宣布將為美國隊出戰，這一決定讓法國球迷倍感失望。在巴黎奧運主場，Embii出場時幾乎全場報以噓聲。",
        "或許是噓聲帶來的心理壓力，也或許是戰術體系的不適應，Embiid 在奧運賽場上的表現平平，缺乏主宰力，起伏不定，甚至可以說掙扎。雖然最終美國隊成功奪金，但這並未為 Embiid 在接棒中生代核心的評價上加分。",
        "到了 2024 年休賽季，Embiid 再度引發爭議。他公開表示為了保護身體，未來將避免出戰背靠背比賽，此話一出，再次引來外界對其職業道德的批評。開季至今，他僅出賽 9 場，這也對七六人的戰力造成不小的影響。",
        "而現在，2024年即將步入尾聲，Embiid 也終於有了足夠的時間進行休養調整。單論實力，健康的 Embiid 無疑是聯盟頂級球星之一。可是，頻繁的傷病與場外的爭議，卻讓人對他是否能真正扛起球隊充滿疑問。",
        "或許，送走2024之後的2025年，將是 Embiid 再次改寫自身評價、帶領球隊前進的一年。",
        "「我們想明確表示，我們不會交易 Butler。」",
        "這句話，來自熱火總管 Pat Riley，為今年後半段自由市場的風風雨雨劃上了一個階段性句點。",
        "自從今年熱火止步首輪以來，有關 Butler 是否會被交易的傳聞就不斷流傳。對於許多渴望補強鋒線球星的球隊而言，這無疑是2024年度最大的消息。",
        "我們從不懷疑 Butler 在關鍵比賽見血封喉的本領，這也是他能在熱火五個賽季，每年都帶領熱火闖進季後賽，甚至兩度叩關冠軍賽的原因。",
        "但是，早已年過30的他在這兩年也出現了明顯的下滑，而且身上大大小小傷勢不斷，熱火雖然一直保持戰力，但也由於整體天賦不足，屢屢倒在季後賽。",
        "無可否認的是，Butler 的拼搏精神和領袖氣質為球隊做出了巨大貢獻。但在如今高不成低不就的狀況下，球團和 Butler 也許都在思考一個問題：彼此的緣分是否走到了盡頭？",
        "如果志在衝冠，那勢必得為這支球隊找到另一位超級巨星。然而，考慮到目前球隊的薪資結構，直接簽約顯然不現實。",
        "但如果要通過交易來實現，熱火過去習慣於從後段選秀中發掘寶藏，現階段也難以拿出吸引人的籌碼。就有點像掏金一樣，雖然掏到了不少有價值的砂金，但要換取對方的金塊，那肯定是不切實際的。",
        "隨著 Butler 選擇不在今年與球隊談論優先續約，明年他將擁有球員選項權，這讓許多球隊開始蠢蠢欲動，眾多交易報價也紛紛出籠。",
        "或許35歲的 Butler 在續航力上會隨著體能逐漸減弱，但只要到了關鍵的季後賽，Butler 確實仍有相當的戰力價值。",
        "隨著2024年即將結束，「Butler 人生」迎來了這一季的結束。但如果熱火想要有所作為，那這絕對不會是終點。",
        "對 Thompson 與他的球迷來說，2024絕對是難忘的一年。",
        "平心而論，自 2018-19 球季經歷重大傷病後，Thompson 的表現便變得極為不穩定。但有一件事從未改變，那就是他那股強烈的好勝心。他渴望向所有人證明，自己仍然是那個準到讓人膽寒的「浪花兄弟」之一。",
        "然而，這份不服輸的心態卻讓他在場上顯得過於急躁，不僅開始出現過去少見的挑釁行為，還常在手感不佳時執意出手，試圖扭轉頹勢。但這樣的做法卻適得其反，不僅未能改善表現，反而令穩定性進一步下滑。",
        "而勇士隊的表現也不像是那支2022年的冠軍之師，僅能在季後賽的邊緣掙扎。這讓非常需要求勝的勇士總教練 Steve Kerr 沒有太多餘裕等 Thompson 調整，只能將其調至板凳，希望他能找到狀態。",
        "可是，這個舉動對 Thompson 的自尊心無疑是一大打擊，即使經過教練團的安撫後，他的表現略有回穩，但昔日全明星等級的射手風采已不再。",
        "起伏的狀態也讓不少球迷對他產生了質疑，尤其是在至關重要的附加賽上10投零中的糟糕表現，更讓他成為勇士無法挑戰季後賽的頭號戰犯。",
        "2024 年 6 月，成為自由球員的 Thompson 取消追蹤勇士官方 IG，並刪除了一些與勇士有關的回憶照片，這舉動引發了外界對他是否將離隊的揣測。不久後，消息確定——他加盟了獨行俠，結束了在勇士長達 13 年的旅程。",
        "來到獨行俠後，Thompson 的進攻順位相較過去在勇士時有所下降。然而，在市場環境相對單純的達拉斯，他的表現不再被過度放大檢視。這樣的轉變似乎讓他逐漸找回自信，狀態也愈加穩定。從 10 月到 12 月，儘管 Thompson 的上場時間逐月減少，但他的場均得分卻持續上升。特別是 12 月的九場比賽中，他場均得分達到 16.2 分，三分命中率更突破 43%。",
        "照此勢頭發展，或許 Thompson 能即將到來的2025年，為自己的職業生涯寫下一個精彩的註解。",
        "第九位並非 NBA 球員，但我認為他值得特別提及——那就是 Popovich。",
        "或許我們的目光多半聚焦在 LeBron 打破 NBA 歷史得分紀錄，並期待他將這項紀錄推向更高峰時，不知不覺間，我們可能忽略了另一位同樣在不斷刷新紀錄的人。",
        "他，正是 Popovich。",
        "同時也是聯盟中年紀最大的總教練。擁有五座總冠軍與一枚奧運金牌的他，執教能力早就不用背書，本該從高壓的工作中抽身，享受含飴弄孫的退休生活。",
        "然而，當不世出的天才 Wembanyama 降臨聖安東尼奧，所有人的目光再次聚焦在 Popovich 身上。大家期待這位 NBA 史上最偉大的教練之一，如何調教這位天賦異稟的球員，並帶領馬刺重返巔峰，迎來下一個輝煌的 20 年。",
        "2024 年，原本被質疑是否能適應 NBA 比賽強度和身體對抗性的 Wembanyama，卻以驚人的表現摘下了新人王與阻攻王的頭銜。同年，馬刺還補進了以高球商著稱的控衛 Chris Paul，讓人更加期待 Popovich 如何在場上與場下全面幫助 Wembanyama 成長，Wemby 本季的成長也確實非常可怕，頗有入選全明星的氣勢。",
        "然而，Popovich 的健康問題卻打亂了這一切的佈局。",
        "「沒有人比幫我復健的人更期待我回來執教，」Popovich 調侃道，「因為我不是個聽話的病人。」",
        "2024-25 球季開季不久，Popovich 就被傳出健康問題，並宣布由助教暫代職務。隨後確診為輕微中風，他不得不進行復健，並需經醫療團隊的許可才能重返球場。儘管他的歸期尚未確定，但人們仍然期盼能在本季再次看到他的身影。",
        "但這也讓人不免感慨，隨著 Popovich 的年齡漸增，他執教的比賽也是看一場少一場啊！",
        "最後要介紹的這位，並不是一名 NBA 球員，或者說，「還」不是 NBA 球員。",
        "2024 年，Cooper Flagg 這個名字幾乎霸佔了上半年美國高中籃球圈的所有話題。他的籃球實力遠超同齡人，先是宣布跳過高四賽季，直接挑戰 NCAA；隨後又在奧運前的熱身賽中，被選入美國隊的陪練隊。",
        "年僅 17 歲的他，面對一眾 NBA 球星毫不畏懼，甚至在比賽中讓美國隊陷入苦戰，僅以 1 分險勝。",
        "這場表現讓 Flagg 的聲勢再度飆升，他也因此被認為是下一屆選秀狀元的頭號熱門。一些本季可能無緣季後賽的球隊，甚至不惜擺爛，只為獲得選中他的機會。",
        "然而，進入 2024 年下半年後，隨著 NCAA 比賽的展開，Flagg 的表現雖然穩定，但未能達到人們對他「主宰級」的預期。他的數據——場均 17 分、9.1 籃板、3.8 助攻、1.7 抄截、1.4 阻攻——依然相當亮眼，但未達誇張水準，也使他的狀元聲勢受到了一定影響。",
        "總的來說，Flagg 已經為自己未來的 NBA 之路奠定了一個非常有利的基礎。他的天賦與潛力，無疑讓人對他的籃球未來充滿期待。",
        "如果要為這十位人物的 2024 年下一個註解，我認為非「證明」莫屬。不論是努力證明自己能帶隊奪冠、證明自己配得上目前的聲望與價值，還是證明自己能夠克服健康問題，他們都在用不同的方式詮釋著這個字的深意。",
        "2024 年，這些名字的故事或許還未完結，而這一年對他們而言，只是旅程中的一章。他們用行動向我們展示了籃球場上不僅僅是比拼技術與榮譽，還有那份渴望超越自我的熱血與初心。",
        "或許，「證明」並不是終點，而是持續成長的動力。2025 年的到來，又會為這些人物帶來什麼樣的新挑戰與故事？讓我們拭目以待。"
    ]
}