{
    "id": "116447",
    "title": "【豬籠草上飛】Jimmy Butler再度傷退，雷霆軍團滅火成功",
    "date": "2024/12/23",
    "topic": "籃球",
    "author_name": "豬籠草",
    "tags": [
        "熱火",
        "傷兵",
        "雷霆",
        "Shai Gilgeous-Alexander",
        "Jimmy Butler"
    ],
    "article-content": [
        "熱火在延長賽輸給活塞後，四連勝中斷，休兵數日，週日(台灣時間12/21)在主場迎接西區龍頭雷霆來襲。雷霆近11戰僅輸一場，即使加上不列入戰績計算的NBA Cup冠軍賽，也是12戰10勝，例行賽六連勝持續中，近況極佳。",
        "獲得充分的休息，又是主場賽事，雖然對手是西區第一的雷霆，熱火仍然有一拚的機會。",
        "比賽初期，Bam Adebayo幾次面框的禁區攻勢，連投帶罰拿7分，配合\"英雄哥\"Tyler Herro的左側三分，開局的氣勢如虹。雷霆由少主Shai Gilgeous-Alexander 和Jalen Williams攜手反攻，雙方互有斬獲，分差維持在一顆球的距離。",
        "比賽的分水嶺出現在第一節倒數4分46秒：Jimmy Butler左腳踝扭傷退場。",
        "見微知著，JB這次的受傷，值得深入的回顧一下：",
        "JB帶球過半場組織進攻，熱火兩名球員Haywood Highsmith、Dru Smith分別往左右底角退，另外兩人(Duncan Robinson和Kevin Love)上高位做無球掩護。",
        "這是熱火常見的進攻戰術，變體很多。",
        "此時持球的JB從右路發動，第一拍乾麵哥被Kenrich Williams貼身防守沒有cut中的機會先往外拉，JB切入後遭到SGA和Luguentz Dort包夾，只能把球短傳給右側三分線外的Highsmith，Highsmith再回給外圍的Love重新組織。",
        "Love在弧頂拿球，原本在同半場的Highsmith和乾麵哥開始移動到左半邊，Love傳球給右側的JB後往禁區準備搶籃板，Dru則一直待在左側底角沒動，第二波的進攻，熱火清單邊給JB單打SGA。",
        "JB左手運球切入，順利吸引原本在左側靠底線盯守的Dort進來補防。進攻時間還剩7秒左右，這時候JB有三個選擇：1.收球後起身投籃，有機會要到犯規2.傳給左側底角的Dru投三分3.給左側45度角的Highsmith有三分出手或跟進切入的空間2或3的站位，對兩位球員來說，都是本季最有把握的位置，JB傳給誰投都很合理。",
        "JB選擇了1.，起跳收球後，看起來傳球路徑最清晰的Dru。",
        "此時，雷霆左半邊僅剩Isaiah Joe一名防守者，離Dru還有兩大步的距離，Dru接球後第一拍沒出手，Joe撲出來補防，Dru下球後往前運一步，連Dort也趕來包夾。切傳的JB已走到原本Highsmith所在的左側45度角三分線外，進攻時間剩5秒。",
        "若Dru球傳準，JB可以自己投三分或轉傳給右側無人防守的乾麵哥，時間上都來得及。",
        "偏偏Dru傳偏了，送了一顆疑似leading pass的球，讓JB只能伸右手去撥，無法穩穩接入手中。此時，從側邊追出來的Dort順勢衝搶，和JB發生肢體碰撞，JB被Dort頂開，落地時左腳勾到對方已直線加速，啟動反快攻的腳尖，落得扭傷退場。",
        "結論是JB又受傷了，上述幾個細節若有更細緻的處理，結果是完全可以避免的。",
        "這場球在我看來，從JB離場後就結束了。",
        "第二節Nikola Jovic的7分，曾短暫替熱火續命。又雷霆本場的投籃命中率也屬一般(86-39，45.3%)，三分線的準度落差比較大一點(熱火40-12：雷霆34-14)，所以雙方半場的差距僅3分(50:47)，最終的比分104:97，也是低比分的勝負局。",
        "熱火受限於雷霆的輪轉防守，外線找不到準星，少了JB，第三和第四節沒有更多武器可以追分，雷霆靠著防守和不時有人跳出來的三分冷箭，後兩節比賽硬是比熱火表現得更好一點。",
        "熱火這邊，英雄哥全場28分12籃板5助攻3抄截，勉強和SGA互相抵消，但雷霆還有Jalen的遠投近切豪取33分，與三分球5-4的Dort，以及13分18籃板的熱火老對手Isaiah Hartenstein；Bam雖然開局很猛，頭尾兩節各拿7分，中段卻神隱，合計17分10籃板，失誤高達6次。",
        "雷霆團隊戰力完整，Mark Daigneault執教第五季，去年拿下年度最佳教練。本季賽前是21勝5負，西區龍頭，多項防守數據領先全聯盟，有六位球員場均抄截超過1次，SGA-1.96(4)、Jalen-1.92(5)、Cason Wallace-1.69(11)和場均1.89次的Alex Caruso(因場次不足，未入排行榜)，每場僅讓對手得103.3分，得失分差達12分。",
        "今年的雷霆跟去年差在哪？從這場比賽可以深刻體會到Caruso和Hartenstein的加盟，如何強化外圍防守和內線深度，讓雷霆的強度更上一層樓。",
        "Caruso的數據除了抄截外並不亮眼，投籃命中率甚至創新低，但關鍵時刻就是能作出冷靜而明確的選擇，防守壓制性完全超脫帳面上的價值。",
        "Hartenstein透過積極的搶籃板，製造第二波進攻機會，讓雷霆的得分好手們有多舒服，自不待言。尤其是主力中鋒Chet Holmgren僅打10場就因臀部傷勢進傷兵名單，Hartenstein的即時回歸，瞬解燃眉之急，讓雷霆仰賴主力陣容年輕有力，有充沛體能來維持高速輪轉的鐵壁防守策略可以持續運作。雖然沒有三分外線有點可惜，Hartenstein已證明自己來到西區一樣好用。",
        "好話都說完了，雷霆真的無堅不摧了嗎？那也不一定。",
        "季中錦標賽(NBA Cup)的冠軍賽(97:81，雷霆慘敗，下半場僅得31分，團隊三分32-5)，公鹿示範怎麼靠字母哥強打內線，讓雷霆束手無策。突顯出Holmgren對球隊的重要性，只剩Hartenstein的禁區防線，一旦碰到坦克硬輾，是有可能陷入犯規麻煩或被完爆的。",
        "攤開雷霆的主力輪替陣容，扣除兩名中鋒和久傷未癒的Jaylin Williams，身高超過200公分的僅Kenrich Williams一人而已(法國籍的前鋒Ousmane Dieng有6'10\"，但已一個月左右沒上場，不在輪替內)，彷彿是當年暴龍側翼海的高配版本。",
        "雖然Jalen和Dort體格算壯碩，但當JB這種不畏懼身體碰撞，樂於製造犯規的球員或者字母哥這樣的怪物體格強攻時，原本高速輪轉的跟防、換防、補防、協防，就不是難以突破的高牆，連帶著外線空檔也會出現。",
        "兩隊明年2月還有一次交手的機會，JB是否還會穿著熱火球衣，快意復仇，到時候見真章。",
        "【封面圖片來源：@The_ThunderWire 】",
        "【內文圖片來源：@MiamiHEAT 】",
        "更多關於熱火的討論："
    ]
}