{
    "id": "116444",
    "title": "《2024-25 芝加哥公牛例行賽戰報》G27 傷兵陣對決公牛險遭暴龍逆轉",
    "date": "2024/12/21",
    "topic": "籃球",
    "author_name": "AhUtopian/烏托邦/余大",
    "tags": [
        "Nikolavucevic",
        "Torontoraptors",
        "JakobPoeltl",
        "LonzoBall",
        "RJBarrett",
        "joshgiddey",
        "每天公牛撞一下",
        "BullsH1T",
        "華文公牛第一寫手",
        "GradeyDick",
        "JulianPhillips",
        "BullsRaptors",
        "202425芝加哥公牛例行賽戰報",
        "JamalSheed",
        "JonathanMogbo",
        "DarkoRajakovic",
        "TalenHortenTucker"
    ],
    "article-content": [
        "本季走向重建、飽受傷兵困擾的多倫多暴龍，在缺乏 Scottie Barnes 跟 Immanuel Quickley 的情況下，主場迎戰缺少 Zach LaVine 的芝加哥公牛，在前三節持續落後的情況下，第四節追趕未成，以122-121 一分敗給公牛。",
        "整場比賽的分水嶺，自然是從這場表現十分精采的 Josh Giddey 在第三節 4:49 時，撲防三分出手的 Gradey Dick 時，為了避免 Dick 落下時會踩到自己的腳，緊急煞車收力不及、自己扭到的那一刻。",
        "這球我覺得反映 Giddey 蠻值得讚賞的個人特質，其實在許多比賽中，能感受得到 Giddey 在一些碰撞跟犯規發生後的態度，跟像 Patrick Beverley 這類型的反應是屬於天秤的兩端。",
        "很可惜 Giddey 提早下場，不然應該是可以穩穩地收下本季第二次的大三元，在 Giddey 下場後，已經沒有 LaVine 出賽的公牛，完全失去本季習慣的進攻模式兩大啟動者後，在第四節最後決勝期進攻效率減低，被蠶食鯨吞、險些敗陣。",
        "希望 Giddey 傷勢不嚴重，在最近幾場比賽，有明顯看到 Giddey 攻防兩端一些解決既有問題的嘗試，也有收到一定的效果。",
        "時間｜23:52得分｜11投籃｜3/4籃板｜9助攻｜8抄截｜2火鍋｜1",
        "即便 R.J.Barrett 在第二節單節得到 12 分，但前兩節公牛都還能控制暴龍的單節得分在 25 分，只是公牛自己第二節就有進攻熄火問題，只拿到 20 分，多虧了 Julian Phillips 單節 3 投全進、得到 7 分，公牛這場板凳五個人得分都在7 分以上，還包含三個人得分雙位數。",
        "第三節其實公牛憑藉6/11 的三分，對上三分僅有 1/4 的暴龍，重新將比分差距拉開，但是本季意外在傷兵留下的上場時間、率先挺身而出接下挑戰的 Dick ，在暴龍第三節初也失去 Jakob Poeltl 的情況下，衝出來拿下單節10 分的表現讓暴龍沒有走遠，更在第四節拿下 13 分，與單節打滿、拿下 7 分的 Barrett ，還有意外打滿單節、拿下 10 分的 Jamal Sheed 差點完成逆轉。",
        "其中一個關鍵，暴龍的總教練 Darko Rajakovic 在第四節，大量地以 Jonathan Mogbo 作為小球中鋒，讓公牛的三分單節 1/8 熄火，即便公牛試圖用 Lonzo Ball 來塞球給 Vucevic ，但除了 Talen Horten-Tucker 外，本場缺乏其他人能在半場進攻切入、破壞的狀況，也是頗為明顯。",
        "季初比較好奇的 Davion Mitchell ，防守端讓人印象深刻，但沒能在進攻端有所展現，而本季之前只從數據上驚訝的 Dick ，實際看到比賽內容之後，在得分的手法上有些讓我聯想到 Franz Wagner ，只是更著重於進攻終結而非組織發起進攻；而 Barrett 也在大量球權的餵養下，對於空間感的收縮掌握，有很大的長進，重新頂高自己的天花板。"
    ]
}