{
    "id": "116435",
    "title": "NBA》Jalen Suggs傷退！魔術苦戰拚搏，卻難擋雷霆攻勢",
    "date": "2024/12/20",
    "topic": "籃球",
    "author_name": "業餘魔術師",
    "tags": [
        "奧蘭多魔術",
        "奧克拉荷馬雷霆",
        "Orlandomagic",
        "Oklahoma City Thunder",
        "Jalen Suggs"
    ],
    "article-content": [
        "缺少雙星的魔術在主場碰上聯盟強權雷霆，本就是場硬仗，然而很不幸的，魔術所倚仗的後場主力Jalen Suggs，在比賽途中又受到腳踝傷勢，頓失三大核心的魔術處境艱難無比，但即便如此，他們也並未放棄，打出了令人敬佩的比賽內容。",
        "固然魔術在主場有著10-1的優秀戰績，但雷霆整體陣容依舊更為完整，防守端還能說是平分秋色，進攻端就相差甚遠了，魔術在進攻上處於顯著劣勢。",
        "從比賽內容來看，魔術從開局便失誤連連，整場發生了多達18次失誤，且多數皆非受到對手影響，而是隊友間的溝通出錯，或自身判斷失準，而發生的大量傳球失誤，送出了相當多球權機會給對手反擊，也讓魔術難以把握追分機會、氣勢。",
        "上半場魔術主要依賴於禁區餵球單打，雙塔陣型與積極的進攻意識，讓WCJ能不斷對位到身材劣勢的對手進行大打小的錯位背框單打，但此招數的成效也很早就受到限制，除了對手快速的進行包夾應對外，還有魔術的外圍球員在傳球準度和判斷上的不精準，WCJ自己在這方面也並不是很具經驗，最後導致失誤出現，影響進攻成效。",
        "第三節對魔術來說悲喜交加，上半場就受到腳踝傷勢的Jalen Suggs，硬是在下半場復出後，多次在比賽中受到碰撞，而出現明顯跛腳、無法正常跑動的情況，即使Jalen Suggs本人相當不願意，和教練有明顯的抗議舉動，但教練團也只得強迫其換下場休息，魔術也因此少掉僅剩的核心球員。",
        "值得佩服的除了Jalen Suggs的拼戰精神，還有後續接替上場的球員們，不但沒有因此消沉，還逆風而行，打出本場的最佳表現，魔術就在這最艱難的時刻，打出22-3的攻勢，一舉拉近比分差距。",
        "而其背後的原因主要有二，一是接替上場的Anthony Black打出非常積極的進攻慾望，多次切入挑戰對手成功或拋投得分，撐起魔術在持球者上的空缺，二是Goga Bitadze打出了禁區優勢，本就有身材優勢只是苦於自主下球能力缺乏的他，突然異軍突起，更加積極的下球突破禁區，而對手也被這突如其來的奇招所震驚，一時來不及應對，讓魔術藉此取得關鍵的分數。",
        "但奇招終究只是一時的，隨著時間拉長，魔術缺少持球手的負面影響越來越大，也未能擺脫伴隨整場的失誤困擾，加上無法限制SGA的巨星破壞力，分差慢慢的被雷霆再度拉開，也就此遺憾落敗。",
        "對魔術來說，本場完全展現了何謂團隊文化、拼戰精神，Jalen Suggs受到大傷依舊堅持上場拼搏、接替的球員們個個都竭盡所能的拼戰，讓對手即使在如此情況下依舊需要歷經一段苦戰才能取得勝利，固然職業運動就是看結果說話，但魔術全隊所展現出的精神，想必已經感動到了支持他們的球迷。",
        "下場比賽為臺灣時間12/22主場迎戰Miami Heat",
        "個人看法，歡迎留言討論。"
    ]
}