{
    "id": "116428",
    "title": "《極度專注所收穫的51分復仇勝利》-灰熊對勇士戰報",
    "date": "2024/12/20",
    "topic": "籃球",
    "author_name": "Grindcity",
    "tags": [
        "勇士",
        "灰熊",
        "Grizzlies",
        "JaMorant",
        "Memphis Grizzlies"
    ],
    "article-content": [
        "灰熊本場對Stephen Curry無球進攻的防守可謂是無懈可擊，Jaylen Wells和Ja Morant都時刻留意周邊的掩護何時到來、蹲下半身準備繞過掩護，在這種極高專注度的防守下Curry難以擺脫防守，全場7投0中、只以罰球收下2分，這絕對是我近年看過限制Curry最成功的其中一次。",
        "勇士想要解放Curry就必須先在灰熊的防守中鑿開一個洞，只不過新援Dennis Schroder並沒有如期望般成為第二持球點，反倒是在失去Cameron Johnson和DFS的空間掩護下，自己也沉落在灰熊從外到內密不透風的防守中，好幾球想強行切進來放籃都被嚴重干擾，在勇士的首秀只交出12投2中、4失誤的成績。",
        "即使Jaren Jackson Jr在開局數分鐘就因2犯暫時退場， 但Brandon Clarke和Santi Aldama都仍能提供優秀的護框表現，甚至兩人一攻一守地摘下多球籃板，讓勇士上半場只有6分禁區得分。",
        "灰熊全場共11個抄截也不足以呈現出灰熊的防線有多密不透風，多次透過Deflections化解Drive and Kick，負責運轉勇士體系的Draymond Green全場0分0籃板0助攻4失誤4犯規，跟在Podcast稱他“Soft”的Zach Edey對抗中敗下來讓他漸漸失去理智，令勇士只能靠著Andrew Wiggins的接應得到零星的分數，整體的進攻流暢度真的很不像勇士。",
        "灰熊是聯盟中其中一支最擅長由防守連帶進攻的球隊，當上半場的勇士只有23.4%的總命中率，灰熊不斷推節奏所產生的傷害就更大。",
        "更別說今天灰熊在陣地戰的進攻也是無往不利，持續切入都讓勇士過度收縮協防，勇士的防守輪轉也是異常地差，上一次對決灰熊的三分投射手感低落，但今天的灰熊是三倍奉還，終讓勇士付出沉重的代價，灰熊全場以56.3%的命中率轟進27球三分，包括Aldama和Jake LaRavia都在上半場多次把握空檔。",
        "上半場灰熊只有兩人錄得超過十分，但真·超多點開花根本守不了，半場領先31分的灰熊並沒鬆懈，第三節由三巨頭領頭連取12分，Edey再投進一記三分球已經快要殺死比賽，灰熊亦持續加壓防守並維持三分火力。",
        "雖然勇士分別祭出1-3-1區域聯防、亦讓Jonathan Kuminga嘗試從中路持球切入創造Paint touch，但這些招數都被灰熊輕鬆拆掉，第三節打完灰熊已經領先52分，讓比賽提前結束。",
        "今天灰熊雖有Marcus Smart和Jay Huff因傷缺陣，而Ja Morant原本就因為下背酸痛而被列為Questionable，在第三節早段摔一摔也沒再上場，但灰熊此戰在攻守兩端的專注度完全是從上一戰對湖人糟糕的狀態中強勢反彈，全場都掌握着節奏、最終大勝勇士足足51分。",
        ".",
        "------",
        "------",
        "."
    ]
}