{
    "id": "116414",
    "title": "《NBA Cup》公鹿籤運助攻瑕不掩瑜 球星聯手、大型鋒線仍是奪冠方程式",
    "date": "2024/12/19",
    "topic": "籃球",
    "author_name": "EdotTdot_4",
    "tags": [
        "密爾瓦基公鹿",
        "奧克拉荷馬城雷霆",
        "Shai Gilgeous-Alexander",
        "Jalen Williams",
        "Damian Lillard",
        "Giannis Antetokounmpo",
        "Isaiah Hartenstein",
        "NBA Cup"
    ],
    "article-content": [
        "雷霆上半場有效執行賽前制定的策略，屢次把握Early Offense對方立足未穩的機會偷襲，並利用公鹿面對擋拆以Drop Coverage為主、中鋒比較沉退的特點，發動擋拆或由長人到弧頂handoff，不僅擔任擋拆持球者的Shai Gilgeous-Alexander、Jalen Williams在繞過掩護後有遼闊的出手空間，作為rollman的Isaiah Hartenstein也能透過拋投教訓對手，三人上半場得分都達到雙位數。防守端雷霆表現同樣優異，藉由區域聯防帶包夾的佈陣，阻擋Antetokounmpo直搗黃龍。",
        "雖然臨場應變能力始終是公鹿總教練Doc Rivers為人詬病之處，但這場比賽公鹿下半場調整來得非常及時，讓長人更積極攻擊籃框。由於上半場Antetokounmpo從外圍面框切入的的效果都不好，下半場教練團便安排他和Bobby Portis到elbow或低位持球，一旦對手協防，外圍射手便能得到空檔，若雷霆未協防，因為接球的位置距離籃框不是太遠，所以他們也能夠以背框的方式磨到籃下。",
        "至於防守端，觀察到雷霆此役外圍手感不佳，前兩節三分球17投1中，於是公鹿在下半場將防守圈內縮，並讓中鋒在後兩節參與換防，不讓雷霆的持球者直接在繞過掩護後出手，Hartenstein下滑接球後的出手空間也很狹窄。加上Luguentz Dort和Jalen Williams等人，切傳決策判斷不夠成熟，往往切得太深才勉強選擇傳球，影響半場陣地戰運作。",
        "除此之外，就這兩年的季中錦標賽戰局發展看來，大型鋒線似乎也是其中一項關鍵因素。如同去年湖人靠著LeBron、Davis和八村塁，輾壓Pascal Siakam尚未加入前的溜馬，而今年的小球代表雷霆，再次不敵擁有身材優勢的公鹿，顯示出大型鋒線仍是當今籃壇最吃香的球員類型，也是在NBA Cup爭冠的重要因子。",
        "某種程度來說，公鹿能夠奪冠和籤運有些關係，小組賽交手四支球伍，活塞、暴龍都是重建球隊，溜馬和熱火陣中各自有些傷兵，開季狀況也都不佳，這個分組只有熱火勝率超過五成，但也不過54.2%（13勝11敗），接著八強賽面對的魔術少了兩大核心主力Paolo Banchero和Franz Wagner，老鷹、雷霆都主打小球，內線戰力相對薄弱，幾乎無人可抵抗由Antetokounmpo、Brook Lopez和Portis組成的公鹿禁區。",
        "當然對志在總冠軍的隊伍，在NBA Cup取得成功無須過度欣喜，去年的集中錦標賽四強隊伍中，只有溜馬晉級東區決賽，公鹿、湖人則先後更換總教練。如何延續氣勢，持續做好整合，備戰季後賽仍是公鹿的當前課題。",
        "※本文所有數據截至台灣時間2024年12月18日晚上八點",
        "🥇推薦閱讀："
    ]
}